Command: C:\Espressif\tools\python\v6.0.1\venv\Scripts\python.exe C:\esp\v6.0.1\esp-idf\tools/idf_monitor.py -p COM8 -b 115200 --toolchain-prefix riscv32-esp-elf- --target esp32c6 --revision 0 --decode-panic backtrace C:\Users\xiele\Documents\RingFusion\firmware-esp\build\ringfusion_tmf8829.elf C:\Users\xiele\Documents\RingFusion\firmware-esp\build\bootloader\bootloader.elf --force-color -m 'C:\Espressif\tools\python\v6.0.1\venv\Scripts\python.exe' 'C:\esp\v6.0.1\esp-idf\tools\idf.py' '-p' 'COM8'
ESP-ROM:esp32c6-20220919
Build:Sep 19 2022
rst:0x15 (USB_UART_HPSYS),boot:0x6f (SPI_FAST_FLASH_BOOT)
Saved PC:0x40804498
SPIWP:0xee
mode:DIO, clock div:2
load:0x40875730,len:0x1748
load:0x4086b910,len:0xe84
load:0x4086e610,len:0x3208
entry 0x4086b91a
[0;32mI (23) boot: ESP-IDF v6.0.1 2nd stage bootloader[0m
[0;32mI (23) boot: compile time Jul 15 2026 21:50:38[0m
[0;32mI (23) boot: chip revision: v0.2[0m
[0;32mI (24) boot: efuse block revision: v0.3[0m
[0;32mI (24) boot.esp32c6: SPI Speed      : 80MHz[0m
[0;32mI (24) boot.esp32c6: SPI Mode       : DIO[0m
[0;32mI (25) boot.esp32c6: SPI Flash Size : 2MB[0m
[0;32mI (25) boot: Enabling RNG early entropy source...[0m
[0;32mI (25) boot: Partition Table:[0m
[0;32mI (25) boot: ## Label            Usage          Type ST Offset   Length[0m
[0;32mI (26) boot:  0 nvs              WiFi data        01 02 00009000 00006000[0m
[0;32mI (26) boot:  1 phy_init         RF data          01 01 0000f000 00001000[0m
[0;32mI (27) boot:  2 factory          factory app      00 00 00010000 00100000[0m
[0;32mI (28) boot: End of partition table[0m
[0;32mI (28) esp_image: segment 0: paddr=00010020 vaddr=42020020 size=0dcc8h ( 56520) map[0m
[0;32mI (39) esp_image: segment 1: paddr=0001dcf0 vaddr=40800000 size=02328h (  9000) load[0m
[0;32mI (42) esp_image: segment 2: paddr=00020020 vaddr=42000020 size=184b4h ( 99508) map[0m
[0;32mI (61) esp_image: segment 3: paddr=000384dc vaddr=40802328 size=076dch ( 30428) load[0m
[0;32mI (68) esp_image: segment 4: paddr=0003fbc0 vaddr=40809a10 size=01aa4h (  6820) load[0m
[0;32mI (72) boot: Loaded app from partition at offset 0x10000[0m
[0;32mI (73) boot: Disabling RNG early entropy source...[0m
[0;32mI (74) cpu_start: Unicore app[0m
[0;32mI (82) cpu_start: Pro cpu start user code[0m
[0;32mI (82) cpu_start: cpu freq: 160000000 Hz[0m
[0;32mI (82) app_init: Application information:[0m
[0;32mI (83) app_init: Project name:     ringfusion_tmf8829[0m
[0;32mI (83) app_init: App version:      72626cb[0m
[0;32mI (83) app_init: Compile time:     Jul 15 2026 21:50:24[0m
[0;32mI (84) app_init: ELF file SHA256:  b588e164d...[0m
[0;32mI (84) app_init: ESP-IDF:          v6.0.1[0m
[0;32mI (84) efuse_init: Min chip rev:     v0.0[0m
[0;32mI (84) efuse_init: Max chip rev:     v0.99 [0m
[0;32mI (84) efuse_init: Chip rev:         v0.2[0m
[0;32mI (85) heap_init: Initializing. RAM available for dynamic allocation:[0m
[0;32mI (85) heap_init: At 4080E5F0 len 0006E020 (440 KiB): RAM[0m
[0;32mI (85) heap_init: At 4087C610 len 00002F54 (11 KiB): RAM[0m
[0;32mI (85) heap_init: At 50000000 len 00003FE8 (15 KiB): RTCRAM[0m
[0;32mI (86) spi_flash: detected chip: generic[0m
[0;32mI (87) spi_flash: flash io: dio[0m
[0;33mW (87) spi_flash: Detected size(8192k) larger than the size in the binary image header(2048k). Using the size in the binary image header.[0m
[0;32mI (88) sleep_gpio: Configure to isolate all GPIO pins in sleep state[0m
[0;32mI (88) sleep_gpio: Enable automatic switching of GPIO sleep configuration[0m
[0;32mI (90) main_task: Started on CPU0[0m
[0;32mI (90) main_task: Calling app_main()[0m
[0;32mI (90) TMF8829_APP: RingFusion LightRanger 14 / TMF8829 bring-up[0m
[0;32mI (90) TMF8829_APP: Pins: SDA=GPIO6, SCL=GPIO7, INT=GPIO4, EN=GPIO5[0m
[0;32mI (90) TMF8829_SHIM: I2C initialized: SDA=GPIO6 SCL=GPIO7 clock=1000000 Hz[0m
pwup ENABLE=0x84
[0;32mI (100) TMF8829_APP: Downloading TMF8829 RAM firmware (14032 bytes)...[0m
[0;32mI (260) TMF8829_APP: Firmware 1.2.194.0 | chip 158.1 | serial 0x004D4612[0m
[0;32mI (260) TMF8829_APP: 48x32 ranging started. Raw official-driver result frames follow.[0m
TMF8829_FRAME_HEADER,0,220,132,0,0,21,1,24,9,1,0,0,0,70,72,70,83,206,5,213,5,PAYLOAD,195,8,74,214,3,52,2,4,79,14,4,91,7,4,97,232,3,102,0,4,107,14,4,101,15,4,91,24,4,89,42,4,80,32,8,11,243,8,78,172,8,74,41,7,54,6,9,76,200,8,31,24,8,64,205,7,56,25,7,14,207,7,59,170,7,68,55,8,25,56,8,27,59,8,70,95,8,60,207,8,60,75,10,74,166,10,67,198,10,66,230,10,54,59,9,41,18,9,28,54,3,45,21,3,45,65,3,47,125,3,32,125,3,52,141,3,52,89,13,57,186,13,46,245,13,47,61,3,44,70,3,19,25,3,30,34,3,40,229,2,29,21,3,61,156,8,66,175,3,55,24,4,80,254,3,95,11,4,105,244,3,115,249,3,118,245,3,109,242,3,97,8,4,91,29,4,86,242,3,24,154,7,47,159,8,72,189,6,102,206,8,64,8,9,77,178,3,74,228,3,72,69,4,75,145,4,68,108,4,64,129,4,66,98,4,74,226,3,76,200,3,77,176,3,64,17,4,61,96,4,89,65,4,89,86,4,92,73,4,96,32,4,106,45,4,108,253,3,104,249,3,111,241,3,106,233,3,113,249,3,100,229,3,30,205,3,74,224,3,70,206,3,80,105,3,73,85,3,75,76,3,76,63,3,75,99,3,73,144,8,45,130,8,52,248,3,77,29,4,51,7,4,103,220,3,121,230,3,148,19,4,132,223,3,100,37,4,102,29,4,99,222,3,67,0,0,0,61,5,45,202,4,36,53,4,73,3,4,101,200,3,115,204,3,103,193,3,92,250,3,98,72,4,94,117,4,91,110,4,105,89,4,111,41,4,117,237,3,89,230,3,109,37,4,112,49,4,117,5,4,118,237,3,112,217,3,112,210,3,113,213,3,112,213,3,113,230,3,115,37,4,109,12,4,111,39,4,99,34,4,113,39,4,110,243,3,84,194,3,45,139,3,69,99,3,69,63,3,68,90,3,60,0,0,0,0,0,0,204,2,63,239,2,66,48,3,40,96,3,94,118,3,108,72,3,80,16,3,74,60,3,80,210,2,74,39,3,78,249,2,63,250,2,72,198,4,78,200,4,69,73,4,91,15,4,90,236,3,100,194,4,88,210,4,85,90,4,90,131,4,86,48,4,89,153,3,100,118,3,110,169,3,97,7,4,106,46,4,109,90,4,110,49,4,106,33,4,108,12,4,93,245,3,116,233,3,116,224,3,115,1,4,106,233,3,100,209,3,92,254,3,64,33,4,96,245,3,88,183,3,56,55,3,42,71,3,45,11,3,70,219,2,73,184,1,67,202,1,40,203,1,78,235,1,87,33,2,98,67,2,96,171,2,97,173,2,96,162,2,87,122,2,95,32,2,94,247,1,92,187,1,76,129,1,100,123,1,91,120,1,95,138,1,73,127,1,92,180,1,93,177,1,98,123,1,97,127,1,60,133,1,98,123,1,97,111,1,98,73,1,103,64,1,100,104,1,100,119,1,99,115,1,89,138,1,102,10,2,103,33,2,98,121,2,85,142,2,108,165,2,103,205,2,75,6,3,99,222,2,87,62,2,86,110,2,97,205,2,96,29,2,92,194,1,89,186,1,82,194,1,81,199,1,82,136,1,78,155,1,73,91,1,101,73,1,105,81,1,108,55,1,111,76,1,113,81,1,91,85,1,112,75,1,90,56,1,116,65,1,116,31,1,111,39,1,115,35,1,116,44,1,111,49,1,100,39,1,112,0,1,111,10,1,121,26,1,117,27,1,112,15,1,116,22,1,80,5,1,111,5,1,110,18,1,117,254,0,83,38,1,80,3,1,118,21,1,113,21,1,117,40,1,116,32,1,116,24,1,112,27,1,90,38,1,116,98,1,112,71,1,121,78,1,103,42,1,108,71,1,96,42,1,117,47,1,114,71,1,107,34,1,100,50,1,101,72,1,99,72,1,90,72,1,90,7,1,120,0,1,123,245,0,131,242,0,108,231,0,129,240,0,130,229,0,132,227,0,132,240,0,107,246,0,116,215,0,132,231,0,132,218,0,128,219,0,132,220,0,124,215,0,127,197,0,131,205,0,128,246,0,133,203,0,91,192,0,127,205,0,128,199,0,131,200,0,126,219,0,134,230,0,129,198,0,129,220,0,128,211,0,127,220,0,108,219,0,117,206,0,128,230,0,132,222,0,132,230,0,131,238,0,131,254,0,116,222,0,131,250,0,126,235,0,129,219,0,104,242,0,122,251,0,108,243,0,85,22,1,118,18,1,113,246,0,114,26,1,99,223,0,136,193,0,124,177,0,135,199,0,112,201,0,143,177,0,143,189,0,114,195,0,144,207,0,140,194,0,140,187,0,144,156,0,111,185,0,140,171,0,150,192,0,109,170,0,145,168,0,141,163,0,145,194,0,146,159,0,146,160,0,145,185,0,103,155,0,144,152,0,138,195,0,142,206,0,145,178,0,141,206,0,144,191,0,144,170,0,144,175,0,144,178,0,140,178,0,140,178,0,144,186,0,143,186,0,143,210,0,140,182,0,144,174,0,143,183,0,138,215,0,142,186,0,139,199,0,141,226,0,130,191,0,129,237,0,127,224,0,103,251,0,110,198,0,146,195,0,148,176,0,150,183,0,152,188,0,153,174,0,153,195,0,154,173,0,117,173,0,154,168,0,160,177,0,154,157,0,154,185,0,155,175,0,155,163,0,160,171,0,156,173,0,161,146,0,152,170,0,152,151,0,156,156,0,161,165,0,155,155,0,131,159,0,148,182,0,157,162,0,156,150,0,152,159,0,157,166,0,156,166,0,152,166,0,161,171,0,138,162,0,151,171,0,155,162,0,155,165,0,155,178,0,155,158,0,150,174,0,154,175,0,153,186,0,151,165,0,141,188,0,146,187,0,143,192,0,126,224,0,135,4,1,130,240,0,123,171,0,153,177,0,158,150,0,155,165,0,160,143,0,148,136,0,157,155,0,158,140,0,158,141,0,162,151,0,168,149,0,162,130,0,158,139,0,159,144,0,163,137,0,159,155,0,130,137,0,149,133,0,170,134,0,161,128,0,153,120,0,159,146,0,163,139,0,130,140,0,146,160,0,165,128,0,160,148,0,145,147,0,170,127,0,164,122,0,164,139,0,160,151,0,164,134,0,164,151,0,159,135,0,164,142,0,159,151,0,155,138,0,158,142,0,162,135,0,166,138,0,159,154,0,156,180,0,154,180,0,150,187,0,146,213,0,141,211,0,134,224,0,129,139,0,164,141,0,165,126,0,172,126,0,168,143,0,173,112,0,168,127,0,161,101,0,168,109,0,164,110,0,175,111,0,169,104,0,161,104,0,166,120,0,169,86,0,140,110,0,170,99,0,171,104,0,171,110,0,170,95,0,170,99,0,169,119,0,169,125,0,167,121,0,131,111,0,171,98,0,171,98,0,171,96,0,171,104,0,171,96,0,166,125,0,170,88,0,171,80,0,170,96,0,151,92,0,170,116,0,170,115,0,170,91,0,174,90,0,163,122,0,167,127,0,164,122,0,158,155,0,160,151,0,151,162,0,151,200,0,145,187,0,135,204,0,133,111,0,165,89,0,154,97,0,171,95,0,172,85,0,172,82,0,173,75,0,169,101,0,149,69,0,168,84,0,179,77,0,163,66,0,174,71,0,180,69,0,174,62,0,174,71,0,175,57,0,174,49,0,175,73,0,170,63,0,174,64,0,174,70,0,169,107,0,171,99,0,175,68,0,176,60,0,175,72,0,175,71,0,175,63,0,181,50,0,171,74,0,180,46,0,170,42,0,179,83,0,170,54,0,174,50,0,179,59,0,179,70,0,173,90,0,143,111,0,141,87,0,164,110,0,165,136,0,136,156,0,158,163,0,122,195,0,148,182,0,123,186,0,132,80,0,135,73,0,175,66,0,181,34,0,181,40,0,171,32,0,176,46,0,177,36,0,177,32,0,182,38,0,177,12,0,177,12,0,173,38,0,177,27,0,177,32,0,183,36,0,152,32,0,184,18,0,158,27,0,177,41,0,177,38,0,176,75,0,176,69,0,174,86,0,168,27,0,178,43,0,174,30,0,174,25,0,156,32,0,174,17,0,162,32,0,174,8,0,174,32,0,183,27,0,174,35,0,177,15,0,177,51,0,177,47,0,176,54,0,150,59,0,169,74,0,160,107,0,164,115,0,165,138,0,162,151,0,157,173,0,151,176,0,112,187,0,139,60,0,176,37,0,177,5,0,183,7,0,178,41,0,184,14,0,171,6,0,183,7,0,177,0,0,178,0,0,178,0,0,154,0,0,184,0,0,179,0,0,184,0,0,179,0,0,185,0,0,185,0,0,179,0,0,179,45,0,174,0,0,177,36,0,177,38,0,175,77,0,169,13,0,186,0,0,186,0,0,180,0,0,180,0,0,185,0,0,185,0,0,179,0,0,169,0,0,185,1,0,180,0,0,179,0,0,185,21,0,184,0,0,183,24,0,169,39,0,175,67,0,145,83,0,176,107,0,173,122,0,163,147,0,164,176,0,149,176,0,152,163,0,137,31,0,182,13,0,178,18,0,178,38,0,179,0,0,178,0,0,178,14,0,178,0,0,184,0,0,179,0,0,165,0,0,184,7,0,184,0,0,184,0,0,184,0,0,179,9,0,164,0,0,179,0,0,185,0,0,184,12,0,177,0,0,171,38,0,176,40,0,180,72,0,159,12,0,186,0,0,180,0,0,186,0,0,180,0,0,180,0,0,186,0,0,166,0,0,186,0,0,176,0,0,180,0,0,179,0,0,178,0,0,183,0,0,177,6,0,168,43,0,180,39,0,172,54,0,175,107,0,168,118,0,163,122,0,142,169,0,153,153,0,147,149,0,142,71,0,172,21,0,173,42,0,173,3,0,183,8,0,183,42,0,183,40,0,178,13,0,167,0,0,167,12,0,157,21,0,178,18,0,178,6,0,184,0,0,178,4,0,160,0,0,152,16,0,178,0,0,173,14,0,182,23,0,171,48,0,141,51,0,174,69,0,177,94,0,169,0,0,175,0,0,186,0,0,180,0,0,185,0,0,179,0,0,180,0,0,186,0,0,185,0,0,176,0,0,169,0,0,184,0,0,178,28,0,184,0,0,158,36,0,176,47,0,180,67,0,172,83,0,158,89,0,166,129,0,161,132,0,120,155,0,151,151,0,141,158,0,141,69,85,0,0,199,122,0,0,1,0,247,224,
TMF8829_FRAME_HEADER,0,7,178,0,0,21,65,24,9,2,0,0,0,70,72,70,83,220,5,220,5,PAYLOAD,134,8,76,68,8,54,231,3,76,237,3,92,230,3,96,221,3,102,240,3,106,221,3,104,223,3,93,247,3,86,3,4,80,114,3,54,127,8,71,68,8,78,170,6,84,185,8,71,173,8,74,200,7,64,133,7,65,167,7,67,214,6,51,241,6,51,244,6,63,220,6,57,131,7,45,42,8,68,170,8,57,8,10,65,40,10,67,122,10,57,188,3,54,200,3,74,220,3,74,239,3,76,236,3,86,243,3,88,220,3,94,197,3,109,255,3,90,5,13,55,12,3,42,97,3,34,61,3,48,93,3,72,252,2,42,213,2,32,4,3,41,241,2,70,82,8,60,121,8,62,236,3,82,230,3,91,233,3,103,206,3,114,221,3,95,228,3,110,219,3,99,251,3,99,6,4,92,168,3,57,0,0,0,0,0,0,15,6,61,240,3,72,143,3,82,157,3,84,189,3,91,205,3,85,253,3,78,65,4,79,57,4,57,110,4,72,75,4,97,243,3,102,220,3,106,239,3,108,61,4,95,57,4,96,21,4,100,14,4,104,240,3,105,239,3,110,220,3,111,209,3,113,204,3,75,251,3,102,247,3,104,239,3,85,255,3,59,247,3,100,200,3,80,132,3,72,112,3,71,94,3,72,49,3,73,49,3,77,0,0,0,0,0,0,70,3,66,141,3,44,152,3,88,136,3,106,191,3,110,222,3,91,182,3,96,120,3,78,147,3,78,88,3,70,167,2,67,196,4,54,5,5,79,155,4,84,62,4,97,197,3,105,247,3,103,157,4,97,250,3,88,76,4,90,42,4,95,242,3,64,185,3,109,151,3,74,143,3,114,247,3,112,31,4,114,38,4,111,30,4,111,11,4,112,228,3,116,200,3,118,193,3,114,185,3,118,228,3,111,225,3,118,247,3,106,31,4,72,12,4,116,253,3,107,171,3,76,141,3,73,68,3,68,43,3,70,246,2,64,222,2,40,247,1,71,95,2,73,128,2,77,161,2,81,246,2,87,55,3,89,60,3,95,36,3,87,8,3,82,210,2,93,187,2,84,74,2,81,215,1,80,195,1,85,187,1,90,211,1,82,117,2,84,189,2,69,191,2,96,62,2,89,35,2,90,26,2,84,114,2,87,210,2,88,135,2,71,230,2,80,191,2,96,203,2,104,239,2,98,28,3,92,54,3,96,55,3,100,62,3,107,111,3,99,100,3,99,108,3,103,135,3,103,185,3,103,104,3,67,158,3,94,197,3,93,31,3,84,121,2,79,118,2,85,64,2,77,215,1,50,33,2,49,139,1,65,153,1,86,107,1,94,98,1,97,130,1,95,160,1,109,170,1,101,214,1,103,214,1,103,179,1,89,133,1,102,129,1,101,113,1,101,75,1,88,56,1,102,66,1,105,75,1,101,79,1,101,63,1,106,68,1,90,52,1,107,63,1,113,52,1,103,56,1,108,28,1,106,27,1,106,35,1,106,47,1,106,48,1,105,33,1,104,56,1,82,59,1,104,75,1,109,133,1,108,159,1,103,137,1,71,160,1,108,191,1,108,160,1,102,79,1,99,113,1,98,118,1,98,99,1,63,117,1,100,87,1,92,103,1,85,84,1,89,116,1,80,104,1,83,27,1,86,38,1,110,9,1,112,31,1,119,38,1,117,2,1,119,26,1,129,9,1,120,4,1,124,250,0,130,5,1,113,0,1,123,255,0,124,248,0,116,231,0,119,244,0,120,221,0,120,239,0,94,235,0,121,235,0,126,234,0,125,244,0,103,232,0,119,220,0,122,215,0,121,235,0,126,227,0,126,222,0,88,219,0,120,246,0,114,239,0,125,248,0,125,248,0,105,1,1,120,239,0,125,254,0,119,249,0,123,9,1,98,254,0,122,5,1,106,6,1,121,239,0,114,253,0,116,9,1,106,18,1,106,57,1,107,39,1,102,50,1,93,217,0,128,213,0,127,197,0,133,208,0,135,216,0,132,207,0,137,227,0,133,197,0,104,211,0,133,220,0,138,197,0,134,191,0,144,181,0,133,197,0,134,215,0,131,202,0,139,217,0,135,184,0,134,173,0,135,184,0,139,179,0,135,184,0,134,188,0,138,183,0,137,196,0,136,180,0,137,188,0,133,205,0,132,202,0,136,178,0,139,200,0,140,192,0,135,188,0,143,183,0,134,208,0,138,196,0,138,187,0,137,201,0,133,197,0,133,207,0,132,220,0,128,208,0,98,227,0,130,220,0,128,208,0,124,230,0,116,254,0,111,239,0,109,174,0,121,170,0,123,150,0,145,190,0,146,159,0,148,150,0,148,150,0,148,165,0,143,156,0,154,146,0,149,161,0,149,152,0,145,153,0,146,138,0,150,156,0,143,165,0,151,138,0,151,137,0,143,146,0,152,123,0,152,145,0,117,135,0,150,142,0,115,137,0,143,142,0,157,158,0,147,127,0,147,137,0,151,138,0,147,142,0,146,153,0,151,142,0,156,158,0,150,149,0,150,153,0,150,146,0,142,168,0,145,161,0,149,146,0,149,168,0,153,154,0,142,158,0,140,176,0,137,181,0,139,181,0,131,189,0,130,202,0,121,206,0,111,184,0,147,184,0,160,172,0,155,175,0,122,182,0,157,166,0,157,167,0,158,159,0,153,158,0,153,186,0,153,170,0,158,173,0,154,169,0,158,142,0,155,149,0,151,155,0,159,159,0,159,154,0,155,158,0,160,142,0,152,133,0,155,157,0,154,161,0,153,144,0,156,160,0,156,142,0,160,157,0,152,168,0,160,154,0,160,154,0,160,157,0,155,150,0,155,131,0,134,168,0,155,146,0,159,138,0,155,168,0,118,153,0,159,153,0,158,168,0,156,165,0,150,176,0,152,173,0,150,193,0,146,190,0,138,205,0,127,217,0,138,229,0,126,151,0,160,140,0,162,135,0,163,139,0,164,119,0,133,122,0,165,132,0,166,128,0,166,123,0,171,125,0,172,128,0,166,131,0,166,129,0,172,125,0,149,120,0,163,125,0,167,125,0,163,111,0,164,120,0,163,95,0,135,110,0,158,115,0,165,123,0,164,133,0,163,111,0,174,125,0,173,105,0,132,119,0,173,107,0,154,115,0,142,114,0,167,103,0,167,107,0,163,106,0,167,111,0,162,107,0,162,114,0,166,123,0,166,123,0,157,130,0,148,135,0,157,139,0,151,154,0,157,155,0,149,186,0,145,185,0,144,198,0,133,210,0,132,129,0,172,148,0,173,100,0,169,111,0,166,107,0,166,87,0,176,121,0,166,112,0,166,115,0,167,111,0,177,88,0,167,83,0,171,93,0,172,93,0,168,96,0,168,92,0,173,69,0,172,83,0,173,84,0,153,84,0,168,64,0,143,97,0,166,104,0,165,103,0,168,95,0,145,80,0,173,96,0,168,81,0,178,93,0,173,86,0,169,104,0,165,93,0,173,74,0,178,100,0,173,93,0,172,78,0,172,106,0,171,96,0,176,88,0,169,123,0,169,115,0,149,111,0,164,142,0,161,154,0,157,165,0,152,181,0,147,186,0,141,193,0,134,101,0,167,93,0,178,92,0,174,86,0,174,86,0,180,85,0,170,89,0,174,62,0,175,50,0,167,74,0,175,48,0,175,58,0,171,70,0,171,47,0,172,61,0,182,47,0,176,59,0,171,42,0,176,42,0,176,37,0,171,41,0,175,88,0,163,95,0,173,102,0,166,69,0,177,74,0,177,63,0,182,60,0,144,57,0,140,46,0,176,49,0,175,33,0,172,42,0,162,45,0,176,37,0,176,76,0,175,52,0,170,61,0,174,69,0,173,83,0,167,115,0,175,96,0,162,135,0,160,148,0,160,151,0,125,184,0,155,184,0,139,197,0,127,59,0,171,63,0,175,38,0,166,42,0,172,22,0,177,28,0,177,42,0,178,46,0,162,6,0,170,10,0,177,25,0,177,13,0,173,22,0,178,26,0,178,13,0,178,1,0,171,27,0,178,30,0,178,48,0,170,16,0,173,34,0,176,63,0,176,70,0,175,81,0,178,29,0,179,11,0,184,18,0,179,12,0,158,12,0,184,5,0,179,7,0,185,24,0,179,4,0,169,10,0,179,15,0,178,3,0,178,21,0,178,34,0,154,30,0,176,72,0,173,61,0,172,92,0,176,102,0,167,142,0,162,161,0,153,173,0,147,174,0,151,170,0,139,47,0,172,35,0,177,30,0,178,12,0,178,16,0,174,11,0,174,0,0,177,0,0,173,0,0,178,0,0,184,0,0,179,0,0,179,0,0,174,0,0,179,0,0,184,0,0,158,5,0,185,3,0,184,0,0,178,0,0,178,15,0,172,35,0,176,63,0,171,77,0,173,19,0,186,0,0,180,0,0,180,0,0,180,0,0,176,0,0,181,0,0,172,0,0,185,1,0,185,0,0,186,0,0,180,0,0,175,0,0,184,8,0,178,20,0,172,57,0,181,65,0,179,73,0,171,102,0,173,131,0,163,135,0,154,166,0,149,163,0,139,170,0,141,31,0,168,55,0,177,0,0,177,22,0,178,0,0,164,2,0,178,0,0,174,3,0,158,0,0,178,14,0,178,0,0,183,0,0,162,0,0,161,0,0,165,0,0,184,0,0,174,0,0,179,21,0,178,3,0,177,7,0,182,17,0,176,69,0,171,73,0,152,68,0,166,0,0,186,0,0,176,0,0,186,0,0,186,0,0,176,0,0,176,0,0,185,0,0,180,0,0,185,0,0,185,0,0,184,0,0,184,2,0,184,0,0,150,22,0,176,41,0,174,42,0,172,76,0,140,106,0,138,119,0,158,123,0,146,166,0,157,167,0,142,152,0,141,44,0,171,51,0,176,46,0,176,27,0,176,27,0,172,30,0,172,20,0,156,43,0,182,37,0,176,32,0,142,44,0,177,26,0,182,26,0,177,18,0,176,21,0,172,37,0,172,30,0,176,32,0,171,50,0,175,53,0,174,68,0,178,90,0,166,112,0,140,107,0,161,14,0,179,0,0,185,0,0,175,0,0,184,0,0,179,0,0,184,21,0,166,0,0,185,0,0,179,0,0,179,0,0,179,22,0,178,23,0,177,31,0,182,35,0,171,60,0,178,61,0,170,96,0,163,124,0,160,133,0,159,125,0,150,142,0,149,139,0,140,146,0,122,71,130,0,0,201,167,0,0,1,0,247,224,
TMF8829_FRAME_HEADER,0,126,230,0,0,21,1,24,9,3,0,0,0,75,80,75,84,223,5,221,5,PAYLOAD,120,8,69,205,3,44,217,3,74,231,3,97,233,3,93,204,3,98,241,3,107,239,3,101,240,3,92,241,3,89,14,4,75,0,0,0,143,8,74,119,8,69,55,7,56,189,8,72,158,8,24,209,7,60,142,7,55,253,6,18,200,7,60,144,7,58,235,7,21,224,7,24,247,7,58,82,8,61,157,8,57,1,10,72,80,10,64,124,10,68,156,10,53,15,9,43,153,8,25,175,2,42,5,3,47,53,3,48,70,3,32,109,3,53,95,3,51,217,12,52,84,13,47,175,13,43,19,3,43,71,3,12,33,3,44,234,2,35,199,2,58,11,3,69,118,8,55,168,3,52,234,3,75,231,3,100,241,3,101,219,3,106,214,3,114,213,3,109,221,3,92,225,3,90,10,4,82,213,3,26,44,7,50,99,8,65,137,6,99,135,8,68,158,8,73,144,3,75,174,3,68,26,4,75,61,4,67,88,4,66,96,4,69,38,4,80,209,3,74,194,3,77,138,3,87,251,3,59,27,4,88,25,4,88,38,4,87,47,4,96,250,3,101,3,4,107,225,3,108,212,3,111,221,3,107,210,3,113,223,3,96,217,3,29,186,3,69,188,3,74,136,3,76,52,3,69,58,3,80,53,3,74,41,3,72,48,3,73,29,8,50,82,8,46,200,3,72,231,3,49,226,3,103,187,3,116,195,3,152,241,3,128,195,3,104,241,3,98,236,3,93,221,3,64,0,0,0,188,4,41,154,4,26,253,3,73,222,3,97,172,3,104,171,3,99,154,3,89,236,3,90,35,4,98,76,4,94,73,4,97,46,4,97,8,4,112,224,3,87,193,3,109,8,4,112,2,4,112,232,3,108,210,3,108,188,3,108,174,3,108,186,3,112,192,3,113,193,3,115,0,4,106,243,3,111,4,4,92,5,4,108,3,4,106,215,3,87,188,3,41,132,3,52,94,3,70,26,3,67,27,3,66,0,0,0,0,0,0,64,2,74,216,2,66,28,3,41,79,3,90,84,3,108,40,3,78,235,2,75,250,2,82,198,2,69,5,3,75,242,2,59,217,2,73,158,4,74,170,4,64,53,4,88,225,3,95,190,3,96,119,4,84,158,4,82,99,4,87,74,4,100,249,3,89,108,3,105,82,3,105,139,3,96,226,3,107,246,3,94,54,4,106,27,4,110,4,4,104,239,3,93,213,3,112,194,3,112,196,3,110,224,3,111,194,3,100,200,3,88,236,3,63,4,4,93,208,3,83,91,3,75,50,3,34,27,3,42,6,3,76,193,2,64,179,2,65,189,1,43,180,1,75,223,1,82,2,2,87,66,2,94,157,2,90,164,2,100,128,2,80,87,2,99,48,2,93,1,2,91,188,1,72,119,1,90,137,1,87,100,1,95,100,1,69,118,1,93,149,1,93,177,1,93,122,1,97,111,1,62,123,1,93,114,1,96,111,1,94,62,1,99,70,1,99,115,1,101,79,1,99,123,1,87,152,1,99,164,1,98,234,1,98,85,2,83,113,2,99,146,2,99,197,2,72,237,2,99,227,2,87,23,2,86,117,2,96,180,2,102,15,2,92,188,1,91,161,1,83,172,1,81,174,1,79,147,1,74,115,1,69,85,1,97,61,1,100,85,1,103,36,1,106,57,1,113,73,1,92,88,1,112,71,1,88,53,1,111,53,1,112,33,1,111,30,1,115,32,1,116,34,1,116,20,1,102,24,1,111,244,0,115,4,1,111,10,1,112,29,1,112,2,1,112,16,1,78,255,0,121,0,1,110,10,1,118,251,0,82,12,1,80,5,1,114,6,1,113,4,1,109,27,1,122,20,1,112,10,1,112,26,1,88,31,1,116,71,1,111,53,1,111,76,1,101,40,1,108,53,1,95,23,1,107,32,1,105,53,1,103,34,1,96,44,1,101,58,1,94,55,1,94,57,1,85,252,0,119,247,0,119,244,0,121,236,0,105,227,0,125,239,0,130,228,0,127,223,0,132,232,0,107,232,0,116,208,0,132,220,0,124,213,0,132,216,0,127,209,0,128,207,0,128,185,0,131,202,0,132,236,0,129,204,0,89,185,0,133,201,0,125,188,0,131,189,0,119,208,0,130,217,0,130,187,0,126,206,0,133,203,0,129,209,0,107,208,0,115,202,0,132,215,0,128,220,0,132,217,0,127,226,0,131,239,0,114,217,0,126,242,0,125,231,0,126,217,0,104,230,0,122,235,0,105,232,0,85,5,1,110,6,1,114,247,0,105,12,1,99,210,0,135,185,0,122,175,0,135,190,0,109,189,0,144,171,0,143,178,0,112,192,0,140,201,0,137,189,0,145,173,0,144,158,0,108,173,0,140,161,0,140,184,0,109,158,0,140,169,0,145,158,0,141,189,0,147,150,0,142,162,0,145,178,0,101,146,0,139,150,0,142,181,0,138,198,0,142,172,0,141,192,0,146,177,0,144,156,0,140,165,0,140,174,0,140,172,0,140,169,0,140,177,0,139,175,0,143,200,0,140,174,0,144,172,0,139,173,0,142,213,0,134,180,0,134,192,0,132,221,0,129,183,0,121,229,0,122,214,0,98,239,0,114,181,0,141,188,0,149,170,0,146,175,0,144,182,0,153,167,0,149,183,0,154,162,0,116,167,0,154,156,0,154,170,0,150,156,0,154,178,0,151,165,0,160,162,0,151,160,0,151,170,0,155,140,0,151,158,0,152,142,0,152,150,0,155,154,0,150,149,0,129,150,0,148,169,0,157,154,0,157,145,0,152,146,0,152,159,0,156,160,0,148,158,0,152,162,0,135,153,0,155,165,0,155,151,0,151,160,0,155,169,0,155,158,0,150,172,0,150,165,0,149,177,0,151,164,0,149,178,0,142,187,0,138,185,0,129,214,0,136,245,0,126,232,0,119,160,0,152,166,0,158,140,0,159,151,0,166,138,0,148,131,0,157,145,0,158,132,0,158,137,0,162,141,0,158,140,0,168,121,0,162,129,0,159,136,0,159,129,0,159,145,0,128,124,0,147,125,0,160,120,0,160,123,0,153,111,0,159,132,0,163,131,0,130,135,0,146,148,0,165,122,0,165,139,0,140,135,0,160,117,0,164,119,0,170,127,0,160,147,0,164,126,0,160,139,0,164,128,0,159,134,0,159,139,0,152,132,0,155,134,0,162,124,0,156,136,0,151,145,0,149,171,0,149,171,0,146,181,0,146,198,0,141,207,0,131,216,0,129,130,0,163,132,0,165,122,0,167,117,0,163,134,0,168,108,0,164,113,0,164,93,0,169,105,0,169,96,0,165,107,0,175,100,0,165,94,0,159,117,0,165,78,0,139,96,0,166,95,0,166,96,0,176,100,0,166,88,0,166,92,0,165,105,0,174,117,0,167,113,0,131,100,0,171,97,0,166,91,0,171,90,0,167,98,0,166,88,0,166,112,0,166,87,0,171,77,0,170,90,0,147,90,0,176,107,0,170,107,0,170,85,0,174,87,0,164,115,0,166,117,0,165,119,0,158,143,0,155,147,0,151,157,0,147,198,0,146,187,0,135,192,0,125,102,0,165,85,0,150,90,0,171,87,0,172,82,0,178,83,0,173,71,0,179,93,0,150,63,0,165,79,0,173,70,0,169,60,0,174,63,0,170,62,0,179,59,0,174,67,0,180,51,0,170,48,0,175,66,0,164,57,0,174,62,0,174,66,0,168,99,0,171,92,0,165,63,0,181,56,0,171,65,0,175,65,0,175,58,0,171,45,0,171,65,0,175,47,0,166,41,0,174,73,0,180,50,0,180,48,0,170,53,0,169,70,0,173,83,0,141,100,0,140,81,0,160,106,0,165,133,0,134,145,0,158,154,0,119,188,0,143,174,0,121,180,0,135,75,0,133,70,0,174,63,0,175,31,0,175,33,0,175,26,0,176,38,0,172,29,0,177,26,0,177,34,0,172,10,0,177,7,0,183,34,0,173,22,0,177,30,0,183,36,0,149,35,0,178,16,0,155,29,0,173,40,0,182,36,0,176,71,0,175,66,0,179,86,0,168,22,0,178,35,0,174,29,0,174,28,0,158,33,0,178,15,0,153,31,0,167,9,0,174,26,0,183,26,0,173,31,0,183,14,0,177,46,0,177,47,0,182,49,0,146,50,0,169,70,0,158,102,0,174,107,0,165,128,0,162,141,0,152,163,0,147,171,0,109,177,0,134,52,0,176,31,0,177,5,0,183,9,0,174,35,0,184,13,0,171,4,0,177,7,0,183,0,0,178,0,0,178,0,0,155,0,0,179,5,0,174,0,0,184,0,0,185,0,0,179,0,0,179,0,0,184,0,0,184,44,0,170,1,0,177,36,0,177,35,0,171,79,0,169,8,0,185,2,0,180,0,0,180,0,0,180,0,0,180,0,0,180,0,0,179,0,0,167,0,0,180,1,0,180,0,0,185,0,0,185,20,0,178,0,0,178,23,0,172,34,0,175,58,0,146,76,0,170,100,0,173,121,0,159,134,0,158,167,0,149,168,0,142,166,0,133,28,0,177,16,0,183,20,0,183,34,0,178,0,0,178,0,0,178,11,0,178,0,0,184,0,0,179,0,0,159,0,0,178,3,0,178,0,0,178,0,0,174,0,0,179,8,0,161,0,0,179,0,0,179,0,0,184,10,0,173,0,0,171,34,0,176,37,0,180,69,0,156,11,0,181,0,0,180,0,0,181,0,0,180,0,0,185,0,0,180,0,0,172,0,0,180,0,0,176,0,0,185,0,0,179,0,0,170,0,0,178,0,0,183,6,0,169,33,0,167,34,0,173,48,0,169,99,0,168,112,0,163,113,0,143,156,0,145,145,0,143,139,0,138,63,0,172,23,0,173,35,0,170,9,0,178,12,0,178,35,0,178,36,0,178,16,0,167,0,0,170,17,0,156,24,0,184,17,0,184,12,0,174,0,0,178,4,0,155,4,0,151,14,0,183,0,0,177,15,0,176,18,0,176,46,0,139,49,0,166,70,0,167,90,0,165,0,0,175,0,0,180,0,0,186,0,0,176,0,0,179,0,0,180,0,0,180,0,0,185,0,0,176,0,0,166,0,0,184,0,0,178,28,0,178,2,0,154,34,0,176,42,0,174,62,0,168,76,0,161,86,0,166,122,0,161,128,0,119,146,0,151,140,0,146,157,0,136,236,182,0,0,110,220,0,0,1,0,247,224,
TMF8829_FRAME_HEADER,0,169,19,1,0,21,65,24,9,4,0,0,0,75,80,75,84,230,5,225,5,PAYLOAD,160,8,69,59,8,58,243,3,76,220,3,98,238,3,96,225,3,101,226,3,106,229,3,100,216,3,97,249,3,87,4,4,80,100,3,51,113,8,70,85,8,75,159,6,79,167,8,70,201,8,76,150,7,65,104,7,62,162,7,57,253,6,48,10,7,49,51,7,56,215,5,58,28,7,43,222,7,74,161,8,57,246,9,64,19,10,67,97,10,65,112,3,51,222,3,71,254,3,75,235,3,79,234,3,83,238,3,91,216,3,97,207,3,98,5,4,88,224,12,54,17,3,43,11,3,24,39,3,68,79,3,71,68,3,47,249,2,37,231,2,37,248,2,58,88,8,65,122,8,66,245,3,72,216,3,96,234,3,103,203,3,114,218,3,94,233,3,104,228,3,99,249,3,104,8,4,88,201,3,60,179,4,34,224,4,30,241,5,56,9,4,70,167,3,78,158,3,88,195,3,91,178,3,86,243,3,93,74,4,80,69,4,57,115,4,73,64,4,95,253,3,94,212,3,107,239,3,104,59,4,96,41,4,97,19,4,97,17,4,105,231,3,109,235,3,106,226,3,112,212,3,113,205,3,72,253,3,102,246,3,104,239,3,90,17,4,59,246,3,100,213,3,79,134,3,72,116,3,69,111,3,72,55,3,69,55,3,67,0,0,0,0,0,0,94,3,48,127,3,42,161,3,80,137,3,106,181,3,109,227,3,90,191,3,97,126,3,77,152,3,69,100,3,71,195,2,63,182,4,57,13,5,76,165,4,84,56,4,102,187,3,106,249,3,99,170,4,93,254,3,92,102,4,89,35,4,99,235,3,66,181,3,110,153,3,72,138,3,114,247,3,108,40,4,110,41,4,102,42,4,111,13,4,111,220,3,113,202,3,118,192,3,119,177,3,110,224,3,111,219,3,119,254,3,102,24,4,71,11,4,111,248,3,99,179,3,82,147,3,73,16,3,69,45,3,66,218,2,64,202,2,61,206,1,66,38,2,69,133,2,74,174,2,74,18,3,86,71,3,90,58,3,101,29,3,91,13,3,84,200,2,83,187,2,85,97,2,86,235,1,85,185,1,79,229,1,81,235,1,86,48,2,87,186,2,68,177,2,96,251,1,89,246,1,84,221,1,85,154,2,87,195,2,88,109,2,68,228,2,76,212,2,93,223,2,94,252,2,94,51,3,96,58,3,96,83,3,97,80,3,97,108,3,99,118,3,99,95,3,99,128,3,99,179,3,109,95,3,66,170,3,90,207,3,93,50,3,85,118,2,89,71,2,82,129,2,77,65,2,46,214,1,44,184,1,66,135,1,87,100,1,99,110,1,93,116,1,100,157,1,99,176,1,110,227,1,103,211,1,107,191,1,89,135,1,102,122,1,101,110,1,101,81,1,86,57,1,111,82,1,106,73,1,101,72,1,101,79,1,103,58,1,92,61,1,103,67,1,103,54,1,107,49,1,103,37,1,106,16,1,106,41,1,106,34,1,106,52,1,102,28,1,109,55,1,81,71,1,109,84,1,104,128,1,104,169,1,108,128,1,69,183,1,104,211,1,103,175,1,106,94,1,99,110,1,98,150,1,102,105,1,63,107,1,101,101,1,92,90,1,84,104,1,90,102,1,81,134,1,74,21,1,85,35,1,114,15,1,112,25,1,119,35,1,117,251,0,118,23,1,119,6,1,117,9,1,120,248,0,124,15,1,110,5,1,124,245,0,119,248,0,111,232,0,124,242,0,124,226,0,124,236,0,92,229,0,125,232,0,125,227,0,125,242,0,101,233,0,119,221,0,118,220,0,118,233,0,121,226,0,122,227,0,87,225,0,121,241,0,117,232,0,121,246,0,130,239,0,102,254,0,120,241,0,120,8,1,119,2,1,123,7,1,99,8,1,118,14,1,108,16,1,116,245,0,115,250,0,112,16,1,110,8,1,111,42,1,102,40,1,98,53,1,93,203,0,124,222,0,127,198,0,129,202,0,131,217,0,132,204,0,129,217,0,137,197,0,103,215,0,133,214,0,134,197,0,139,200,0,138,182,0,135,201,0,139,215,0,135,200,0,139,222,0,135,185,0,135,171,0,139,181,0,136,180,0,132,178,0,138,185,0,139,184,0,133,192,0,141,178,0,137,187,0,137,198,0,132,204,0,136,177,0,139,193,0,132,199,0,139,183,0,138,184,0,134,210,0,134,203,0,138,180,0,137,195,0,133,199,0,133,208,0,133,225,0,125,199,0,96,223,0,131,218,0,128,207,0,120,223,0,116,0,1,111,238,0,105,176,0,119,179,0,119,151,0,141,183,0,146,160,0,148,143,0,144,144,0,148,166,0,144,153,0,144,136,0,149,162,0,145,146,0,150,151,0,156,146,0,143,153,0,151,163,0,156,143,0,151,134,0,147,140,0,147,124,0,147,142,0,115,129,0,146,143,0,113,134,0,147,138,0,152,159,0,152,130,0,147,138,0,143,140,0,151,141,0,156,154,0,151,140,0,151,156,0,151,153,0,146,151,0,146,141,0,142,172,0,149,159,0,145,145,0,149,169,0,148,152,0,142,156,0,140,177,0,137,175,0,134,179,0,135,194,0,126,215,0,121,201,0,108,178,0,153,181,0,155,172,0,155,176,0,120,183,0,153,166,0,157,160,0,154,163,0,154,158,0,153,183,0,154,171,0,154,174,0,154,167,0,159,143,0,164,149,0,151,149,0,159,156,0,155,151,0,160,151,0,160,143,0,155,134,0,159,155,0,159,162,0,153,145,0,152,161,0,166,148,0,160,152,0,156,161,0,160,152,0,156,153,0,160,157,0,156,148,0,155,126,0,135,165,0,165,151,0,155,137,0,155,165,0,116,155,0,159,152,0,150,165,0,152,167,0,147,175,0,148,174,0,150,192,0,146,193,0,140,209,0,125,223,0,128,224,0,122,145,0,160,141,0,162,132,0,163,132,0,164,120,0,132,123,0,165,130,0,166,129,0,162,124,0,158,119,0,166,133,0,162,128,0,167,122,0,162,125,0,151,120,0,163,119,0,167,122,0,163,112,0,164,112,0,168,100,0,133,107,0,162,109,0,166,120,0,160,130,0,163,112,0,168,127,0,168,103,0,130,116,0,168,109,0,152,115,0,141,111,0,167,105,0,167,106,0,168,103,0,167,113,0,163,106,0,162,107,0,162,125,0,166,122,0,157,127,0,146,137,0,157,141,0,155,151,0,152,157,0,153,181,0,145,182,0,144,200,0,134,212,0,128,127,0,172,149,0,173,101,0,169,105,0,170,104,0,162,91,0,170,115,0,170,109,0,166,112,0,171,105,0,167,89,0,171,80,0,167,91,0,172,94,0,172,93,0,172,86,0,165,70,0,178,80,0,168,78,0,150,85,0,164,61,0,141,95,0,166,105,0,169,100,0,163,95,0,144,82,0,178,91,0,173,74,0,173,91,0,165,81,0,179,101,0,169,95,0,173,73,0,173,97,0,168,95,0,164,77,0,168,107,0,171,94,0,171,87,0,165,123,0,174,113,0,147,110,0,165,138,0,157,156,0,157,164,0,148,178,0,142,188,0,136,188,0,130,95,0,163,90,0,168,89,0,170,84,0,174,87,0,180,82,0,174,83,0,174,67,0,175,51,0,171,68,0,175,48,0,175,55,0,171,64,0,171,44,0,176,58,0,172,41,0,182,56,0,181,43,0,176,35,0,176,39,0,176,42,0,171,82,0,170,92,0,173,103,0,171,70,0,182,76,0,177,58,0,176,57,0,146,59,0,139,41,0,176,45,0,176,35,0,176,41,0,162,42,0,182,40,0,168,79,0,175,45,0,175,63,0,174,64,0,174,84,0,164,118,0,165,98,0,167,132,0,164,146,0,166,154,0,125,184,0,146,186,0,139,192,0,127,53,0,167,64,0,171,40,0,169,35,0,172,19,0,177,29,0,183,40,0,183,47,0,162,6,0,174,8,0,178,26,0,177,10,0,173,20,0,178,27,0,178,10,0,184,0,0,174,28,0,184,31,0,178,42,0,170,21,0,173,31,0,172,61,0,176,67,0,171,82,0,178,30,0,179,13,0,179,17,0,185,12,0,158,14,0,179,4,0,179,8,0,185,25,0,179,3,0,166,11,0,184,16,0,178,2,0,184,18,0,183,35,0,152,29,0,172,69,0,179,63,0,168,87,0,166,99,0,167,144,0,162,160,0,153,170,0,147,180,0,142,177,0,135,41,0,177,32,0,177,31,0,178,14,0,183,20,0,170,8,0,174,0,0,177,0,0,173,0,0,178,0,0,184,1,0,179,0,0,179,0,0,171,0,0,179,0,0,184,0,0,155,5,0,175,4,0,174,0,0,178,0,0,183,16,0,172,33,0,176,67,0,171,78,0,173,16,0,186,0,0,186,0,0,180,0,0,186,0,0,176,0,0,176,0,0,172,0,0,180,0,0,179,0,0,186,0,0,185,0,0,175,0,0,179,10,0,174,19,0,177,53,0,175,67,0,173,72,0,171,103,0,173,133,0,163,130,0,154,166,0,153,165,0,143,173,0,137,25,0,172,52,0,177,0,0,177,16,0,183,0,0,160,6,0,174,0,0,174,3,0,158,0,0,174,4,0,178,0,0,178,0,0,162,0,0,168,0,0,161,0,0,179,0,0,174,0,0,179,22,0,174,0,0,177,8,0,177,18,0,176,63,0,171,77,0,149,68,0,171,0,0,186,0,0,176,0,0,186,0,0,180,0,0,172,0,0,185,0,0,180,0,0,186,0,0,180,0,0,179,0,0,184,0,0,179,0,0,178,0,0,149,21,0,172,37,0,174,40,0,172,75,0,138,103,0,136,121,0,162,122,0,149,163,0,147,169,0,142,143,0,137,33,0,171,52,0,176,43,0,176,25,0,172,32,0,163,31,0,172,17,0,156,44,0,182,39,0,182,25,0,140,45,0,182,23,0,177,20,0,172,19,0,172,22,0,182,35,0,172,30,0,172,33,0,171,47,0,170,54,0,170,65,0,172,84,0,171,113,0,140,108,0,165,14,0,179,0,0,175,0,0,169,0,0,184,0,0,180,0,0,184,18,0,164,0,0,179,0,0,179,0,0,184,0,0,179,17,0,178,23,0,177,33,0,176,34,0,175,57,0,172,63,0,176,91,0,163,125,0,164,131,0,159,128,0,150,142,0,144,137,0,140,149,0,122,239,227,0,0,113,9,1,0,1,0,247,224,
TMF8829_FRAME_HEADER,0,38,70,1,0,21,1,24,9,5,0,0,0,76,82,77,84,228,5,226,5,PAYLOAD,123,8,64,72,8,47,242,3,73,229,3,91,226,3,97,217,3,98,236,3,106,236,3,101,238,3,91,251,3,89,10,4,79,133,8,9,146,8,73,111,8,69,255,6,56,173,8,74,169,8,28,219,7,62,137,7,49,78,7,13,174,7,54,150,7,54,197,7,21,184,7,25,11,8,59,57,8,63,144,8,56,219,9,63,75,10,65,103,10,68,159,10,55,234,8,47,30,9,24,233,2,45,4,3,45,28,3,48,115,3,35,85,3,52,106,3,53,10,13,48,95,13,47,189,13,48,229,2,41,15,3,15,25,3,43,217,2,36,213,2,28,247,2,35,94,8,55,156,3,52,248,3,80,229,3,90,248,3,101,217,3,105,213,3,113,217,3,108,227,3,96,228,3,100,247,3,82,230,3,22,26,7,43,115,8,63,154,6,102,153,8,61,188,8,78,157,3,75,185,3,68,6,4,72,98,4,68,10,4,64,95,4,69,90,4,74,197,3,74,177,3,78,129,3,86,217,3,60,38,4,86,0,4,88,42,4,92,42,4,93,249,3,101,251,3,103,232,3,105,211,3,110,213,3,106,209,3,109,233,3,101,205,3,26,185,3,66,207,3,73,132,3,75,70,3,68,87,3,80,79,3,71,25,3,75,54,3,68,128,8,39,86,8,55,206,3,69,229,3,47,241,3,103,189,3,112,194,3,152,241,3,132,201,3,100,251,3,98,251,3,93,188,3,68,0,0,0,242,4,44,175,4,26,15,4,73,237,3,101,170,3,109,173,3,99,162,3,90,223,3,94,22,4,98,84,4,91,75,4,97,54,4,106,14,4,108,215,3,87,193,3,109,10,4,108,1,4,112,236,3,108,213,3,108,191,3,108,174,3,108,181,3,108,183,3,109,189,3,110,255,3,106,238,3,111,0,4,90,0,4,100,2,4,110,234,3,78,137,3,41,150,3,70,126,3,71,254,2,62,244,2,66,139,8,7,0,0,0,160,2,64,195,2,65,40,3,40,85,3,90,82,3,108,28,3,81,249,2,74,8,3,71,156,2,76,10,3,79,221,2,60,221,2,73,164,4,74,146,4,66,46,4,91,223,3,90,177,3,95,142,4,84,164,4,81,58,4,90,89,4,90,251,3,86,116,3,96,77,3,110,130,3,94,226,3,106,0,4,93,57,4,106,22,4,106,255,3,108,234,3,89,213,3,112,200,3,112,194,3,107,228,3,106,196,3,96,179,3,92,236,3,64,3,4,100,195,3,82,113,3,74,86,3,33,0,3,42,222,2,66,176,2,62,206,1,64,218,1,41,172,1,79,202,1,87,16,2,87,51,2,95,127,2,93,135,2,100,152,2,83,108,2,94,43,2,94,5,2,96,186,1,69,129,1,91,110,1,90,113,1,95,118,1,70,118,1,97,175,1,93,156,1,93,126,1,93,117,1,59,133,1,93,90,1,97,105,1,97,69,1,103,58,1,100,122,1,100,122,1,99,107,1,90,120,1,99,184,1,94,35,2,98,80,2,80,83,2,103,160,2,98,177,2,73,226,2,98,213,2,87,41,2,83,120,2,92,179,2,92,14,2,88,207,1,89,164,1,83,197,1,81,158,1,77,142,1,78,90,1,70,80,1,97,69,1,101,79,1,103,38,1,111,73,1,112,79,1,90,71,1,115,56,1,86,74,1,105,41,1,116,33,1,111,36,1,107,27,1,112,23,1,116,37,1,100,27,1,111,248,0,111,254,0,116,18,1,116,29,1,106,17,1,112,7,1,76,3,1,116,6,1,120,13,1,114,242,0,80,20,1,80,254,0,113,5,1,117,3,1,113,27,1,116,19,1,112,12,1,112,30,1,87,37,1,111,69,1,116,45,1,111,68,1,103,39,1,109,56,1,93,26,1,107,27,1,109,60,1,112,26,1,100,39,1,97,54,1,99,50,1,94,67,1,85,251,0,119,247,0,119,246,0,121,238,0,110,227,0,129,237,0,126,227,0,131,223,0,124,237,0,106,231,0,112,212,0,132,234,0,127,216,0,128,219,0,132,215,0,128,205,0,128,193,0,128,212,0,128,231,0,129,204,0,88,195,0,133,200,0,128,192,0,127,199,0,122,212,0,130,219,0,130,189,0,129,206,0,133,209,0,129,207,0,106,212,0,112,197,0,132,214,0,132,219,0,127,219,0,123,221,0,127,239,0,114,216,0,127,240,0,126,227,0,130,216,0,103,233,0,126,227,0,103,231,0,83,11,1,114,9,1,106,235,0,108,20,1,99,217,0,131,193,0,121,177,0,135,185,0,109,198,0,139,181,0,138,176,0,110,192,0,140,207,0,137,188,0,141,180,0,144,156,0,108,176,0,145,168,0,144,190,0,108,153,0,140,169,0,140,164,0,141,192,0,142,157,0,138,160,0,145,180,0,101,153,0,139,156,0,138,184,0,146,197,0,147,171,0,138,188,0,146,176,0,145,155,0,140,161,0,140,169,0,140,171,0,140,169,0,140,172,0,139,174,0,144,204,0,140,172,0,139,167,0,139,173,0,142,216,0,137,178,0,135,192,0,129,223,0,134,178,0,125,233,0,122,202,0,100,238,0,115,180,0,147,188,0,144,175,0,150,170,0,148,186,0,145,173,0,154,182,0,149,170,0,114,169,0,149,155,0,150,174,0,154,161,0,154,173,0,155,169,0,155,164,0,151,155,0,155,170,0,151,146,0,151,161,0,152,146,0,148,160,0,155,157,0,147,149,0,127,160,0,147,169,0,152,153,0,152,144,0,156,146,0,156,157,0,156,155,0,148,154,0,152,165,0,133,152,0,156,161,0,155,157,0,155,155,0,155,165,0,151,161,0,150,163,0,154,161,0,149,176,0,147,159,0,149,178,0,146,182,0,139,184,0,128,213,0,142,248,0,130,223,0,119,159,0,148,174,0,158,146,0,159,150,0,160,138,0,145,137,0,161,143,0,162,132,0,155,142,0,167,143,0,162,143,0,158,123,0,158,124,0,159,136,0,159,135,0,159,140,0,127,128,0,151,131,0,160,119,0,165,127,0,151,118,0,163,134,0,158,134,0,129,141,0,146,148,0,165,117,0,165,138,0,140,135,0,160,119,0,160,113,0,164,127,0,164,146,0,164,125,0,164,139,0,163,127,0,159,136,0,163,139,0,150,131,0,158,133,0,157,123,0,161,131,0,154,144,0,162,174,0,149,170,0,145,180,0,142,198,0,142,213,0,131,223,0,121,125,0,169,132,0,171,124,0,167,114,0,167,134,0,168,110,0,168,108,0,164,97,0,168,107,0,169,99,0,169,107,0,169,102,0,165,93,0,162,117,0,169,84,0,140,95,0,166,95,0,170,106,0,171,99,0,170,91,0,162,98,0,161,104,0,164,121,0,167,120,0,129,103,0,167,95,0,171,90,0,176,86,0,171,97,0,171,87,0,171,112,0,170,85,0,171,76,0,176,86,0,146,85,0,166,106,0,170,103,0,165,88,0,164,86,0,163,115,0,166,115,0,160,117,0,162,142,0,155,146,0,151,152,0,147,198,0,141,182,0,135,191,0,134,100,0,174,85,0,154,99,0,167,86,0,168,82,0,172,85,0,169,66,0,169,93,0,150,69,0,165,78,0,169,74,0,163,65,0,174,62,0,174,66,0,174,65,0,170,62,0,174,55,0,180,54,0,170,65,0,170,61,0,174,64,0,174,65,0,168,107,0,177,98,0,165,63,0,176,55,0,175,64,0,175,61,0,175,57,0,171,44,0,171,65,0,175,42,0,170,35,0,174,72,0,180,49,0,179,47,0,166,53,0,174,68,0,173,82,0,142,99,0,138,80,0,160,101,0,161,129,0,134,147,0,154,153,0,118,184,0,143,173,0,121,178,0,131,74,0,133,74,0,180,65,0,171,29,0,175,37,0,175,32,0,181,37,0,176,33,0,182,36,0,173,33,0,177,10,0,183,13,0,173,33,0,177,26,0,173,36,0,173,35,0,146,35,0,178,22,0,155,27,0,177,40,0,182,43,0,182,70,0,175,70,0,174,88,0,168,26,0,178,33,0,174,24,0,174,28,0,156,31,0,174,14,0,153,31,0,167,12,0,170,25,0,183,26,0,178,30,0,178,12,0,173,42,0,177,42,0,172,48,0,146,50,0,165,69,0,155,101,0,168,107,0,161,127,0,157,136,0,152,163,0,147,166,0,109,172,0,134,55,0,182,35,0,176,11,0,183,12,0,174,38,0,178,18,0,171,3,0,177,10,0,183,0,0,178,0,0,178,0,0,154,3,0,184,8,0,179,0,0,184,0,0,179,0,0,179,0,0,179,7,0,178,0,0,184,47,0,173,7,0,177,35,0,182,40,0,175,81,0,169,12,0,176,0,0,180,0,0,186,0,0,176,0,0,185,0,0,176,0,0,179,0,0,180,0,0,180,1,0,175,0,0,179,0,0,179,24,0,184,0,0,173,21,0,169,34,0,175,61,0,144,74,0,166,96,0,167,115,0,155,133,0,154,167,0,158,170,0,142,157,0,137,31,0,177,19,0,178,26,0,178,33,0,184,0,0,184,6,0,184,10,0,178,0,0,179,0,0,184,0,0,157,0,0,178,9,0,178,0,0,178,0,0,183,2,0,179,7,0,158,0,0,184,0,0,179,0,0,178,14,0,182,6,0,168,37,0,181,42,0,175,75,0,156,11,0,181,0,0,180,0,0,186,0,0,175,0,0,180,0,0,186,0,0,164,0,0,186,0,0,176,0,0,179,0,0,185,0,0,174,0,0,183,0,0,177,4,0,176,33,0,170,33,0,172,47,0,165,99,0,168,110,0,159,108,0,142,156,0,148,140,0,143,138,0,142,62,0,176,27,0,177,42,0,173,8,0,183,16,0,178,42,0,178,35,0,174,16,0,167,3,0,167,16,0,156,27,0,178,23,0,174,10,0,178,3,0,178,9,0,160,3,0,152,18,0,183,6,0,177,14,0,176,22,0,176,48,0,139,47,0,166,74,0,171,96,0,169,0,0,180,0,0,180,0,0,180,0,0,185,0,0,179,0,0,180,0,0,186,0,0,180,0,0,185,0,0,164,0,0,179,0,0,178,27,0,178,0,0,158,33,0,172,42,0,174,61,0,168,74,0,153,86,0,166,121,0,161,123,0,119,142,0,147,142,0,145,152,0,136,151,22,1,0,26,60,1,0,1,0,247,224,
TMF8829_FRAME_HEADER,0,86,115,1,0,21,65,24,9,6,0,0,0,76,82,77,84,231,5,227,5,PAYLOAD,144,8,65,141,3,58,241,3,76,230,3,87,227,3,100,223,3,101,240,3,107,222,3,99,211,3,92,0,4,88,253,3,76,0,0,0,147,8,65,59,8,75,169,6,80,174,8,69,163,8,72,191,7,62,115,7,54,146,7,68,69,7,44,245,6,49,249,6,58,138,6,58,103,7,45,36,8,65,178,8,57,8,10,64,31,10,59,115,10,57,102,3,46,168,3,71,213,3,74,245,3,79,237,3,84,240,3,87,218,3,92,218,3,99,244,3,87,115,3,52,17,3,43,16,3,21,60,3,50,83,3,67,12,3,44,220,2,34,2,3,38,12,3,57,72,8,65,92,8,62,247,3,73,223,3,91,235,3,102,204,3,114,221,3,94,233,3,107,222,3,108,255,3,94,9,4,86,118,3,59,212,4,29,151,4,24,177,5,61,221,3,78,149,3,77,168,3,82,209,3,91,179,3,90,0,4,83,76,4,83,66,4,58,124,4,75,86,4,94,5,4,105,225,3,106,245,3,105,55,4,96,50,4,100,21,4,95,17,4,97,240,3,106,237,3,106,226,3,107,206,3,113,203,3,72,249,3,100,244,3,104,249,3,86,9,4,58,248,3,97,196,3,76,130,3,72,90,3,69,66,3,71,39,3,73,69,3,67,0,0,0,0,0,0,50,3,64,130,3,41,135,3,83,135,3,102,188,3,109,220,3,90,189,3,92,140,3,79,114,3,69,98,3,70,175,2,64,224,4,58,26,5,87,157,4,84,56,4,102,197,3,110,251,3,99,139,4,92,222,3,88,85,4,93,51,4,99,0,4,65,192,3,105,145,3,70,144,3,110,245,3,112,32,4,100,47,4,102,32,4,116,6,4,116,214,3,112,203,3,114,196,3,114,178,3,118,230,3,111,226,3,114,0,4,102,22,4,70,7,4,111,249,3,113,177,3,70,162,3,66,64,3,65,77,3,66,236,2,69,247,2,56,232,1,67,50,2,68,166,2,69,169,2,75,240,2,86,69,3,89,38,3,91,38,3,83,244,2,84,195,2,93,161,2,82,80,2,81,230,1,80,197,1,85,193,1,84,207,1,81,84,2,84,216,2,66,172,2,86,255,1,89,10,2,89,7,2,85,104,2,87,217,2,89,96,2,68,227,2,79,242,2,100,182,2,94,229,2,88,38,3,96,60,3,96,68,3,97,74,3,97,122,3,96,110,3,96,105,3,99,137,3,99,179,3,99,101,3,66,172,3,98,196,3,93,28,3,84,174,2,79,101,2,76,111,2,66,27,2,47,78,2,44,109,1,61,149,1,86,112,1,90,100,1,97,119,1,96,170,1,99,185,1,102,230,1,103,204,1,103,193,1,89,115,1,106,131,1,106,115,1,101,68,1,90,54,1,101,69,1,101,83,1,101,80,1,98,73,1,102,64,1,94,46,1,103,61,1,103,38,1,107,54,1,103,31,1,102,33,1,105,29,1,107,28,1,111,43,1,102,31,1,105,49,1,81,61,1,104,73,1,104,134,1,104,150,1,104,124,1,68,185,1,104,201,1,108,167,1,106,96,1,100,120,1,99,150,1,98,103,1,63,108,1,97,124,1,92,80,1,84,98,1,85,95,1,81,116,1,77,16,1,84,25,1,110,28,1,112,28,1,114,40,1,117,249,0,123,30,1,120,12,1,120,12,1,120,254,0,120,7,1,108,3,1,124,248,0,119,241,0,111,234,0,120,241,0,124,211,0,124,234,0,91,243,0,121,232,0,121,232,0,121,244,0,101,230,0,119,222,0,118,218,0,125,240,0,121,228,0,118,225,0,86,225,0,121,243,0,114,227,0,121,253,0,120,241,0,103,3,1,120,240,0,120,15,1,116,252,0,119,12,1,97,2,1,122,3,1,108,16,1,116,239,0,115,252,0,117,16,1,110,2,1,103,52,1,102,36,1,102,47,1,93,210,0,128,211,0,126,203,0,129,209,0,131,213,0,132,210,0,133,216,0,138,189,0,102,213,0,138,213,0,138,198,0,134,202,0,134,181,0,145,198,0,135,217,0,135,202,0,135,215,0,135,187,0,135,170,0,139,182,0,140,182,0,132,177,0,139,182,0,139,182,0,133,194,0,141,174,0,136,185,0,136,204,0,132,200,0,136,175,0,134,198,0,140,191,0,135,185,0,139,182,0,134,210,0,134,197,0,130,186,0,134,198,0,133,189,0,129,206,0,133,221,0,128,205,0,97,221,0,130,218,0,123,205,0,116,229,0,117,7,1,108,232,0,109,179,0,116,172,0,122,149,0,150,186,0,142,160,0,144,149,0,148,147,0,148,163,0,148,155,0,144,143,0,145,159,0,145,144,0,145,150,0,146,139,0,143,155,0,142,166,0,146,132,0,156,132,0,147,143,0,147,121,0,152,140,0,116,131,0,150,140,0,113,136,0,140,140,0,147,159,0,147,128,0,151,140,0,147,136,0,147,143,0,143,152,0,146,140,0,151,154,0,146,151,0,146,151,0,142,139,0,146,170,0,141,159,0,149,146,0,149,175,0,144,148,0,142,154,0,144,175,0,137,178,0,134,177,0,131,187,0,126,219,0,121,199,0,112,181,0,149,186,0,155,170,0,151,175,0,120,180,0,153,164,0,157,163,0,158,156,0,150,160,0,153,182,0,153,168,0,154,179,0,151,166,0,159,140,0,155,155,0,148,152,0,159,153,0,152,149,0,160,154,0,152,140,0,155,136,0,155,154,0,154,159,0,153,147,0,156,159,0,161,147,0,160,154,0,152,163,0,156,152,0,160,154,0,155,159,0,156,148,0,149,124,0,133,167,0,159,151,0,155,135,0,155,163,0,116,151,0,155,150,0,150,167,0,152,167,0,151,177,0,149,172,0,145,187,0,142,191,0,139,204,0,123,219,0,132,218,0,122,144,0,160,137,0,162,134,0,163,135,0,160,117,0,131,121,0,171,129,0,166,126,0,162,122,0,171,121,0,172,126,0,172,130,0,162,125,0,166,118,0,151,118,0,163,121,0,163,118,0,163,115,0,164,116,0,168,93,0,132,108,0,162,111,0,166,117,0,160,132,0,159,110,0,164,123,0,168,101,0,130,117,0,168,105,0,154,112,0,140,109,0,173,101,0,167,104,0,168,101,0,167,113,0,163,108,0,162,109,0,159,121,0,171,120,0,157,129,0,148,136,0,162,135,0,155,149,0,152,149,0,153,183,0,149,184,0,144,192,0,131,214,0,128,126,0,162,142,0,167,99,0,164,108,0,175,97,0,166,89,0,166,118,0,176,106,0,171,115,0,171,108,0,167,82,0,167,82,0,171,90,0,172,91,0,168,94,0,172,88,0,165,66,0,172,82,0,168,81,0,153,82,0,172,63,0,142,94,0,166,102,0,169,106,0,168,97,0,144,78,0,173,92,0,168,76,0,169,91,0,169,82,0,169,99,0,165,95,0,178,75,0,169,99,0,172,95,0,172,79,0,172,105,0,171,93,0,167,85,0,169,121,0,168,113,0,147,112,0,165,140,0,157,152,0,157,166,0,148,180,0,142,187,0,133,191,0,131,97,0,166,83,0,172,91,0,174,83,0,174,80,0,174,83,0,174,82,0,174,60,0,180,49,0,167,67,0,171,45,0,175,53,0,171,63,0,171,41,0,172,60,0,182,40,0,176,52,0,176,41,0,172,39,0,182,35,0,175,43,0,170,85,0,163,89,0,178,101,0,176,68,0,182,72,0,177,59,0,172,55,0,146,55,0,140,43,0,176,47,0,175,31,0,172,39,0,165,40,0,182,40,0,172,77,0,175,47,0,175,63,0,174,65,0,173,82,0,171,113,0,165,96,0,162,130,0,164,142,0,156,156,0,125,182,0,142,186,0,140,197,0,127,56,0,171,57,0,165,41,0,169,34,0,177,16,0,177,27,0,183,39,0,183,40,0,165,4,0,167,7,0,177,23,0,183,12,0,178,19,0,178,23,0,178,12,0,171,1,0,174,21,0,178,29,0,178,44,0,170,18,0,170,33,0,176,63,0,172,68,0,175,80,0,178,28,0,179,12,0,179,15,0,185,14,0,158,14,0,179,5,0,179,10,0,185,25,0,184,5,0,166,12,0,179,16,0,178,0,0,174,20,0,173,35,0,150,30,0,172,71,0,179,59,0,172,89,0,170,101,0,167,144,0,158,162,0,153,168,0,152,172,0,142,171,0,140,44,0,172,29,0,177,29,0,178,16,0,183,13,0,170,10,0,174,0,0,177,0,0,177,0,0,174,0,0,179,0,0,179,2,0,184,0,0,174,0,0,179,0,0,184,0,0,153,2,0,179,6,0,174,0,0,174,0,0,178,18,0,177,36,0,176,60,0,175,80,0,173,18,0,180,0,0,186,0,0,180,0,0,181,0,0,181,0,0,186,0,0,176,0,0,185,0,0,175,0,0,186,0,0,185,0,0,175,0,0,179,10,0,178,17,0,182,55,0,181,67,0,169,70,0,166,101,0,163,129,0,168,132,0,159,164,0,145,161,0,143,167,0,137,28,0,172,49,0,177,2,0,177,15,0,183,0,0,155,4,0,178,0,0,174,0,0,156,0,0,178,11,0,178,0,0,183,0,0,164,0,0,168,0,0,163,0,0,179,0,0,171,0,0,179,20,0,174,4,0,183,4,0,177,20,0,171,66,0,171,74,0,150,70,0,171,0,0,181,0,0,176,0,0,186,0,0,186,0,0,172,0,0,169,0,0,180,0,0,180,0,0,180,0,0,185,0,0,178,0,0,184,1,0,174,0,0,150,19,0,176,35,0,174,40,0,172,73,0,139,108,0,135,121,0,162,124,0,146,165,0,147,165,0,142,145,0,142,35,0,168,49,0,176,45,0,176,28,0,172,25,0,165,29,0,172,16,0,153,41,0,172,36,0,176,32,0,140,41,0,177,29,0,182,23,0,177,12,0,169,23,0,176,39,0,172,23,0,181,31,0,171,46,0,175,51,0,170,63,0,172,86,0,166,110,0,140,106,0,161,16,0,175,0,0,180,0,0,179,0,0,178,0,0,179,0,0,184,16,0,166,0,0,185,0,0,179,0,0,179,0,0,179,19,0,183,25,0,173,33,0,176,32,0,180,55,0,172,63,0,166,96,0,163,123,0,160,131,0,155,126,0,150,140,0,145,140,0,144,143,0,122,154,67,1,0,28,105,1,0,1,0,247,224,
TMF8829_FRAME_HEADER,0,214,167,1,0,21,1,24,9,7,0,0,0,78,82,78,84,228,5,224,5,PAYLOAD,107,8,65,229,3,46,208,3,77,237,3,91,230,3,97,209,3,98,236,3,107,233,3,97,250,3,92,6,4,84,27,4,75,134,3,23,154,8,78,151,8,66,34,7,55,180,8,71,177,8,26,242,7,59,102,7,61,227,6,19,143,7,50,135,7,59,252,7,24,204,7,28,251,7,56,35,8,65,162,8,55,245,9,59,87,10,69,114,10,63,147,10,54,248,8,38,181,8,33,166,2,42,245,2,43,50,3,50,72,3,30,59,3,50,81,3,52,9,13,56,112,13,45,177,13,49,10,3,45,31,3,16,209,2,65,229,2,33,191,2,32,0,3,57,79,8,53,134,3,61,240,3,77,218,3,84,238,3,105,217,3,105,220,3,113,217,3,105,216,3,100,228,3,100,236,3,83,223,3,18,42,7,50,81,8,65,150,6,102,134,8,60,170,8,73,165,3,74,201,3,66,50,4,74,99,4,72,2,4,64,69,4,69,99,4,71,180,3,75,171,3,75,151,3,77,238,3,58,58,4,85,26,4,91,45,4,92,35,4,93,255,3,94,254,3,97,229,3,104,213,3,107,212,3,107,206,3,109,232,3,97,197,3,23,174,3,66,209,3,71,146,3,75,82,3,69,77,3,75,56,3,75,37,3,71,75,3,67,39,8,44,59,8,51,213,3,72,248,3,47,226,3,99,194,3,117,195,3,152,242,3,128,202,3,105,247,3,98,248,3,89,169,3,65,0,0,0,193,4,45,234,3,41,32,4,77,230,3,97,174,3,108,177,3,99,159,3,87,227,3,97,34,4,93,73,4,95,83,4,100,53,4,97,0,4,108,232,3,87,192,3,109,0,4,112,19,4,112,224,3,112,199,3,112,185,3,108,177,3,107,186,3,113,189,3,109,188,3,110,252,3,106,240,3,111,255,3,100,250,3,109,4,4,106,206,3,86,172,3,38,133,3,75,105,3,67,33,3,64,24,3,61,0,0,0,0,0,0,44,2,62,231,2,65,6,3,41,78,3,90,86,3,104,57,3,81,4,3,70,27,3,71,210,2,67,10,3,79,209,2,60,202,2,72,141,4,78,165,4,63,62,4,87,227,3,95,201,3,100,158,4,91,149,4,81,43,4,86,86,4,89,11,4,94,115,3,66,82,3,110,132,3,96,255,3,89,246,3,91,47,4,97,22,4,106,8,4,104,240,3,88,208,3,112,206,3,116,194,3,111,227,3,106,198,3,96,213,3,88,224,3,63,0,4,93,185,3,83,82,3,74,57,3,41,64,3,41,245,2,66,112,2,72,133,2,69,199,1,41,188,1,72,217,1,81,16,2,87,52,2,95,135,2,98,152,2,92,145,2,83,96,2,94,54,2,93,250,1,93,171,1,71,122,1,95,119,1,87,102,1,91,99,1,71,123,1,92,163,1,89,176,1,94,123,1,93,125,1,60,126,1,93,119,1,93,109,1,93,38,1,99,59,1,100,108,1,100,74,1,100,111,1,89,145,1,103,213,1,103,238,1,94,97,2,80,108,2,99,137,2,98,194,2,71,229,2,103,210,2,85,47,2,86,93,2,92,214,2,92,12,2,87,198,1,84,193,1,80,188,1,84,145,1,78,147,1,74,112,1,73,93,1,97,58,1,100,75,1,103,46,1,107,66,1,113,87,1,92,83,1,116,57,1,87,66,1,111,60,1,116,26,1,115,40,1,115,31,1,111,35,1,115,37,1,100,31,1,111,249,0,111,6,1,116,25,1,117,26,1,112,17,1,117,19,1,77,252,0,111,18,1,110,17,1,113,240,0,80,37,1,79,4,1,113,6,1,117,5,1,109,26,1,122,16,1,116,19,1,108,29,1,87,30,1,112,71,1,108,55,1,116,80,1,101,22,1,109,63,1,91,34,1,111,41,1,101,51,1,103,30,1,97,33,1,93,45,1,98,55,1,89,65,1,86,247,0,119,248,0,119,246,0,121,231,0,105,224,0,129,234,0,130,223,0,127,224,0,128,241,0,107,227,0,112,205,0,128,230,0,127,216,0,124,216,0,127,215,0,128,205,0,132,195,0,127,204,0,128,238,0,133,205,0,89,199,0,133,204,0,128,185,0,131,199,0,122,211,0,134,220,0,130,196,0,126,205,0,129,210,0,139,209,0,106,211,0,113,205,0,128,216,0,132,215,0,132,224,0,127,223,0,127,245,0,114,213,0,127,239,0,126,230,0,126,213,0,103,235,0,122,234,0,105,224,0,84,14,1,110,1,1,109,236,0,101,5,1,99,213,0,131,190,0,121,181,0,135,189,0,109,190,0,139,177,0,143,176,0,111,197,0,137,207,0,137,184,0,137,177,0,140,156,0,109,180,0,141,162,0,144,190,0,107,157,0,141,162,0,140,164,0,141,184,0,142,154,0,142,160,0,145,173,0,100,154,0,139,156,0,138,183,0,142,194,0,147,173,0,141,195,0,142,181,0,145,161,0,140,164,0,150,174,0,140,169,0,140,172,0,144,177,0,140,176,0,140,199,0,144,173,0,140,172,0,143,172,0,142,209,0,137,184,0,136,191,0,129,221,0,129,184,0,126,232,0,122,207,0,100,232,0,115,180,0,147,189,0,149,179,0,150,170,0,148,179,0,149,173,0,154,182,0,154,163,0,113,173,0,149,155,0,150,171,0,150,158,0,150,176,0,155,166,0,151,168,0,151,159,0,151,167,0,151,146,0,148,161,0,156,139,0,148,156,0,155,157,0,150,150,0,126,160,0,147,172,0,162,158,0,148,146,0,152,145,0,152,158,0,152,157,0,152,153,0,151,166,0,133,154,0,151,160,0,155,154,0,151,161,0,150,168,0,151,158,0,155,169,0,154,160,0,149,181,0,147,165,0,144,177,0,141,187,0,143,189,0,128,212,0,128,241,0,130,229,0,124,162,0,152,167,0,154,146,0,159,153,0,160,135,0,143,137,0,161,147,0,158,133,0,154,139,0,158,143,0,162,140,0,162,127,0,154,124,0,159,137,0,159,135,0,159,140,0,126,125,0,149,131,0,160,119,0,165,120,0,148,118,0,163,131,0,158,131,0,130,141,0,146,147,0,157,122,0,170,140,0,140,134,0,160,120,0,160,116,0,164,126,0,160,143,0,160,127,0,164,138,0,159,128,0,159,138,0,159,138,0,150,132,0,155,135,0,162,122,0,157,132,0,151,146,0,156,173,0,149,175,0,146,174,0,142,197,0,142,203,0,131,221,0,124,125,0,163,133,0,165,124,0,167,114,0,173,135,0,168,110,0,168,112,0,164,94,0,168,107,0,161,99,0,165,108,0,165,102,0,169,93,0,159,113,0,169,84,0,139,95,0,170,96,0,166,106,0,176,103,0,170,85,0,162,102,0,165,104,0,168,118,0,163,120,0,129,98,0,171,96,0,171,92,0,176,88,0,166,98,0,176,89,0,171,111,0,166,83,0,171,78,0,170,88,0,145,86,0,170,112,0,166,106,0,170,89,0,164,88,0,168,114,0,172,120,0,164,116,0,163,141,0,155,147,0,151,157,0,147,197,0,141,183,0,145,198,0,130,100,0,165,86,0,149,96,0,177,89,0,168,83,0,168,85,0,173,66,0,173,94,0,149,69,0,165,78,0,173,71,0,169,69,0,179,62,0,174,63,0,169,65,0,170,62,0,170,52,0,174,54,0,175,65,0,167,58,0,174,64,0,174,65,0,165,104,0,171,98,0,165,62,0,175,56,0,181,66,0,175,64,0,180,58,0,175,46,0,171,64,0,175,43,0,170,37,0,179,71,0,174,50,0,174,49,0,174,52,0,173,69,0,168,87,0,140,102,0,139,81,0,160,103,0,161,128,0,134,148,0,154,155,0,119,183,0,153,178,0,119,177,0,132,74,0,133,71,0,174,65,0,175,29,0,181,39,0,164,32,0,171,37,0,176,30,0,177,32,0,182,33,0,177,11,0,177,17,0,177,33,0,183,23,0,177,32,0,177,35,0,148,35,0,178,22,0,156,31,0,173,41,0,177,43,0,176,70,0,175,67,0,174,92,0,168,25,0,183,34,0,170,30,0,178,27,0,153,32,0,174,20,0,155,30,0,174,13,0,174,27,0,178,25,0,173,31,0,177,14,0,173,41,0,177,43,0,172,50,0,148,49,0,168,70,0,160,103,0,168,106,0,165,128,0,157,138,0,157,162,0,147,167,0,108,178,0,139,51,0,182,32,0,182,11,0,177,12,0,170,35,0,184,18,0,165,7,0,183,7,0,177,2,0,178,0,0,184,0,0,155,3,0,179,8,0,174,0,0,178,0,0,185,0,0,179,0,0,185,7,0,178,0,0,184,44,0,173,3,0,177,35,0,177,36,0,181,85,0,166,11,0,180,1,0,185,0,0,180,0,0,186,0,0,185,0,0,176,0,0,185,0,0,176,0,0,175,3,0,175,0,0,179,0,0,179,23,0,178,0,0,178,23,0,172,33,0,175,62,0,146,76,0,166,98,0,167,120,0,155,138,0,154,162,0,153,167,0,142,166,0,141,31,0,182,20,0,183,26,0,178,33,0,178,0,0,178,6,0,184,10,0,183,0,0,179,0,0,174,0,0,159,0,0,178,9,0,184,0,0,184,0,0,183,2,0,184,10,0,163,0,0,184,0,0,184,0,0,178,15,0,177,6,0,165,33,0,176,39,0,180,75,0,158,10,0,181,0,0,176,0,0,176,0,0,180,0,0,180,0,0,180,0,0,166,0,0,180,0,0,176,0,0,172,0,0,179,0,0,178,0,0,178,0,0,177,3,0,176,32,0,170,34,0,172,49,0,169,98,0,168,111,0,159,110,0,145,155,0,153,141,0,143,144,0,142,62,0,172,24,0,177,42,0,173,12,0,178,13,0,183,42,0,178,39,0,178,16,0,162,3,0,173,16,0,156,24,0,178,23,0,184,10,0,174,0,0,178,9,0,160,3,0,151,15,0,177,6,0,173,14,0,176,19,0,176,52,0,139,51,0,169,71,0,171,96,0,174,0,0,175,0,0,186,0,0,180,0,0,180,0,0,179,0,0,180,0,0,180,0,0,180,0,0,180,0,0,166,0,0,179,0,0,184,26,0,174,1,0,154,35,0,168,41,0,174,62,0,168,76,0,155,81,0,161,122,0,157,125,0,118,149,0,147,139,0,145,150,0,136,63,120,1,0,194,157,1,0,1,0,247,224,
TMF8829_FRAME_HEADER,0,4,213,1,0,21,65,24,9,8,0,0,0,78,82,78,84,235,5,228,5,PAYLOAD,116,8,66,162,3,54,220,3,75,219,3,88,237,3,96,233,3,101,232,3,107,228,3,100,216,3,103,244,3,88,251,3,85,0,3,40,155,8,66,80,8,71,163,6,80,177,8,70,161,8,80,189,7,66,216,2,57,137,7,57,95,7,56,141,6,51,232,6,58,187,6,53,63,7,45,30,8,63,162,8,52,11,10,64,32,10,67,102,10,61,155,3,50,201,3,73,254,3,75,244,3,79,243,3,82,247,3,90,221,3,96,212,3,108,243,3,80,117,3,51,70,3,54,39,3,26,55,3,49,46,3,66,0,3,43,12,3,36,225,2,57,8,3,70,75,8,60,109,8,64,241,3,76,219,3,90,229,3,99,210,3,114,217,3,93,235,3,107,224,3,103,247,3,94,254,3,84,165,3,57,231,4,26,0,0,0,245,5,62,225,3,76,147,3,79,166,3,85,190,3,91,189,3,86,250,3,87,42,4,80,64,4,56,122,4,71,77,4,98,239,3,102,224,3,107,248,3,100,57,4,96,49,4,96,16,4,95,19,4,98,232,3,105,232,3,102,220,3,107,205,3,108,210,3,73,254,3,100,243,3,104,229,3,82,15,4,58,251,3,100,202,3,83,139,3,58,89,3,75,65,3,77,79,3,68,41,3,67,0,0,0,103,2,52,90,3,59,126,3,43,137,3,84,137,3,101,183,3,109,225,3,90,191,3,96,136,3,78,151,3,65,96,3,70,209,2,42,180,4,57,9,5,74,175,4,90,51,4,97,210,3,109,232,3,99,157,4,97,254,3,93,93,4,83,49,4,96,243,3,65,182,3,105,158,3,71,139,3,110,240,3,104,34,4,103,34,4,102,43,4,102,11,4,111,213,3,113,202,3,114,194,3,115,177,3,114,229,3,107,220,3,114,247,3,106,29,4,71,13,4,111,0,4,104,192,3,81,148,3,70,56,3,78,25,3,66,254,2,60,211,2,61,30,2,71,91,2,73,68,2,73,196,2,85,238,2,81,71,3,89,49,3,95,32,3,87,1,3,84,198,2,83,194,2,83,75,2,81,6,2,77,242,1,85,164,1,77,230,1,81,132,2,84,205,2,69,149,2,97,20,2,84,43,2,85,228,1,85,114,2,86,207,2,89,106,2,69,186,2,77,222,2,97,216,2,94,231,2,91,32,3,92,74,3,106,66,3,93,77,3,97,108,3,104,107,3,99,92,3,99,136,3,99,181,3,98,92,3,66,159,3,94,190,3,89,51,3,84,189,2,72,142,2,76,118,2,77,69,2,49,122,2,45,251,1,67,122,1,86,114,1,89,106,1,93,126,1,96,164,1,103,191,1,101,218,1,103,214,1,103,179,1,90,111,1,106,129,1,102,121,1,101,68,1,88,60,1,101,79,1,101,79,1,101,79,1,102,82,1,106,68,1,91,52,1,103,82,1,107,57,1,99,40,1,103,40,1,102,28,1,106,31,1,106,35,1,106,45,1,102,33,1,109,33,1,80,72,1,104,59,1,101,125,1,104,166,1,104,129,1,69,156,1,104,200,1,104,148,1,103,91,1,96,126,1,99,152,1,98,118,1,61,111,1,96,114,1,96,71,1,85,105,1,81,108,1,86,119,1,78,16,1,84,38,1,114,15,1,113,27,1,114,42,1,117,3,1,123,22,1,119,9,1,120,14,1,120,247,0,120,5,1,113,14,1,116,244,0,119,251,0,111,232,0,119,241,0,124,229,0,120,236,0,90,224,0,120,227,0,121,242,0,121,240,0,100,236,0,123,224,0,118,220,0,126,235,0,126,227,0,118,228,0,86,223,0,121,238,0,114,233,0,120,244,0,120,236,0,102,2,1,124,238,0,120,14,1,119,251,0,119,9,1,98,5,1,118,6,1,103,9,1,117,235,0,111,247,0,109,1,1,110,14,1,106,43,1,102,31,1,98,42,1,93,214,0,123,217,0,123,213,0,129,201,0,127,219,0,132,208,0,133,216,0,133,200,0,102,215,0,133,216,0,138,204,0,134,204,0,134,177,0,135,204,0,135,219,0,139,198,0,131,217,0,139,185,0,135,169,0,139,180,0,136,184,0,135,181,0,135,188,0,138,188,0,137,201,0,136,180,0,137,192,0,137,206,0,129,202,0,140,178,0,134,194,0,135,193,0,131,184,0,135,185,0,139,204,0,134,200,0,130,185,0,134,196,0,133,200,0,133,205,0,129,219,0,128,208,0,96,220,0,123,212,0,124,200,0,120,228,0,116,250,0,111,231,0,105,175,0,117,174,0,120,158,0,141,182,0,142,162,0,144,151,0,140,143,0,140,165,0,144,161,0,144,139,0,144,165,0,145,153,0,145,154,0,146,138,0,146,161,0,150,158,0,151,138,0,151,138,0,147,143,0,147,119,0,147,149,0,116,131,0,146,146,0,114,138,0,147,139,0,144,153,0,147,123,0,147,135,0,151,138,0,147,138,0,146,151,0,146,138,0,146,157,0,151,150,0,143,153,0,146,142,0,150,173,0,145,153,0,142,149,0,149,166,0,144,150,0,142,157,0,140,174,0,137,176,0,134,176,0,131,190,0,126,213,0,125,205,0,108,177,0,149,188,0,151,172,0,155,171,0,119,182,0,157,170,0,163,155,0,158,158,0,150,162,0,153,178,0,153,170,0,158,178,0,154,162,0,154,142,0,155,153,0,154,152,0,154,155,0,155,158,0,155,150,0,160,142,0,155,138,0,159,150,0,154,161,0,153,149,0,156,158,0,156,145,0,156,153,0,150,162,0,160,150,0,160,153,0,155,154,0,160,146,0,155,123,0,133,166,0,155,149,0,159,138,0,159,166,0,115,153,0,154,149,0,150,166,0,152,157,0,150,176,0,149,171,0,145,185,0,142,189,0,140,206,0,125,221,0,125,209,0,122,140,0,165,139,0,162,136,0,163,131,0,160,119,0,131,123,0,165,125,0,166,128,0,162,128,0,166,117,0,166,132,0,162,132,0,172,121,0,162,120,0,151,120,0,163,117,0,167,120,0,168,117,0,168,111,0,168,95,0,133,110,0,162,107,0,166,123,0,160,134,0,159,113,0,168,124,0,168,104,0,131,116,0,168,107,0,152,111,0,137,108,0,167,103,0,163,107,0,163,104,0,167,107,0,162,107,0,167,108,0,162,119,0,162,123,0,161,124,0,150,134,0,157,134,0,152,148,0,157,151,0,149,185,0,141,183,0,140,189,0,134,209,0,128,122,0,166,147,0,163,104,0,169,104,0,170,103,0,162,91,0,170,113,0,166,104,0,171,117,0,167,104,0,171,84,0,167,87,0,177,86,0,172,93,0,168,96,0,168,81,0,168,68,0,173,84,0,178,77,0,150,84,0,172,68,0,144,90,0,170,104,0,169,104,0,163,92,0,146,80,0,169,91,0,173,75,0,173,89,0,173,81,0,173,101,0,165,93,0,173,74,0,168,101,0,168,93,0,164,74,0,172,108,0,177,91,0,167,84,0,169,124,0,161,114,0,149,107,0,164,135,0,153,150,0,157,165,0,148,179,0,143,185,0,136,189,0,134,93,0,167,89,0,168,93,0,169,79,0,174,82,0,170,85,0,174,78,0,174,62,0,175,51,0,167,63,0,171,47,0,175,59,0,171,59,0,171,43,0,181,62,0,182,35,0,176,54,0,176,43,0,182,34,0,172,37,0,175,45,0,175,81,0,161,91,0,178,107,0,166,67,0,177,70,0,177,58,0,172,54,0,143,57,0,139,42,0,182,46,0,175,29,0,168,37,0,156,42,0,182,37,0,176,76,0,181,46,0,175,61,0,174,64,0,173,81,0,164,111,0,169,95,0,172,133,0,164,143,0,156,151,0,125,185,0,146,180,0,139,188,0,130,52,0,175,59,0,168,43,0,166,34,0,177,18,0,182,29,0,177,34,0,178,42,0,165,6,0,170,3,0,177,25,0,183,14,0,178,15,0,178,25,0,178,14,0,174,1,0,174,23,0,178,31,0,178,40,0,174,20,0,170,35,0,172,59,0,176,70,0,175,85,0,173,27,0,175,10,0,185,18,0,179,17,0,161,12,0,179,4,0,185,9,0,185,23,0,174,4,0,164,11,0,179,14,0,174,3,0,174,19,0,178,33,0,152,29,0,176,70,0,173,61,0,172,88,0,166,100,0,162,142,0,168,161,0,157,167,0,147,174,0,138,178,0,140,40,0,172,31,0,177,34,0,178,12,0,178,15,0,167,12,0,174,0,0,183,3,0,177,0,0,168,0,0,179,0,0,184,8,0,179,0,0,171,0,0,184,0,0,179,0,0,155,4,0,179,4,0,174,0,0,184,0,0,178,20,0,172,32,0,172,62,0,171,82,0,173,17,0,180,0,0,180,0,0,186,0,0,181,0,0,176,0,0,186,0,0,176,0,0,180,0,0,179,0,0,180,0,0,185,0,0,175,1,0,184,12,0,174,16,0,172,54,0,175,65,0,174,69,0,171,100,0,167,127,0,163,131,0,158,163,0,153,159,0,143,162,0,142,24,0,182,51,0,173,4,0,182,11,0,173,0,0,162,10,0,174,0,0,174,2,0,158,0,0,174,3,0,178,0,0,183,0,0,164,0,0,163,0,0,161,0,0,179,0,0,174,0,0,184,25,0,183,0,0,173,6,0,177,22,0,176,62,0,167,76,0,146,72,0,171,0,0,181,0,0,186,0,0,181,0,0,180,0,0,180,0,0,176,0,0,185,0,0,186,0,0,180,0,0,185,0,0,184,0,0,179,0,0,178,0,0,150,18,0,172,39,0,174,37,0,172,76,0,139,104,0,136,119,0,162,119,0,146,160,0,147,163,0,142,148,0,137,35,0,168,51,0,172,47,0,176,24,0,176,27,0,165,31,0,172,16,0,153,43,0,176,43,0,172,28,0,141,43,0,177,27,0,177,19,0,172,18,0,172,25,0,176,34,0,182,29,0,172,33,0,167,42,0,170,53,0,174,65,0,178,82,0,166,112,0,138,108,0,161,15,0,175,0,0,185,0,0,175,0,0,178,0,0,185,0,0,184,19,0,164,0,0,179,0,0,179,0,0,179,0,0,184,18,0,183,24,0,183,31,0,182,35,0,175,54,0,173,61,0,170,91,0,163,122,0,164,125,0,155,125,0,154,143,0,144,134,0,140,146,0,124,66,165,1,0,196,202,1,0,1,0,247,224,
TMF8829_FRAME_HEADER,0,127,9,2,0,21,1,24,9,9,0,0,0,78,82,78,84,232,5,226,5,PAYLOAD,111,8,64,195,3,45,221,3,74,222,3,87,220,3,93,211,3,103,232,3,102,245,3,101,240,3,95,243,3,88,253,3,74,202,2,12,145,8,74,128,8,65,32,7,60,173,8,71,139,8,25,194,7,56,114,7,55,84,7,18,149,7,60,123,7,60,229,7,22,179,7,26,244,7,59,23,8,58,151,8,52,254,9,68,87,10,63,127,10,62,137,10,50,216,8,49,165,2,39,230,2,46,222,2,44,17,3,48,70,3,27,112,3,63,117,3,63,3,13,51,92,13,51,166,13,44,39,3,45,12,3,14,254,2,56,234,2,54,223,2,32,254,2,56,117,8,54,158,3,58,242,3,76,229,3,88,246,3,100,223,3,105,213,3,118,207,3,109,221,3,100,239,3,91,249,3,87,240,3,28,57,7,43,97,8,65,141,6,102,158,8,61,186,8,74,163,3,76,181,3,68,51,4,75,108,4,68,17,4,62,101,4,66,88,4,70,186,3,74,167,3,77,156,3,76,217,3,58,42,4,89,12,4,88,31,4,90,39,4,96,245,3,102,3,4,96,221,3,100,214,3,106,214,3,106,213,3,113,222,3,96,132,3,26,163,3,69,199,3,74,133,3,75,94,3,51,87,3,74,50,3,70,22,3,70,73,3,68,78,8,49,64,8,51,191,3,65,233,3,46,231,3,98,187,3,112,190,3,148,246,3,128,195,3,100,251,3,98,234,3,89,210,3,66,0,0,0,236,4,45,108,4,36,15,4,73,231,3,96,172,3,105,165,3,99,160,3,87,228,3,94,22,4,93,74,4,98,81,4,105,43,4,97,15,4,112,215,3,87,194,3,109,4,4,107,5,4,108,225,3,113,202,3,108,183,3,108,175,3,108,182,3,108,183,3,109,190,3,115,248,3,104,238,3,104,1,4,96,249,3,101,6,4,106,223,3,77,165,3,43,111,3,70,107,3,67,61,3,68,233,2,59,0,0,0,0,0,0,228,1,62,227,2,63,3,3,40,83,3,94,82,3,109,34,3,77,239,2,75,229,2,71,211,2,69,5,3,74,233,2,60,215,2,76,120,4,77,161,4,65,44,4,87,214,3,91,185,3,96,128,4,85,135,4,85,85,4,82,87,4,90,32,4,90,113,3,100,82,3,105,130,3,92,238,3,102,1,4,109,45,4,94,8,4,106,0,4,104,234,3,91,206,3,112,193,3,111,191,3,120,221,3,106,198,3,100,199,3,88,214,3,62,248,3,97,219,3,79,95,3,74,14,3,41,244,2,41,243,2,66,177,2,64,135,2,69,199,1,39,182,1,75,204,1,79,249,1,87,80,2,91,153,2,97,143,2,96,150,2,82,102,2,94,35,2,93,251,1,92,173,1,71,125,1,90,108,1,85,100,1,91,114,1,70,135,1,93,168,1,90,156,1,93,139,1,92,96,1,58,133,1,93,108,1,93,115,1,93,66,1,103,94,1,99,95,1,99,69,1,99,104,1,85,116,1,98,192,1,98,25,2,98,84,2,82,103,2,99,157,2,98,181,2,71,210,2,109,203,2,85,84,2,86,110,2,97,168,2,96,22,2,92,174,1,85,181,1,84,193,1,85,186,1,77,171,1,74,133,1,80,72,1,93,71,1,105,77,1,103,49,1,110,78,1,113,85,1,89,75,1,111,69,1,87,64,1,108,40,1,116,31,1,111,30,1,111,23,1,111,29,1,112,35,1,100,23,1,111,250,0,111,12,1,111,13,1,109,23,1,112,15,1,112,19,1,77,8,1,107,0,1,120,10,1,117,239,0,80,7,1,79,254,0,110,6,1,113,11,1,113,28,1,113,8,1,112,9,1,112,23,1,86,30,1,111,81,1,111,53,1,111,80,1,101,27,1,109,61,1,93,26,1,104,27,1,109,49,1,107,38,1,100,27,1,98,39,1,90,66,1,89,59,1,85,247,0,115,249,0,119,241,0,121,231,0,108,225,0,121,239,0,130,219,0,127,225,0,127,232,0,107,227,0,114,214,0,127,224,0,132,204,0,132,221,0,132,213,0,128,213,0,132,187,0,128,210,0,128,242,0,133,210,0,88,197,0,128,200,0,125,190,0,127,197,0,126,209,0,130,220,0,130,186,0,129,207,0,133,203,0,125,211,0,106,205,0,117,205,0,128,221,0,128,220,0,132,216,0,127,225,0,132,243,0,114,209,0,126,237,0,130,232,0,125,209,0,103,229,0,127,228,0,103,228,0,81,11,1,114,6,1,109,239,0,105,27,1,96,213,0,135,196,0,119,179,0,135,181,0,108,196,0,140,179,0,138,169,0,110,198,0,140,209,0,137,180,0,137,178,0,141,158,0,108,172,0,141,166,0,140,188,0,108,153,0,145,167,0,145,162,0,145,180,0,147,159,0,142,158,0,145,176,0,100,155,0,139,150,0,138,181,0,142,189,0,142,171,0,145,192,0,142,177,0,145,159,0,140,158,0,136,174,0,144,175,0,140,166,0,140,173,0,139,174,0,140,205,0,140,173,0,139,167,0,139,174,0,138,209,0,138,178,0,131,194,0,137,217,0,130,182,0,122,226,0,122,210,0,102,230,0,107,176,0,142,186,0,154,173,0,150,166,0,148,184,0,149,171,0,149,178,0,154,164,0,115,171,0,154,151,0,150,176,0,150,156,0,150,169,0,151,167,0,155,162,0,151,155,0,148,168,0,155,144,0,148,157,0,152,144,0,152,154,0,151,153,0,150,151,0,126,158,0,147,170,0,157,154,0,152,144,0,156,143,0,152,154,0,152,159,0,152,155,0,152,158,0,132,155,0,151,158,0,151,150,0,151,155,0,155,166,0,147,158,0,150,167,0,150,166,0,149,177,0,152,159,0,138,175,0,141,183,0,138,187,0,126,210,0,132,245,0,126,230,0,119,155,0,152,172,0,158,144,0,159,146,0,160,136,0,147,131,0,157,143,0,158,134,0,154,140,0,162,136,0,162,138,0,162,125,0,158,120,0,163,138,0,163,133,0,159,136,0,127,126,0,147,129,0,156,114,0,160,125,0,151,115,0,159,127,0,159,132,0,128,135,0,144,145,0,161,118,0,170,138,0,139,132,0,170,115,0,160,117,0,156,124,0,156,143,0,164,125,0,164,136,0,159,124,0,159,136,0,159,139,0,155,128,0,158,133,0,162,120,0,153,128,0,154,140,0,149,175,0,146,171,0,146,180,0,146,195,0,136,203,0,131,215,0,125,121,0,163,134,0,165,122,0,167,110,0,167,136,0,168,108,0,168,112,0,161,95,0,168,105,0,169,95,0,169,105,0,169,104,0,161,89,0,156,114,0,169,82,0,139,91,0,170,97,0,176,100,0,171,99,0,170,86,0,165,96,0,165,100,0,168,119,0,167,118,0,130,96,0,176,92,0,171,90,0,176,86,0,171,94,0,171,87,0,166,105,0,176,82,0,166,76,0,170,86,0,146,86,0,170,106,0,175,104,0,165,85,0,169,86,0,163,112,0,162,112,0,160,117,0,163,139,0,152,143,0,151,155,0,147,195,0,142,183,0,135,196,0,134,96,0,161,87,0,152,94,0,171,85,0,172,80,0,178,83,0,173,66,0,169,95,0,145,67,0,168,70,0,173,72,0,169,63,0,179,58,0,170,64,0,174,63,0,174,58,0,180,53,0,170,52,0,175,61,0,167,59,0,170,66,0,174,61,0,168,105,0,167,96,0,162,60,0,175,52,0,171,64,0,175,62,0,175,54,0,175,44,0,171,62,0,180,38,0,170,40,0,170,69,0,180,46,0,174,47,0,170,50,0,169,65,0,172,85,0,139,96,0,138,77,0,157,97,0,171,126,0,133,144,0,154,153,0,118,181,0,148,174,0,120,178,0,136,74,0,133,72,0,170,67,0,175,25,0,175,35,0,167,30,0,176,33,0,176,31,0,177,30,0,177,29,0,172,12,0,177,15,0,173,29,0,177,24,0,177,34,0,182,31,0,148,36,0,183,20,0,155,27,0,177,42,0,177,41,0,182,66,0,175,68,0,174,90,0,164,23,0,178,30,0,174,28,0,183,25,0,153,28,0,174,18,0,156,28,0,170,9,0,174,29,0,178,23,0,183,27,0,177,16,0,183,43,0,177,43,0,176,48,0,149,47,0,168,70,0,158,101,0,164,108,0,165,124,0,157,136,0,152,164,0,147,163,0,108,172,0,134,51,0,172,33,0,182,13,0,183,8,0,174,36,0,184,16,0,168,3,0,182,8,0,183,0,0,178,0,0,178,0,0,155,1,0,179,4,0,174,0,0,174,0,0,179,0,0,175,0,0,184,5,0,184,0,0,184,45,0,170,5,0,173,35,0,177,37,0,171,83,0,169,13,0,185,1,0,185,0,0,186,0,0,176,0,0,180,0,0,176,0,0,185,0,0,166,0,0,180,1,0,180,0,0,179,0,0,185,21,0,174,0,0,178,25,0,166,34,0,171,58,0,142,74,0,170,96,0,167,115,0,159,136,0,154,164,0,153,167,0,147,164,0,141,27,0,177,21,0,174,24,0,178,29,0,184,0,0,184,4,0,178,6,0,174,0,0,174,0,0,179,0,0,155,0,0,184,7,0,178,0,0,184,0,0,174,0,0,179,6,0,159,0,0,185,0,0,175,0,0,178,16,0,177,4,0,171,29,0,172,40,0,180,73,0,154,8,0,173,0,0,180,0,0,186,0,0,180,0,0,185,0,0,180,0,0,166,0,0,180,0,0,172,0,0,185,0,0,179,0,0,174,0,0,174,0,0,177,4,0,172,34,0,170,30,0,178,47,0,169,96,0,168,107,0,159,108,0,142,153,0,148,141,0,139,138,0,138,58,0,172,29,0,182,40,0,173,4,0,178,14,0,178,40,0,183,31,0,174,17,0,160,1,0,170,16,0,155,25,0,178,21,0,178,10,0,178,1,0,178,7,0,156,0,0,151,16,0,177,4,0,177,14,0,176,20,0,176,50,0,137,43,0,169,72,0,171,94,0,169,0,0,185,0,0,186,0,0,186,0,0,180,0,0,179,0,0,185,0,0,180,0,0,185,0,0,180,0,0,166,0,0,179,0,0,184,24,0,178,0,0,156,33,0,172,38,0,170,62,0,168,74,0,155,83,0,161,118,0,161,123,0,118,143,0,151,143,0,141,152,0,137,232,217,1,0,106,255,1,0,1,0,247,224,
TMF8829_FRAME_HEADER,0,168,54,2,0,21,65,24,9,10,0,0,0,78,82,78,84,235,5,229,5,PAYLOAD,143,8,69,79,8,58,233,3,81,238,3,92,232,3,100,223,3,100,240,3,103,227,3,100,210,3,97,252,3,87,250,3,79,156,3,53,143,8,70,102,8,80,161,6,76,181,8,75,175,8,75,176,7,69,149,7,57,178,7,59,15,7,50,184,6,50,56,7,54,161,6,58,54,7,45,90,8,64,157,8,55,36,10,64,23,10,63,112,3,64,143,3,52,192,3,68,219,3,74,235,3,72,241,3,87,238,3,88,228,3,93,214,3,99,242,3,84,251,12,61,21,3,45,236,2,24,50,3,48,48,3,65,49,3,44,229,2,36,216,2,57,18,3,42,60,8,62,123,8,65,243,3,80,226,3,91,228,3,103,204,3,114,221,3,93,230,3,104,229,3,98,8,4,91,5,4,86,187,3,59,200,4,36,23,5,26,79,6,58,229,3,70,153,3,78,160,3,82,190,3,91,192,3,86,248,3,82,34,4,88,59,4,56,116,4,75,76,4,95,249,3,101,223,3,106,239,3,105,66,4,102,56,4,97,15,4,95,25,4,104,235,3,105,235,3,106,226,3,107,204,3,113,193,3,73,0,4,104,242,3,108,243,3,86,4,4,58,234,3,100,205,3,84,126,3,73,112,3,67,52,3,76,51,3,74,51,3,68,0,0,0,158,8,10,92,3,40,126,3,43,147,3,88,134,3,102,188,3,114,220,3,90,184,3,92,117,3,73,126,3,77,75,3,75,90,2,67,191,4,42,19,5,76,148,4,95,53,4,94,204,3,105,244,3,104,144,4,90,0,4,88,89,4,90,52,4,99,237,3,64,190,3,101,149,3,72,138,3,114,236,3,108,25,4,110,29,4,102,38,4,111,13,4,111,216,3,113,198,3,114,196,3,115,176,3,114,220,3,105,222,3,114,246,3,102,35,4,72,15,4,108,255,3,107,199,3,74,177,3,72,62,3,73,94,3,49,236,2,64,253,2,60,34,2,66,28,2,68,104,2,76,181,2,75,245,2,81,65,3,93,53,3,95,35,3,83,255,2,86,195,2,84,189,2,82,37,2,77,250,1,80,221,1,85,185,1,80,246,1,81,70,2,84,195,2,66,187,2,87,38,2,84,247,1,85,205,1,85,124,2,91,189,2,89,82,2,69,200,2,79,208,2,96,195,2,98,229,2,91,43,3,96,51,3,96,64,3,93,65,3,98,120,3,99,122,3,96,111,3,99,143,3,99,179,3,95,103,3,67,147,3,90,196,3,89,38,3,84,180,2,77,152,2,76,132,2,78,29,2,45,70,2,42,211,1,64,138,1,85,105,1,90,100,1,92,119,1,100,147,1,98,178,1,100,211,1,107,186,1,103,166,1,90,130,1,106,124,1,106,111,1,98,64,1,88,51,1,102,69,1,98,79,1,102,74,1,101,80,1,103,72,1,92,58,1,107,61,1,107,53,1,107,35,1,107,31,1,102,16,1,105,29,1,111,41,1,111,44,1,99,27,1,105,47,1,82,71,1,104,73,1,105,105,1,108,165,1,104,158,1,69,183,1,104,207,1,104,167,1,102,102,1,99,125,1,98,150,1,94,120,1,62,103,1,96,112,1,93,90,1,85,112,1,90,114,1,86,118,1,77,20,1,84,29,1,114,8,1,117,24,1,124,33,1,117,249,0,119,30,1,119,0,1,120,3,1,120,250,0,120,8,1,113,12,1,116,244,0,119,235,0,113,222,0,120,241,0,119,216,0,124,234,0,91,235,0,121,226,0,118,225,0,121,233,0,101,235,0,123,218,0,118,219,0,118,233,0,122,230,0,118,230,0,86,225,0,120,245,0,117,228,0,117,246,0,120,243,0,105,5,1,124,237,0,120,17,1,119,246,0,123,12,1,98,8,1,118,5,1,106,7,1,117,234,0,111,246,0,113,7,1,110,0,1,107,42,1,102,44,1,98,45,1,92,214,0,123,212,0,123,199,0,125,201,0,140,214,0,136,202,0,133,220,0,133,186,0,102,209,0,138,216,0,130,203,0,134,202,0,134,181,0,144,195,0,135,213,0,135,198,0,135,216,0,131,179,0,132,166,0,135,179,0,136,178,0,132,177,0,135,186,0,134,185,0,133,192,0,136,178,0,137,183,0,137,202,0,132,200,0,140,173,0,134,200,0,135,190,0,139,187,0,135,180,0,131,210,0,131,195,0,134,184,0,138,202,0,133,192,0,133,212,0,132,221,0,128,207,0,96,223,0,126,218,0,123,207,0,120,231,0,117,0,1,111,241,0,105,175,0,117,169,0,122,149,0,145,186,0,143,157,0,148,145,0,148,146,0,144,156,0,144,159,0,144,139,0,149,156,0,145,147,0,150,154,0,146,133,0,146,155,0,146,158,0,146,133,0,143,132,0,143,135,0,144,113,0,147,140,0,115,127,0,146,137,0,113,128,0,147,138,0,147,163,0,147,126,0,147,138,0,151,140,0,151,141,0,150,150,0,146,140,0,151,156,0,146,149,0,142,155,0,146,141,0,146,168,0,145,159,0,155,148,0,145,169,0,148,155,0,142,156,0,144,176,0,137,175,0,134,172,0,131,189,0,127,215,0,121,193,0,109,177,0,158,179,0,151,170,0,151,175,0,119,177,0,153,160,0,153,159,0,154,153,0,150,160,0,158,182,0,153,169,0,158,172,0,159,166,0,164,137,0,155,147,0,148,148,0,154,153,0,155,152,0,159,154,0,155,141,0,155,136,0,155,154,0,154,156,0,150,143,0,152,157,0,161,147,0,152,152,0,160,161,0,160,155,0,156,152,0,160,153,0,156,144,0,160,126,0,133,165,0,155,151,0,159,133,0,155,165,0,115,151,0,159,152,0,153,168,0,152,167,0,155,175,0,149,170,0,145,192,0,142,188,0,138,205,0,125,219,0,128,224,0,121,144,0,155,134,0,162,130,0,159,127,0,164,113,0,130,121,0,165,125,0,166,123,0,166,118,0,166,117,0,166,127,0,166,126,0,162,121,0,166,115,0,149,113,0,163,117,0,163,115,0,163,110,0,164,111,0,163,90,0,133,104,0,162,111,0,165,113,0,160,128,0,163,108,0,168,123,0,168,103,0,131,115,0,163,109,0,157,110,0,139,107,0,163,105,0,163,106,0,163,103,0,163,109,0,163,102,0,167,107,0,162,121,0,162,118,0,157,127,0,146,136,0,162,137,0,152,151,0,157,153,0,149,184,0,145,182,0,140,192,0,131,204,0,128,125,0,166,142,0,167,98,0,164,100,0,170,98,0,162,85,0,170,113,0,170,103,0,171,110,0,177,100,0,171,79,0,167,81,0,167,90,0,171,88,0,168,90,0,177,84,0,168,63,0,173,78,0,168,77,0,153,79,0,168,62,0,143,93,0,170,99,0,169,98,0,168,95,0,145,82,0,173,90,0,173,74,0,178,91,0,165,80,0,173,100,0,173,95,0,178,73,0,178,97,0,173,95,0,164,73,0,172,107,0,171,93,0,171,83,0,175,123,0,164,113,0,142,110,0,160,138,0,157,148,0,153,160,0,148,182,0,142,184,0,141,193,0,131,93,0,167,84,0,172,87,0,170,79,0,174,80,0,180,79,0,174,82,0,170,61,0,175,45,0,171,67,0,175,42,0,175,53,0,181,63,0,171,37,0,172,56,0,182,40,0,182,49,0,176,41,0,182,34,0,176,32,0,175,43,0,175,81,0,163,86,0,173,101,0,171,66,0,182,72,0,172,57,0,177,57,0,144,59,0,138,41,0,176,45,0,175,31,0,168,36,0,160,41,0,176,40,0,176,79,0,175,49,0,175,63,0,170,63,0,173,84,0,167,113,0,165,94,0,162,132,0,164,145,0,156,154,0,127,184,0,146,182,0,144,195,0,127,52,0,175,57,0,165,36,0,166,34,0,177,13,0,177,23,0,177,34,0,174,36,0,160,4,0,170,3,0,178,20,0,177,8,0,183,19,0,178,20,0,184,8,0,178,1,0,174,22,0,184,25,0,184,40,0,174,15,0,170,29,0,176,59,0,182,65,0,175,79,0,173,29,0,179,12,0,179,17,0,185,12,0,156,14,0,179,3,0,179,8,0,175,25,0,174,3,0,166,10,0,179,16,0,174,2,0,184,18,0,183,35,0,150,28,0,181,69,0,169,63,0,177,87,0,170,103,0,172,144,0,155,156,0,157,170,0,147,180,0,138,173,0,139,40,0,172,29,0,173,28,0,174,12,0,178,10,0,178,6,0,178,0,0,177,0,0,177,0,0,174,0,0,184,0,0,174,2,0,174,0,0,174,0,0,179,0,0,174,0,0,156,3,0,175,2,0,178,0,0,174,0,0,178,17,0,177,32,0,176,61,0,171,76,0,173,16,0,186,0,0,180,0,0,180,0,0,186,0,0,186,0,0,186,0,0,172,0,0,185,0,0,179,0,0,186,0,0,180,0,0,172,0,0,179,10,0,178,15,0,169,53,0,181,63,0,173,68,0,171,99,0,163,133,0,159,130,0,158,162,0,145,164,0,147,165,0,137,24,0,172,46,0,177,0,0,182,15,0,178,0,0,157,4,0,178,0,0,174,0,0,158,0,0,178,7,0,174,0,0,178,0,0,162,0,0,163,0,0,165,0,0,175,0,0,174,0,0,184,19,0,178,0,0,177,5,0,177,16,0,176,62,0,167,67,0,146,66,0,171,0,0,176,0,0,180,0,0,186,0,0,186,0,0,176,0,0,172,0,0,180,0,0,180,0,0,180,0,0,185,0,0,178,0,0,184,0,0,174,0,0,152,20,0,176,37,0,174,40,0,168,75,0,136,106,0,136,121,0,158,122,0,146,163,0,144,172,0,142,150,0,134,31,0,171,46,0,172,41,0,176,24,0,176,26,0,165,28,0,177,16,0,154,37,0,176,36,0,176,28,0,141,37,0,177,25,0,177,19,0,172,13,0,169,19,0,172,34,0,172,20,0,172,27,0,167,42,0,180,48,0,174,59,0,172,82,0,166,107,0,140,106,0,165,14,0,175,0,0,180,0,0,172,0,0,184,0,0,175,0,0,184,18,0,163,0,0,179,0,0,179,0,0,175,0,0,178,17,0,178,23,0,183,29,0,182,34,0,175,53,0,172,63,0,166,90,0,167,125,0,160,131,0,155,124,0,143,142,0,144,140,0,140,145,0,122,234,6,2,0,108,44,2,0,1,0,247,224,
TMF8829_FRAME_HEADER,0,30,107,2,0,21,1,24,9,11,0,0,0,78,82,78,84,228,5,226,5,PAYLOAD,134,8,65,178,3,45,223,3,84,226,3,86,226,3,92,221,3,103,232,3,106,236,3,97,242,3,91,251,3,85,20,4,80,216,2,18,150,8,79,151,8,69,19,7,61,150,8,67,155,8,24,200,7,62,129,7,50,115,7,19,139,7,53,139,7,63,190,7,19,196,7,22,2,8,58,73,8,61,168,8,54,221,9,62,95,10,67,127,10,60,161,10,50,41,9,48,225,8,31,9,3,45,244,2,45,36,3,49,118,3,35,77,3,52,141,3,65,237,12,52,91,13,46,124,13,46,29,3,44,43,3,13,28,3,43,204,2,55,217,2,30,13,3,38,109,8,55,165,3,53,232,3,80,233,3,87,242,3,101,205,3,105,213,3,114,210,3,104,223,3,101,228,3,87,3,4,79,44,4,19,16,7,39,131,8,64,146,6,99,138,8,68,189,8,69,165,3,75,181,3,69,65,4,74,74,4,67,119,4,62,65,4,73,74,4,71,226,3,74,170,3,78,133,3,86,218,3,59,49,4,86,20,4,89,40,4,89,57,4,97,1,4,95,249,3,100,224,3,104,207,3,107,218,3,106,205,3,105,222,3,97,226,3,23,170,3,67,191,3,70,141,3,76,27,3,68,64,3,75,51,3,71,41,3,70,38,3,64,116,8,45,113,8,55,232,3,72,233,3,46,226,3,99,189,3,117,195,3,148,245,3,132,198,3,104,247,3,98,240,3,94,212,3,64,192,4,33,212,4,44,195,4,30,20,4,73,234,3,101,170,3,104,173,3,98,151,3,87,223,3,94,19,4,93,84,4,91,71,4,87,59,4,97,3,4,104,215,3,88,191,3,109,7,4,108,12,4,112,234,3,108,209,3,108,183,3,108,183,3,105,189,3,108,183,3,109,183,3,115,255,3,104,230,3,107,254,3,90,252,3,108,2,4,102,220,3,74,187,3,40,158,3,65,69,3,67,56,3,44,19,3,62,93,1,58,0,0,0,160,2,67,211,2,64,21,3,40,77,3,86,90,3,108,37,3,77,241,2,74,23,3,77,187,2,73,3,3,75,248,2,58,206,2,76,156,4,74,161,4,64,65,4,84,231,3,95,194,3,95,139,4,84,160,4,81,85,4,86,48,4,89,19,4,90,134,3,68,93,3,105,134,3,96,232,3,103,0,4,109,49,4,110,21,4,106,7,4,103,234,3,92,207,3,116,201,3,112,199,3,111,211,3,106,197,3,96,179,3,88,226,3,61,3,4,97,226,3,83,88,3,73,5,3,40,26,3,42,4,3,66,196,2,60,163,2,64,210,1,40,185,1,75,202,1,87,16,2,87,52,2,90,147,2,97,167,2,96,145,2,82,96,2,104,28,2,93,230,1,96,175,1,71,133,1,91,119,1,95,113,1,95,110,1,68,123,1,92,159,1,93,169,1,93,111,1,97,113,1,60,129,1,93,123,1,97,98,1,93,64,1,103,73,1,110,125,1,97,93,1,104,118,1,87,128,1,98,158,1,98,47,2,98,99,2,81,119,2,103,171,2,101,185,2,72,204,2,99,198,2,87,41,2,78,111,2,92,175,2,92,247,1,92,194,1,85,156,1,88,174,1,81,195,1,78,161,1,78,102,1,69,76,1,93,58,1,105,71,1,107,50,1,106,73,1,113,71,1,92,91,1,108,64,1,86,51,1,111,48,1,112,30,1,111,32,1,111,31,1,108,31,1,116,33,1,96,31,1,111,241,0,111,10,1,111,9,1,112,34,1,108,20,1,112,23,1,76,4,1,115,254,0,110,7,1,110,246,0,81,20,1,79,3,1,113,18,1,113,7,1,109,37,1,109,11,1,109,9,1,112,24,1,87,37,1,116,73,1,111,62,1,111,75,1,100,43,1,108,50,1,94,29,1,107,39,1,105,54,1,103,37,1,101,39,1,97,56,1,99,61,1,90,67,1,85,251,0,115,248,0,119,246,0,121,235,0,107,220,0,125,233,0,126,219,0,127,224,0,127,233,0,105,235,0,116,213,0,127,230,0,127,216,0,124,216,0,127,214,0,138,213,0,128,199,0,124,208,0,128,238,0,129,209,0,88,190,0,125,193,0,129,189,0,127,199,0,122,210,0,129,219,0,129,189,0,129,211,0,129,202,0,129,207,0,105,218,0,115,208,0,125,221,0,128,214,0,127,223,0,127,221,0,127,237,0,110,216,0,131,237,0,126,229,0,125,216,0,103,225,0,126,229,0,107,231,0,83,16,1,110,0,1,106,235,0,101,3,1,103,221,0,135,195,0,119,177,0,135,189,0,109,199,0,139,177,0,135,176,0,109,197,0,140,211,0,137,184,0,137,181,0,145,160,0,109,176,0,141,165,0,144,182,0,107,157,0,140,170,0,140,160,0,141,184,0,146,154,0,138,160,0,141,176,0,100,147,0,139,152,0,142,186,0,142,197,0,147,171,0,145,194,0,142,176,0,145,159,0,140,163,0,140,173,0,140,171,0,144,171,0,144,180,0,145,178,0,140,202,0,136,176,0,144,167,0,139,175,0,138,212,0,142,175,0,134,186,0,137,223,0,126,175,0,122,231,0,122,213,0,98,238,0,111,184,0,142,185,0,149,171,0,146,170,0,148,183,0,149,169,0,154,185,0,149,163,0,114,169,0,149,155,0,150,171,0,160,157,0,150,173,0,151,170,0,151,160,0,160,155,0,151,171,0,155,142,0,156,161,0,156,143,0,152,152,0,155,157,0,147,154,0,126,156,0,148,171,0,156,153,0,152,144,0,156,148,0,152,157,0,152,163,0,148,156,0,152,165,0,133,152,0,151,163,0,151,153,0,155,151,0,155,171,0,155,161,0,154,167,0,150,163,0,145,184,0,147,163,0,149,176,0,141,186,0,138,191,0,126,215,0,128,248,0,126,230,0,116,162,0,152,171,0,153,142,0,159,150,0,156,139,0,145,129,0,157,143,0,167,133,0,158,138,0,154,143,0,162,140,0,158,123,0,162,124,0,159,137,0,163,131,0,155,140,0,126,125,0,149,127,0,157,123,0,160,124,0,146,113,0,163,131,0,158,131,0,128,137,0,144,146,0,161,121,0,160,138,0,140,133,0,160,119,0,160,113,0,160,125,0,156,146,0,160,125,0,159,140,0,159,127,0,159,133,0,163,137,0,147,135,0,155,133,0,161,121,0,156,135,0,154,148,0,152,176,0,146,174,0,145,180,0,146,196,0,136,209,0,131,219,0,121,129,0,159,133,0,165,124,0,167,114,0,163,135,0,164,106,0,173,117,0,164,94,0,168,107,0,169,99,0,165,104,0,165,102,0,165,93,0,159,118,0,175,84,0,140,95,0,170,92,0,170,98,0,171,103,0,166,88,0,170,98,0,165,108,0,168,118,0,167,116,0,129,97,0,171,95,0,171,90,0,171,87,0,171,97,0,171,87,0,166,110,0,166,85,0,171,76,0,166,87,0,146,85,0,170,110,0,165,105,0,169,88,0,164,82,0,163,113,0,167,119,0,164,117,0,163,140,0,155,146,0,148,155,0,147,196,0,142,189,0,131,191,0,129,104,0,165,86,0,150,92,0,171,89,0,168,83,0,178,81,0,178,70,0,169,94,0,147,65,0,165,78,0,179,71,0,163,65,0,169,62,0,174,63,0,179,61,0,174,66,0,170,52,0,170,53,0,175,65,0,164,58,0,170,64,0,174,61,0,168,104,0,171,94,0,170,61,0,175,55,0,171,68,0,175,59,0,175,57,0,180,44,0,175,67,0,175,45,0,166,40,0,170,70,0,180,49,0,174,47,0,170,51,0,169,68,0,172,85,0,138,101,0,139,80,0,164,101,0,165,127,0,133,144,0,158,157,0,119,186,0,147,177,0,118,175,0,131,74,0,133,71,0,180,61,0,175,29,0,175,39,0,171,28,0,176,37,0,176,30,0,177,32,0,182,33,0,177,11,0,177,13,0,173,33,0,173,23,0,177,28,0,182,35,0,145,35,0,178,18,0,156,31,0,183,41,0,177,39,0,176,70,0,175,71,0,174,88,0,168,24,0,178,33,0,174,28,0,174,26,0,155,31,0,174,18,0,155,33,0,174,12,0,174,25,0,173,28,0,178,33,0,183,12,0,177,44,0,182,46,0,172,48,0,145,48,0,162,73,0,160,97,0,164,109,0,165,127,0,162,140,0,149,161,0,147,170,0,107,176,0,134,55,0,176,32,0,176,11,0,177,16,0,174,35,0,178,14,0,165,7,0,177,7,0,183,0,0,184,0,0,178,0,0,155,0,0,184,8,0,179,0,0,184,0,0,179,0,0,179,0,0,179,3,0,184,0,0,179,44,0,173,3,0,177,35,0,172,36,0,171,81,0,173,14,0,180,4,0,185,0,0,186,0,0,186,0,0,180,0,0,180,0,0,179,0,0,172,0,0,180,2,0,175,0,0,179,0,0,185,22,0,178,0,0,178,21,0,169,32,0,175,61,0,146,74,0,170,97,0,167,119,0,159,136,0,154,165,0,149,170,0,142,161,0,141,31,0,177,20,0,178,22,0,183,33,0,184,0,0,178,2,0,178,10,0,183,0,0,184,0,0,179,0,0,157,0,0,178,5,0,178,0,0,178,0,0,178,0,0,184,10,0,166,0,0,179,0,0,179,0,0,178,15,0,182,5,0,168,33,0,176,39,0,170,71,0,156,9,0,176,0,0,180,0,0,176,0,0,175,0,0,180,0,0,180,0,0,172,0,0,180,0,0,180,0,0,179,0,0,185,0,0,170,0,0,178,0,0,177,4,0,169,31,0,170,33,0,172,47,0,165,97,0,168,110,0,159,112,0,142,154,0,148,144,0,139,138,0,138,62,0,169,28,0,177,37,0,177,12,0,178,13,0,178,37,0,183,35,0,183,16,0,173,0,0,170,20,0,156,24,0,178,19,0,178,14,0,184,4,0,178,9,0,156,3,0,149,19,0,183,2,0,173,18,0,176,19,0,176,48,0,138,51,0,169,71,0,171,92,0,165,0,0,185,0,0,186,0,0,180,0,0,180,0,0,179,0,0,180,0,0,180,0,0,180,0,0,180,0,0,166,0,0,179,0,0,178,29,0,178,0,0,156,33,0,172,44,0,174,65,0,164,74,0,158,84,0,166,125,0,157,123,0,118,148,0,147,146,0,145,148,0,141,144,59,2,0,18,97,2,0,1,0,247,224,
TMF8829_FRAME_HEADER,0,73,152,2,0,21,65,24,9,12,0,0,0,78,82,78,84,230,5,229,5,PAYLOAD,156,8,66,165,3,57,223,3,75,235,3,88,233,3,96,228,3,101,237,3,103,220,3,100,212,3,93,9,4,86,11,4,74,72,3,41,145,8,70,37,8,79,170,6,80,190,8,67,161,8,80,192,7,66,151,7,55,129,7,60,191,6,47,242,6,51,232,6,56,135,6,59,78,7,40,115,8,63,138,8,54,6,10,63,55,10,63,135,10,65,0,3,52,173,3,71,230,3,74,247,3,81,231,3,83,230,3,94,220,3,96,212,3,99,242,3,87,143,3,62,0,3,43,46,3,27,54,3,68,46,3,67,14,3,62,252,2,40,237,2,38,240,2,60,96,8,65,116,8,64,240,3,77,224,3,91,233,3,107,202,3,118,226,3,93,227,3,107,231,3,103,5,4,94,2,4,86,176,3,59,217,4,27,0,0,0,248,5,62,226,3,70,135,3,78,153,3,81,199,3,91,197,3,85,246,3,82,70,4,83,75,4,56,106,4,72,72,4,94,239,3,110,219,3,110,239,3,104,60,4,96,48,4,97,23,4,97,19,4,98,235,3,105,231,3,110,224,3,107,204,3,109,201,3,72,251,3,99,246,3,104,228,3,86,7,4,59,238,3,97,209,3,78,124,3,69,103,3,69,83,3,75,56,3,64,20,3,67,0,0,0,0,0,0,77,3,64,135,3,43,140,3,83,132,3,101,193,3,109,221,3,89,194,3,96,126,3,73,112,3,73,91,3,70,215,2,42,176,4,58,8,5,75,165,4,80,46,4,97,194,3,105,237,3,99,141,4,89,253,3,93,90,4,93,45,4,99,238,3,64,186,3,106,151,3,72,134,3,110,239,3,108,34,4,119,45,4,102,34,4,111,15,4,112,223,3,112,205,3,114,194,3,111,180,3,110,224,3,111,217,3,114,250,3,99,24,4,70,9,4,111,255,3,103,179,3,78,137,3,73,66,3,67,56,3,72,9,3,36,4,3,61,8,2,76,76,2,69,109,2,76,193,2,75,238,2,85,74,3,88,61,3,91,48,3,88,241,2,90,192,2,83,167,2,81,77,2,81,235,1,80,221,1,80,186,1,84,14,2,85,43,2,84,193,2,67,177,2,87,12,2,85,27,2,81,8,2,81,95,2,86,209,2,89,90,2,70,209,2,79,208,2,100,207,2,94,231,2,91,43,3,92,31,3,97,70,3,93,50,3,98,112,3,103,107,3,97,99,3,103,139,3,99,177,3,95,106,3,65,158,3,94,194,3,90,7,3,89,184,2,76,107,2,81,64,2,74,118,2,45,174,1,45,234,1,66,150,1,85,94,1,89,113,1,89,124,1,96,152,1,99,167,1,98,223,1,103,202,1,103,171,1,87,131,1,106,132,1,102,113,1,101,69,1,87,48,1,102,85,1,105,93,1,111,63,1,106,66,1,99,62,1,91,48,1,107,81,1,103,65,1,107,44,1,103,36,1,102,16,1,106,42,1,111,30,1,105,48,1,105,29,1,105,59,1,80,82,1,109,67,1,104,120,1,103,160,1,104,137,1,68,175,1,109,203,1,104,172,1,102,102,1,99,110,1,98,148,1,102,101,1,61,106,1,96,95,1,92,78,1,85,108,1,85,93,1,82,111,1,74,21,1,84,30,1,110,26,1,112,29,1,114,22,1,121,254,0,119,39,1,124,1,1,120,13,1,120,255,0,117,5,1,110,8,1,120,249,0,116,239,0,113,235,0,116,242,0,124,224,0,120,235,0,91,233,0,125,230,0,121,237,0,125,242,0,102,224,0,123,220,0,118,216,0,121,235,0,118,230,0,121,227,0,86,219,0,125,237,0,113,228,0,120,244,0,117,235,0,103,5,1,124,238,0,116,17,1,116,250,0,119,5,1,98,0,1,118,5,1,106,14,1,117,237,0,119,246,0,109,9,1,110,17,1,107,50,1,103,42,1,98,37,1,98,219,0,123,213,0,126,204,0,133,210,0,131,207,0,132,207,0,133,221,0,133,183,0,102,214,0,138,221,0,138,196,0,134,203,0,134,191,0,134,187,0,139,218,0,139,203,0,135,213,0,131,188,0,132,174,0,134,176,0,146,179,0,132,182,0,135,172,0,131,191,0,133,196,0,137,180,0,133,186,0,137,202,0,129,202,0,136,173,0,134,196,0,135,196,0,135,183,0,135,176,0,139,208,0,138,195,0,130,180,0,134,196,0,133,195,0,133,208,0,129,219,0,125,203,0,96,223,0,131,219,0,128,203,0,124,231,0,121,5,1,108,234,0,105,176,0,117,166,0,123,154,0,137,187,0,143,154,0,148,150,0,143,148,0,144,157,0,144,160,0,148,140,0,149,157,0,149,148,0,145,155,0,146,133,0,146,160,0,146,167,0,151,130,0,151,141,0,147,148,0,147,115,0,144,145,0,115,132,0,146,134,0,113,141,0,143,138,0,144,157,0,147,130,0,151,134,0,151,134,0,147,141,0,143,153,0,150,138,0,143,156,0,151,153,0,146,153,0,146,137,0,150,168,0,145,161,0,145,144,0,141,173,0,143,153,0,139,160,0,136,173,0,137,176,0,134,175,0,127,182,0,126,225,0,121,197,0,108,186,0,153,176,0,151,175,0,155,180,0,118,174,0,153,165,0,153,164,0,154,150,0,158,165,0,158,183,0,153,162,0,154,177,0,154,163,0,154,134,0,155,152,0,151,157,0,155,147,0,159,157,0,155,155,0,152,138,0,155,137,0,155,159,0,158,153,0,153,148,0,156,157,0,161,145,0,156,152,0,152,165,0,160,150,0,160,152,0,160,157,0,165,150,0,156,126,0,137,165,0,159,149,0,155,133,0,155,165,0,115,153,0,159,148,0,158,168,0,149,165,0,151,175,0,146,170,0,142,189,0,142,193,0,139,205,0,125,221,0,128,224,0,121,145,0,155,131,0,162,135,0,163,136,0,160,110,0,130,122,0,161,130,0,166,116,0,171,123,0,162,119,0,166,124,0,166,135,0,167,126,0,162,116,0,151,119,0,163,122,0,159,111,0,163,116,0,164,117,0,163,87,0,134,106,0,162,117,0,166,115,0,160,133,0,163,108,0,164,124,0,168,99,0,130,115,0,168,107,0,157,110,0,138,111,0,173,103,0,167,106,0,168,103,0,167,111,0,163,102,0,167,107,0,162,123,0,171,118,0,161,127,0,148,134,0,162,137,0,155,151,0,157,155,0,149,181,0,145,182,0,140,189,0,139,208,0,128,127,0,162,136,0,167,103,0,164,109,0,170,95,0,166,90,0,170,119,0,166,100,0,166,116,0,167,109,0,171,76,0,167,86,0,167,91,0,172,85,0,172,95,0,172,89,0,168,60,0,173,83,0,168,82,0,150,76,0,168,64,0,143,98,0,176,96,0,169,103,0,168,95,0,145,76,0,173,90,0,168,74,0,173,89,0,173,80,0,173,100,0,169,93,0,173,73,0,173,97,0,173,93,0,164,73,0,168,103,0,171,91,0,171,83,0,169,123,0,164,111,0,142,110,0,160,138,0,153,150,0,150,164,0,145,178,0,142,185,0,136,188,0,127,98,0,166,81,0,168,95,0,169,84,0,174,77,0,174,84,0,174,87,0,174,54,0,175,53,0,171,72,0,175,39,0,175,58,0,171,64,0,168,34,0,168,61,0,176,45,0,176,50,0,181,42,0,176,40,0,181,29,0,175,44,0,180,86,0,161,87,0,168,106,0,167,66,0,177,74,0,182,57,0,172,53,0,143,57,0,138,41,0,182,45,0,171,29,0,168,36,0,165,41,0,176,37,0,172,79,0,175,45,0,175,61,0,174,63,0,173,80,0,167,111,0,169,94,0,163,128,0,160,143,0,160,150,0,126,180,0,146,180,0,135,199,0,127,57,0,171,54,0,168,42,0,166,40,0,182,10,0,182,32,0,183,40,0,183,36,0,167,9,0,174,8,0,183,17,0,177,13,0,178,24,0,184,17,0,184,17,0,174,2,0,174,15,0,178,30,0,184,42,0,170,12,0,170,34,0,182,64,0,176,62,0,180,84,0,173,26,0,179,10,0,179,17,0,179,12,0,159,12,0,184,3,0,179,8,0,185,23,0,179,3,0,164,10,0,179,14,0,178,2,0,178,18,0,178,33,0,151,28,0,181,69,0,179,61,0,168,87,0,166,99,0,162,142,0,158,160,0,153,166,0,147,174,0,146,181,0,135,45,0,177,26,0,173,33,0,178,17,0,178,11,0,174,11,0,174,0,0,173,0,0,183,0,0,171,0,0,174,0,0,179,7,0,174,0,0,174,0,0,179,0,0,179,0,0,155,0,0,179,7,0,184,0,0,178,0,0,183,19,0,177,37,0,172,58,0,171,81,0,179,16,0,180,0,0,186,0,0,186,0,0,186,0,0,181,0,0,181,0,0,172,0,0,180,0,0,179,0,0,180,0,0,180,0,0,180,0,0,179,12,0,174,15,0,182,53,0,181,61,0,169,68,0,166,99,0,163,127,0,159,130,0,154,166,0,153,159,0,143,161,0,137,29,0,172,46,0,182,3,0,177,20,0,178,0,0,157,5,0,170,0,0,174,0,0,155,0,0,178,12,0,183,0,0,183,0,0,162,0,0,165,0,0,163,0,0,184,0,0,174,0,0,179,24,0,178,1,0,173,0,0,177,21,0,176,67,0,167,68,0,146,71,0,171,0,0,181,0,0,172,0,0,186,0,0,176,0,0,169,0,0,176,0,0,185,0,0,180,0,0,185,0,0,185,0,0,184,0,0,175,0,0,178,0,0,150,17,0,172,37,0,174,37,0,178,75,0,137,106,0,136,115,0,154,122,0,149,159,0,147,163,0,142,150,0,141,41,0,175,43,0,172,46,0,182,29,0,176,23,0,165,33,0,169,21,0,153,34,0,172,42,0,172,33,0,141,34,0,182,30,0,172,24,0,172,10,0,172,24,0,176,40,0,172,17,0,168,36,0,171,47,0,175,45,0,179,67,0,178,87,0,163,104,0,140,107,0,161,14,0,185,0,0,180,0,0,172,0,0,179,0,0,180,0,0,184,18,0,164,0,0,185,0,0,175,0,0,179,0,0,179,17,0,183,23,0,177,31,0,176,30,0,175,57,0,172,61,0,166,90,0,167,121,0,160,132,0,155,124,0,150,142,0,149,134,0,140,145,0,124,146,104,2,0,20,142,2,0,1,0,247,224,
TMF8829_FRAME_HEADER,0,203,204,2,0,21,1,24,9,13,0,0,0,78,82,78,84,227,5,228,5,PAYLOAD,140,8,69,193,3,46,225,3,74,238,3,87,228,3,90,211,3,102,240,3,102,227,3,101,248,3,91,252,3,84,5,4,80,0,0,0,144,8,77,134,8,64,234,6,54,209,8,76,156,8,25,237,7,58,134,7,55,0,7,18,107,7,50,132,7,64,207,7,23,8,8,23,235,7,56,54,8,58,123,8,54,240,9,58,76,10,62,94,10,62,131,10,51,250,8,34,216,8,21,165,2,41,7,3,47,26,3,49,91,3,36,154,3,64,174,12,56,254,12,52,107,13,46,158,13,46,254,2,43,4,3,13,229,2,31,150,2,54,0,0,0,248,2,57,99,8,55,144,3,46,242,3,77,227,3,86,243,3,105,219,3,110,210,3,113,212,3,104,221,3,92,236,3,91,5,4,80,202,3,23,36,7,41,137,8,64,148,6,99,124,8,65,176,8,70,155,3,75,187,3,73,29,4,71,54,4,68,73,4,63,74,4,66,31,4,72,179,3,74,190,3,77,147,3,77,215,3,58,42,4,86,38,4,88,32,4,87,50,4,96,251,3,94,253,3,107,224,3,109,212,3,106,207,3,106,213,3,109,205,3,97,199,3,26,201,3,66,201,3,71,145,3,71,39,3,64,51,3,75,51,3,70,41,3,70,71,3,71,110,8,43,66,8,50,211,3,69,246,3,47,221,3,98,196,3,116,196,3,148,243,3,128,204,3,100,0,4,97,234,3,89,195,3,63,0,0,0,187,4,40,150,4,30,1,4,73,228,3,97,180,3,108,170,3,93,149,3,87,209,3,98,43,4,103,75,4,94,81,4,97,52,4,97,15,4,112,220,3,89,196,3,109,251,3,107,3,4,104,230,3,108,205,3,108,181,3,108,176,3,105,190,3,112,181,3,109,188,3,110,255,3,101,228,3,107,254,3,93,4,4,104,9,4,106,243,3,77,175,3,35,141,3,65,88,3,67,231,2,62,219,2,71,0,0,0,0,0,0,158,2,63,239,2,69,19,3,41,87,3,94,91,3,109,55,3,77,228,2,69,253,2,71,166,2,69,12,3,70,226,2,58,197,2,72,167,4,74,139,4,68,52,4,91,225,3,92,187,3,100,141,4,78,135,4,88,67,4,85,65,4,86,25,4,89,119,3,66,85,3,110,135,3,96,251,3,103,249,3,93,39,4,97,29,4,103,3,4,108,239,3,92,203,3,108,197,3,112,190,3,107,218,3,107,190,3,95,185,3,92,226,3,63,255,3,93,190,3,82,88,3,71,13,3,38,52,3,44,252,2,63,92,2,66,180,2,60,196,1,44,179,1,75,230,1,86,6,2,86,38,2,89,141,2,93,160,2,96,143,2,84,94,2,94,48,2,93,239,1,93,177,1,70,115,1,95,109,1,88,100,1,94,115,1,69,113,1,92,161,1,93,177,1,93,109,1,97,115,1,59,134,1,89,113,1,93,111,1,98,67,1,99,89,1,100,101,1,100,90,1,95,118,1,87,118,1,98,216,1,102,12,2,103,74,2,83,115,2,103,141,2,103,190,2,71,216,2,103,214,2,87,55,2,86,122,2,92,182,2,97,12,2,92,162,1,85,149,1,79,210,1,81,168,1,78,158,1,73,104,1,69,81,1,93,52,1,100,73,1,103,43,1,103,71,1,113,85,1,89,76,1,111,59,1,86,57,1,111,49,1,111,28,1,110,34,1,115,28,1,108,33,1,111,39,1,102,32,1,111,243,0,115,4,1,115,10,1,112,24,1,106,15,1,112,8,1,76,250,0,115,4,1,110,4,1,110,246,0,80,18,1,79,255,0,114,9,1,113,1,1,109,29,1,109,35,1,112,7,1,108,20,1,88,33,1,112,64,1,111,47,1,111,71,1,103,37,1,109,58,1,91,29,1,107,33,1,109,43,1,99,37,1,96,37,1,97,52,1,98,54,1,89,69,1,86,248,0,115,250,0,118,248,0,121,236,0,107,226,0,129,239,0,126,228,0,127,218,0,128,235,0,104,236,0,112,211,0,132,228,0,127,217,0,128,218,0,132,216,0,132,222,0,124,193,0,132,202,0,125,239,0,129,211,0,89,189,0,133,201,0,133,190,0,127,197,0,122,210,0,129,219,0,126,184,0,129,208,0,129,206,0,129,209,0,105,214,0,115,208,0,128,219,0,132,217,0,127,223,0,127,227,0,132,244,0,110,216,0,127,231,0,130,233,0,126,216,0,103,231,0,123,233,0,105,227,0,82,14,1,114,16,1,109,235,0,109,22,1,98,218,0,131,188,0,119,179,0,139,190,0,107,197,0,140,175,0,138,181,0,112,190,0,140,209,0,134,185,0,137,175,0,144,158,0,109,177,0,141,163,0,140,184,0,107,162,0,141,164,0,140,166,0,141,185,0,142,156,0,142,162,0,141,177,0,100,148,0,139,150,0,138,186,0,142,197,0,142,169,0,141,190,0,142,180,0,141,161,0,140,159,0,140,173,0,144,169,0,140,174,0,136,176,0,140,176,0,140,206,0,140,176,0,140,165,0,139,175,0,138,212,0,142,176,0,134,190,0,133,216,0,134,180,0,125,227,0,118,221,0,98,240,0,107,181,0,141,187,0,144,173,0,146,171,0,148,177,0,153,171,0,149,183,0,149,165,0,113,171,0,154,156,0,150,169,0,154,159,0,150,174,0,155,168,0,151,162,0,155,156,0,151,169,0,155,144,0,151,162,0,152,141,0,152,154,0,151,158,0,150,148,0,125,158,0,147,171,0,157,153,0,156,142,0,152,144,0,152,161,0,156,161,0,152,152,0,161,165,0,133,150,0,151,159,0,151,153,0,155,153,0,150,167,0,151,165,0,150,165,0,150,167,0,153,176,0,152,157,0,144,180,0,142,186,0,135,182,0,126,219,0,136,244,0,130,228,0,119,163,0,149,169,0,154,144,0,159,154,0,156,133,0,143,131,0,161,148,0,158,131,0,154,140,0,158,141,0,158,138,0,162,125,0,158,125,0,159,135,0,163,133,0,159,144,0,126,123,0,149,129,0,160,120,0,160,122,0,151,116,0,163,132,0,163,129,0,129,143,0,149,149,0,165,121,0,161,136,0,140,133,0,164,119,0,160,115,0,160,125,0,164,146,0,160,123,0,160,137,0,163,127,0,164,134,0,159,140,0,150,131,0,152,131,0,157,121,0,156,131,0,154,142,0,156,172,0,146,170,0,150,174,0,142,200,0,137,209,0,131,221,0,129,130,0,163,131,0,161,126,0,162,116,0,167,133,0,168,108,0,164,118,0,164,92,0,164,105,0,169,100,0,165,102,0,169,100,0,169,98,0,162,116,0,169,86,0,138,100,0,176,94,0,170,100,0,171,104,0,170,86,0,165,96,0,165,105,0,168,116,0,163,118,0,128,97,0,167,92,0,171,91,0,171,87,0,171,97,0,171,89,0,166,110,0,170,85,0,166,78,0,166,87,0,145,89,0,170,108,0,170,105,0,175,88,0,169,84,0,168,118,0,162,119,0,160,115,0,158,144,0,155,150,0,155,150,0,147,192,0,141,186,0,139,185,0,133,105,0,161,84,0,152,94,0,177,90,0,172,81,0,172,83,0,173,71,0,169,92,0,147,67,0,165,79,0,173,69,0,163,67,0,174,63,0,174,61,0,174,63,0,174,67,0,174,50,0,174,52,0,175,66,0,167,56,0,170,66,0,174,66,0,168,98,0,167,100,0,170,61,0,176,55,0,171,62,0,175,63,0,175,61,0,175,46,0,171,67,0,175,42,0,170,33,0,174,70,0,170,49,0,174,45,0,170,51,0,173,68,0,168,80,0,141,101,0,138,80,0,160,99,0,161,127,0,135,151,0,154,155,0,118,182,0,143,180,0,119,173,0,131,75,0,133,69,0,174,67,0,175,30,0,175,32,0,164,30,0,176,39,0,172,28,0,172,30,0,182,34,0,172,9,0,177,15,0,173,34,0,177,21,0,177,34,0,177,36,0,146,33,0,183,20,0,156,32,0,173,39,0,177,41,0,176,71,0,171,65,0,174,86,0,168,24,0,178,33,0,178,26,0,174,26,0,155,35,0,174,12,0,153,29,0,170,12,0,170,23,0,178,24,0,173,33,0,177,10,0,183,40,0,173,46,0,172,46,0,145,52,0,162,73,0,158,99,0,168,109,0,165,123,0,157,134,0,152,168,0,151,166,0,107,174,0,134,52,0,172,30,0,172,13,0,177,13,0,170,33,0,184,16,0,168,8,0,177,5,0,183,0,0,178,0,0,174,0,0,159,1,0,184,9,0,174,0,0,178,0,0,179,0,0,179,0,0,184,5,0,178,0,0,184,42,0,173,5,0,182,41,0,182,39,0,168,83,0,173,14,0,185,4,0,180,0,0,180,0,0,176,0,0,180,0,0,176,0,0,179,0,0,176,0,0,175,2,0,175,0,0,179,0,0,179,22,0,184,0,0,173,23,0,172,35,0,175,61,0,145,72,0,170,97,0,173,119,0,155,134,0,154,161,0,148,170,0,142,159,0,137,32,0,182,18,0,178,24,0,174,34,0,178,0,0,178,4,0,184,11,0,178,0,0,179,0,0,179,0,0,157,0,0,178,7,0,178,0,0,178,0,0,178,0,0,184,11,0,161,0,0,179,0,0,179,0,0,178,13,0,177,4,0,168,39,0,181,36,0,180,73,0,159,9,0,181,0,0,180,0,0,186,0,0,175,0,0,180,0,0,186,0,0,169,0,0,180,0,0,172,0,0,179,0,0,185,0,0,170,0,0,174,0,0,177,2,0,172,35,0,170,33,0,168,49,0,165,101,0,163,110,0,159,110,0,140,154,0,158,140,0,143,136,0,138,63,0,169,26,0,177,44,0,173,13,0,183,11,0,183,40,0,178,36,0,178,14,0,158,5,0,174,17,0,155,22,0,178,24,0,178,15,0,174,0,0,183,7,0,155,4,0,150,13,0,177,4,0,177,15,0,182,21,0,171,50,0,140,52,0,174,69,0,171,94,0,165,0,0,180,0,0,180,0,0,176,0,0,180,0,0,185,0,0,180,0,0,186,0,0,180,0,0,180,0,0,166,0,0,184,0,0,178,29,0,178,0,0,156,31,0,168,40,0,174,65,0,168,72,0,158,84,0,161,125,0,157,121,0,119,148,0,151,142,0,141,146,0,137,56,157,2,0,186,194,2,0,1,0,247,224,
TMF8829_FRAME_HEADER,0,244,249,2,0,21,65,24,9,14,0,0,0,78,82,78,84,234,5,229,5,PAYLOAD,133,8,68,42,8,54,236,3,75,239,3,92,230,3,93,226,3,101,237,3,107,225,3,100,221,3,96,5,4,87,12,4,80,1,3,40,125,8,67,70,8,80,160,6,80,167,8,71,189,8,79,186,7,63,146,7,54,137,7,61,137,7,51,249,6,46,241,6,55,137,6,54,97,7,43,12,8,68,184,8,58,21,10,68,14,10,63,139,10,61,85,3,46,191,3,71,242,3,74,243,3,76,229,3,83,242,3,90,220,3,101,217,3,103,250,3,88,96,3,51,55,3,45,80,3,29,46,3,72,86,3,62,22,3,42,214,2,33,230,2,24,10,3,60,73,8,60,83,8,56,249,3,73,223,3,90,230,3,107,200,3,114,222,3,93,232,3,107,229,3,98,248,3,94,34,4,86,186,3,63,163,4,27,14,5,32,118,6,51,0,4,65,159,3,79,163,3,85,183,3,91,182,3,85,251,3,78,58,4,78,69,4,57,127,4,72,79,4,92,244,3,94,223,3,106,243,3,104,58,4,96,56,4,97,11,4,95,24,4,104,235,3,105,231,3,106,221,3,112,211,3,108,209,3,72,252,3,102,242,3,104,235,3,85,3,4,57,250,3,100,213,3,83,152,3,65,112,3,69,75,3,72,84,3,69,48,3,64,0,0,0,0,0,0,64,3,62,119,3,42,145,3,89,126,3,102,185,3,109,226,3,90,192,3,92,129,3,73,132,3,72,86,3,71,188,2,64,193,4,55,18,5,76,173,4,95,55,4,102,200,3,109,241,3,99,162,4,93,255,3,89,78,4,93,50,4,99,240,3,65,186,3,105,148,3,71,142,3,106,239,3,108,31,4,99,48,4,102,26,4,116,12,4,111,223,3,112,205,3,114,191,3,119,180,3,114,220,3,111,225,3,119,246,3,99,35,4,70,14,4,108,247,3,103,195,3,77,130,3,69,97,3,69,60,3,48,14,3,63,214,2,61,241,1,66,224,1,70,77,2,72,205,2,85,239,2,78,49,3,93,46,3,91,34,3,87,2,3,84,212,2,87,179,2,78,64,2,85,231,1,81,219,1,86,219,1,80,7,2,84,72,2,88,202,2,64,192,2,86,254,1,84,6,2,81,245,1,89,122,2,87,212,2,86,101,2,68,195,2,79,213,2,96,195,2,90,235,2,95,27,3,92,58,3,92,74,3,97,69,3,98,107,3,103,109,3,99,91,3,99,131,3,99,170,3,103,115,3,67,151,3,94,199,3,93,26,3,84,153,2,79,111,2,77,145,2,78,197,1,47,201,1,42,234,1,62,142,1,86,115,1,90,99,1,93,142,1,100,165,1,98,165,1,101,227,1,103,222,1,108,180,1,89,131,1,103,126,1,106,103,1,102,65,1,86,57,1,101,79,1,101,89,1,101,79,1,101,57,1,102,65,1,89,45,1,103,60,1,99,54,1,102,49,1,103,34,1,102,23,1,106,28,1,106,34,1,106,48,1,102,26,1,102,47,1,82,78,1,109,72,1,104,124,1,108,176,1,103,130,1,69,183,1,100,180,1,100,157,1,99,94,1,99,114,1,103,153,1,98,105,1,63,106,1,96,104,1,88,98,1,86,115,1,85,116,1,85,111,1,78,25,1,84,27,1,114,16,1,113,28,1,115,35,1,117,3,1,123,31,1,124,2,1,120,6,1,117,248,0,125,10,1,110,10,1,120,245,0,119,244,0,108,229,0,119,238,0,116,222,0,120,237,0,91,229,0,117,231,0,121,235,0,121,238,0,99,229,0,116,210,0,123,219,0,126,236,0,121,230,0,118,234,0,86,228,0,125,237,0,114,232,0,121,245,0,120,239,0,104,1,1,120,239,0,124,13,1,119,246,0,119,6,1,97,4,1,118,9,1,106,15,1,117,245,0,115,246,0,112,10,1,113,17,1,106,46,1,102,39,1,103,45,1,93,207,0,123,218,0,126,206,0,129,198,0,131,216,0,132,209,0,133,221,0,130,193,0,102,212,0,130,213,0,134,201,0,138,201,0,138,182,0,134,193,0,139,216,0,135,199,0,135,218,0,135,186,0,132,167,0,135,181,0,136,185,0,135,186,0,139,185,0,131,181,0,133,192,0,136,185,0,137,186,0,137,198,0,132,199,0,136,177,0,139,196,0,136,194,0,132,183,0,131,180,0,131,201,0,139,199,0,134,184,0,134,197,0,133,199,0,133,200,0,137,220,0,128,207,0,97,223,0,126,224,0,124,203,0,120,223,0,116,2,1,111,234,0,105,176,0,116,171,0,120,152,0,141,187,0,140,159,0,143,152,0,148,147,0,144,158,0,144,158,0,148,136,0,145,158,0,149,150,0,145,151,0,146,138,0,150,158,0,146,163,0,151,139,0,151,135,0,147,140,0,147,120,0,147,146,0,115,132,0,146,143,0,113,139,0,143,142,0,147,154,0,147,126,0,147,134,0,147,139,0,151,141,0,146,150,0,146,135,0,146,156,0,146,153,0,156,154,0,150,144,0,150,172,0,145,158,0,149,144,0,145,169,0,140,151,0,142,160,0,140,173,0,141,174,0,134,175,0,131,194,0,127,214,0,121,197,0,111,182,0,148,181,0,155,173,0,161,176,0,119,179,0,153,167,0,157,160,0,158,155,0,154,163,0,158,183,0,153,167,0,158,175,0,159,163,0,154,139,0,155,150,0,151,153,0,159,152,0,155,152,0,155,155,0,165,143,0,155,135,0,155,155,0,154,158,0,153,146,0,152,157,0,161,143,0,156,152,0,156,165,0,165,151,0,160,152,0,156,157,0,160,147,0,155,126,0,136,165,0,155,150,0,155,133,0,155,165,0,115,154,0,155,152,0,153,168,0,152,166,0,151,175,0,149,174,0,145,191,0,142,193,0,139,209,0,125,218,0,128,224,0,122,141,0,156,136,0,162,133,0,163,132,0,164,116,0,130,124,0,165,126,0,166,125,0,166,121,0,166,118,0,166,125,0,162,129,0,167,126,0,166,117,0,154,117,0,167,118,0,167,117,0,163,113,0,160,112,0,163,92,0,133,107,0,159,112,0,166,120,0,160,131,0,163,112,0,164,125,0,168,99,0,130,111,0,163,108,0,154,110,0,138,111,0,173,100,0,167,102,0,168,99,0,163,112,0,162,106,0,162,111,0,166,120,0,162,118,0,161,127,0,148,135,0,157,133,0,155,151,0,157,152,0,149,184,0,145,182,0,140,199,0,134,208,0,128,123,0,162,144,0,163,101,0,169,105,0,170,100,0,166,88,0,170,115,0,170,105,0,163,113,0,167,101,0,171,81,0,167,84,0,171,87,0,171,90,0,172,93,0,172,85,0,168,65,0,168,81,0,168,82,0,155,81,0,168,65,0,142,94,0,170,101,0,165,101,0,163,95,0,144,81,0,169,90,0,168,78,0,169,90,0,173,80,0,169,100,0,169,94,0,169,73,0,169,100,0,173,94,0,172,77,0,172,107,0,167,96,0,171,83,0,165,119,0,169,112,0,146,110,0,164,138,0,153,151,0,150,164,0,148,182,0,147,183,0,136,188,0,131,94,0,166,86,0,172,90,0,174,80,0,174,79,0,174,82,0,174,83,0,174,59,0,175,48,0,171,68,0,171,48,0,175,52,0,171,64,0,171,44,0,172,59,0,172,41,0,176,55,0,171,44,0,172,35,0,176,34,0,168,42,0,175,82,0,163,88,0,168,104,0,171,66,0,172,71,0,177,57,0,177,57,0,144,58,0,139,41,0,182,45,0,181,34,0,172,36,0,160,41,0,176,34,0,172,75,0,175,45,0,171,62,0,174,63,0,169,80,0,167,112,0,165,98,0,167,132,0,160,144,0,160,150,0,126,180,0,145,181,0,139,199,0,130,53,0,175,59,0,165,40,0,166,35,0,177,15,0,177,30,0,177,35,0,183,39,0,165,7,0,167,4,0,177,22,0,183,11,0,173,20,0,178,22,0,178,11,0,174,2,0,174,24,0,184,28,0,184,41,0,174,17,0,170,32,0,172,60,0,176,67,0,171,82,0,173,26,0,179,11,0,175,17,0,179,16,0,156,13,0,184,3,0,179,8,0,185,24,0,179,3,0,168,10,0,179,15,0,184,2,0,178,18,0,178,34,0,150,28,0,176,69,0,169,62,0,177,87,0,170,99,0,167,143,0,158,160,0,153,166,0,147,179,0,141,173,0,140,41,0,177,31,0,182,31,0,174,13,0,183,16,0,174,9,0,178,0,0,183,0,0,173,0,0,174,0,0,178,1,0,179,5,0,174,0,0,174,0,0,185,0,0,179,0,0,156,5,0,179,5,0,184,0,0,174,0,0,183,20,0,172,33,0,176,63,0,171,79,0,179,16,0,180,0,0,180,0,0,186,0,0,180,0,0,176,0,0,181,0,0,169,0,0,180,0,0,179,0,0,180,0,0,185,0,0,185,0,0,179,9,0,174,15,0,177,53,0,171,66,0,173,71,0,176,103,0,167,128,0,159,130,0,154,162,0,153,160,0,139,161,0,134,25,0,168,51,0,177,1,0,177,16,0,178,0,0,160,7,0,178,0,0,170,0,0,158,0,0,174,8,0,178,0,0,178,0,0,164,0,0,165,0,0,165,0,0,179,0,0,174,0,0,184,22,0,174,1,0,177,3,0,182,19,0,176,63,0,171,69,0,146,65,0,171,0,0,181,0,0,180,0,0,176,0,0,186,0,0,172,0,0,185,0,0,180,0,0,180,0,0,185,0,0,179,0,0,184,0,0,179,0,0,184,0,0,152,20,0,176,37,0,170,42,0,178,75,0,139,106,0,135,120,0,162,122,0,149,163,0,147,164,0,147,150,0,137,36,0,175,48,0,172,44,0,177,25,0,176,28,0,161,28,0,172,17,0,150,40,0,182,40,0,172,29,0,141,40,0,177,28,0,182,20,0,172,15,0,172,22,0,176,35,0,172,22,0,171,30,0,167,43,0,175,50,0,174,65,0,178,83,0,171,109,0,139,105,0,161,14,0,179,0,0,180,0,0,185,0,0,178,0,0,180,0,0,184,18,0,163,0,0,185,0,0,185,0,0,179,0,0,184,17,0,178,23,0,177,32,0,182,34,0,175,57,0,173,62,0,170,94,0,167,125,0,160,130,0,159,128,0,146,138,0,144,139,0,140,145,0,122,58,202,2,0,188,239,2,0,1,0,247,224,
TMF8829_FRAME_HEADER,0,115,46,3,0,21,1,24,9,15,0,0,0,78,82,78,84,229,5,227,5,PAYLOAD,110,8,70,110,8,46,220,3,70,236,3,83,228,3,97,210,3,98,235,3,99,238,3,97,251,3,96,254,3,80,5,4,73,229,2,13,168,8,74,125,8,74,252,6,55,183,8,75,144,8,26,235,7,58,97,7,58,105,7,22,148,7,55,91,7,60,203,7,23,173,7,19,229,7,59,55,8,61,135,8,55,235,9,61,61,10,68,107,10,64,141,10,50,4,9,45,232,8,24,195,2,43,13,3,45,230,2,45,186,3,33,126,3,62,59,3,51,11,13,52,88,1,64,158,13,51,12,3,44,75,3,17,214,2,62,180,2,61,235,2,32,249,2,63,69,8,51,147,3,52,226,3,81,213,3,94,239,3,101,218,3,110,212,3,109,208,3,104,224,3,100,238,3,87,242,3,78,96,3,21,41,7,44,74,8,67,147,6,102,145,8,65,157,8,70,166,3,74,215,3,73,21,4,73,68,4,72,253,3,63,86,4,66,91,4,70,236,3,76,183,3,77,151,3,77,229,3,60,36,4,89,7,4,85,39,4,89,48,4,93,252,3,95,0,4,100,222,3,104,206,3,107,214,3,103,207,3,109,217,3,96,178,3,25,171,3,66,193,3,74,163,3,76,53,3,65,71,3,72,46,3,75,38,3,70,46,3,63,115,8,44,96,8,49,218,3,73,244,3,47,220,3,95,194,3,113,193,3,147,243,3,128,199,3,104,254,3,94,238,3,94,220,3,64,144,4,34,214,4,45,160,4,28,27,4,74,236,3,101,175,3,104,176,3,103,153,3,85,239,3,94,22,4,94,63,4,99,76,4,101,58,4,99,12,4,104,233,3,87,194,3,109,5,4,108,4,4,104,218,3,108,211,3,108,186,3,108,179,3,113,183,3,112,182,3,109,190,3,111,1,4,106,240,3,107,253,3,99,254,3,104,253,3,106,219,3,81,181,3,36,142,3,75,118,3,45,240,2,64,10,3,43,0,0,0,0,0,0,123,1,68,206,2,66,4,3,36,78,3,90,93,3,108,27,3,82,242,2,75,3,3,72,204,2,69,0,3,73,240,2,60,228,2,72,161,4,74,168,4,67,71,4,87,216,3,91,192,3,100,129,4,85,123,4,84,116,4,86,61,4,93,24,4,85,105,3,96,91,3,102,125,3,93,234,3,107,2,4,93,52,4,97,28,4,105,5,4,101,240,3,88,206,3,112,203,3,112,198,3,111,236,3,106,191,3,100,210,3,92,225,3,63,1,4,96,210,3,83,65,3,79,50,3,39,37,3,42,247,2,71,163,2,67,85,2,63,202,1,34,179,1,75,229,1,82,236,1,86,77,2,95,132,2,93,166,2,96,150,2,82,101,2,99,38,2,98,243,1,96,176,1,72,132,1,95,101,1,84,110,1,87,117,1,67,117,1,92,184,1,97,179,1,90,120,1,93,118,1,59,132,1,93,105,1,89,106,1,94,44,1,99,56,1,100,113,1,96,88,1,99,108,1,85,142,1,98,204,1,98,33,2,99,75,2,83,110,2,98,162,2,95,195,2,73,227,2,98,188,2,85,48,2,83,125,2,92,173,2,92,9,2,88,208,1,94,171,1,79,192,1,81,171,1,78,176,1,73,124,1,68,68,1,97,67,1,97,69,1,108,33,1,111,60,1,108,72,1,89,85,1,111,58,1,87,67,1,105,36,1,108,28,1,111,29,1,111,26,1,111,25,1,116,23,1,98,18,1,111,239,0,116,15,1,111,24,1,112,24,1,112,18,1,109,13,1,78,254,0,108,10,1,110,10,1,113,240,0,79,6,1,80,254,0,113,3,1,123,15,1,113,28,1,117,17,1,116,16,1,111,19,1,86,35,1,107,72,1,112,49,1,115,66,1,101,38,1,108,57,1,92,35,1,107,34,1,109,49,1,103,35,1,97,42,1,97,47,1,94,63,1,89,70,1,85,250,0,115,246,0,118,247,0,121,237,0,104,218,0,124,234,0,126,226,0,127,222,0,127,231,0,106,234,0,114,203,0,127,227,0,124,215,0,127,214,0,127,215,0,128,216,0,128,188,0,128,205,0,128,234,0,129,207,0,88,188,0,129,203,0,125,199,0,127,200,0,119,205,0,129,217,0,126,192,0,126,207,0,129,207,0,129,214,0,106,209,0,115,202,0,125,220,0,128,213,0,127,225,0,127,220,0,132,236,0,113,214,0,126,239,0,126,224,0,126,214,0,103,224,0,119,236,0,105,229,0,83,19,1,113,3,1,113,240,0,104,15,1,99,220,0,131,184,0,121,174,0,145,184,0,107,192,0,140,174,0,143,175,0,111,190,0,137,208,0,137,183,0,141,171,0,144,161,0,109,175,0,141,163,0,145,187,0,108,156,0,141,160,0,145,165,0,141,187,0,147,156,0,138,157,0,141,175,0,100,144,0,139,153,0,138,181,0,146,195,0,147,174,0,141,197,0,146,178,0,145,158,0,140,162,0,140,171,0,150,174,0,140,170,0,144,174,0,139,177,0,144,205,0,140,174,0,141,169,0,139,174,0,142,214,0,134,177,0,139,194,0,133,225,0,129,174,0,122,226,0,122,200,0,100,229,0,110,179,0,142,183,0,149,172,0,156,173,0,147,177,0,149,174,0,149,181,0,149,161,0,114,170,0,149,154,0,154,165,0,154,162,0,150,175,0,151,160,0,151,161,0,151,158,0,155,161,0,155,143,0,145,160,0,156,137,0,152,153,0,151,156,0,150,148,0,127,161,0,144,170,0,152,155,0,149,143,0,152,143,0,152,159,0,156,158,0,152,155,0,156,163,0,134,154,0,151,158,0,151,147,0,151,158,0,150,166,0,151,159,0,154,166,0,146,166,0,149,182,0,147,158,0,144,175,0,142,180,0,139,186,0,126,210,0,132,249,0,126,229,0,119,165,0,148,169,0,158,143,0,159,152,0,160,129,0,148,134,0,157,146,0,158,127,0,158,139,0,157,142,0,162,134,0,158,124,0,158,123,0,163,131,0,169,132,0,155,142,0,126,119,0,151,132,0,160,118,0,160,118,0,153,114,0,159,130,0,158,125,0,130,142,0,146,145,0,165,119,0,161,137,0,140,132,0,160,117,0,164,112,0,164,124,0,160,144,0,160,124,0,156,139,0,163,125,0,159,135,0,159,139,0,150,133,0,163,128,0,157,124,0,156,133,0,155,143,0,152,175,0,149,172,0,146,175,0,142,199,0,137,215,0,135,218,0,121,128,0,163,127,0,171,121,0,167,113,0,163,129,0,173,107,0,164,111,0,164,88,0,164,108,0,164,98,0,169,98,0,165,99,0,165,92,0,159,111,0,175,85,0,140,98,0,170,90,0,170,103,0,171,98,0,166,82,0,165,99,0,165,103,0,164,114,0,163,120,0,130,96,0,171,93,0,171,89,0,167,86,0,171,95,0,171,90,0,170,109,0,170,83,0,166,75,0,166,86,0,146,87,0,176,105,0,170,104,0,169,86,0,169,85,0,168,112,0,162,117,0,164,115,0,162,143,0,155,148,0,151,154,0,143,195,0,142,180,0,131,190,0,129,103,0,161,80,0,150,93,0,167,88,0,172,77,0,172,82,0,169,69,0,173,88,0,147,66,0,165,77,0,173,69,0,166,62,0,179,61,0,174,57,0,174,62,0,170,65,0,170,46,0,170,51,0,175,64,0,167,56,0,170,65,0,179,64,0,165,98,0,171,95,0,165,60,0,175,53,0,175,63,0,175,62,0,171,55,0,175,43,0,171,62,0,175,43,0,166,34,0,174,69,0,174,47,0,174,46,0,166,50,0,169,66,0,172,81,0,140,100,0,139,82,0,164,100,0,171,126,0,134,145,0,164,152,0,118,185,0,153,175,0,119,177,0,131,77,0,132,65,0,180,66,0,171,32,0,175,32,0,164,29,0,171,36,0,176,24,0,177,33,0,173,32,0,172,5,0,183,14,0,173,32,0,173,20,0,173,33,0,182,34,0,146,29,0,178,19,0,155,30,0,173,34,0,176,40,0,176,69,0,175,65,0,179,89,0,168,23,0,183,35,0,178,27,0,174,29,0,155,33,0,178,17,0,156,28,0,170,10,0,174,28,0,183,23,0,183,31,0,173,11,0,173,43,0,177,44,0,176,47,0,148,47,0,168,71,0,160,96,0,164,108,0,161,125,0,157,139,0,149,160,0,143,172,0,109,175,0,131,54,0,172,29,0,182,12,0,177,15,0,174,33,0,184,15,0,168,6,0,177,1,0,183,0,0,184,0,0,178,0,0,154,0,0,179,7,0,174,0,0,178,0,0,179,0,0,179,0,0,184,4,0,184,0,0,179,42,0,170,8,0,177,38,0,182,34,0,175,82,0,166,13,0,180,2,0,180,0,0,180,0,0,180,0,0,185,0,0,176,0,0,185,0,0,169,0,0,180,1,0,180,0,0,185,0,0,179,21,0,174,0,0,183,20,0,169,34,0,175,59,0,146,73,0,166,96,0,163,117,0,155,135,0,158,164,0,149,164,0,139,160,0,141,30,0,182,14,0,178,23,0,183,32,0,178,0,0,184,3,0,178,9,0,178,0,0,184,0,0,174,0,0,163,0,0,178,6,0,178,0,0,184,0,0,178,0,0,184,9,0,159,0,0,179,0,0,179,0,0,183,9,0,173,3,0,168,36,0,172,32,0,175,72,0,154,8,0,176,0,0,180,0,0,181,0,0,175,0,0,175,0,0,180,0,0,169,0,0,186,0,0,180,0,0,175,0,0,185,0,0,174,0,0,178,0,0,177,3,0,169,34,0,170,31,0,172,50,0,169,100,0,168,108,0,159,111,0,142,153,0,148,142,0,143,137,0,137,61,0,172,22,0,182,43,0,173,11,0,178,7,0,178,38,0,183,37,0,183,14,0,164,0,0,173,19,0,153,18,0,183,20,0,184,13,0,178,0,0,183,6,0,155,2,0,151,9,0,177,6,0,183,17,0,176,17,0,181,49,0,139,50,0,174,65,0,171,97,0,165,0,0,180,0,0,186,0,0,180,0,0,180,0,0,185,0,0,180,0,0,180,0,0,185,0,0,180,0,0,166,0,0,179,0,0,178,28,0,178,2,0,159,32,0,168,38,0,170,63,0,164,73,0,158,83,0,166,123,0,157,126,0,118,143,0,151,140,0,138,147,0,141,224,254,2,0,98,36,3,0,1,0,247,224,
TMF8829_FRAME_HEADER,0,157,91,3,0,21,65,24,9,16,0,0,0,78,82,78,84,236,5,229,5,PAYLOAD,139,8,65,151,3,56,221,3,66,233,3,84,230,3,100,222,3,101,224,3,111,217,3,100,221,3,93,254,3,87,252,3,77,12,3,38,122,8,63,93,8,75,164,6,80,172,8,67,173,8,75,186,7,66,140,7,58,188,7,56,242,6,44,205,6,50,4,7,53,177,4,52,101,7,40,0,8,67,176,8,62,21,10,69,63,10,65,143,10,61,201,3,51,169,3,68,230,3,75,251,3,78,239,3,83,242,3,91,224,3,97,212,3,96,246,3,84,116,3,52,23,3,41,80,3,26,46,3,68,62,3,68,204,2,57,171,2,55,4,3,38,3,3,63,90,8,58,121,8,57,249,3,73,214,3,91,238,3,103,196,3,111,220,3,92,229,3,111,221,3,103,239,3,103,23,4,83,155,3,57,0,0,0,235,4,27,33,6,67,216,3,69,167,3,78,151,3,81,201,3,95,190,3,85,240,3,78,60,4,78,84,4,56,111,4,71,68,4,94,254,3,106,223,3,111,243,3,104,60,4,96,40,4,96,23,4,95,15,4,96,235,3,105,231,3,106,228,3,107,204,3,113,209,3,73,251,3,99,246,3,104,243,3,86,2,4,58,238,3,105,213,3,83,132,3,73,115,3,66,94,3,77,60,3,69,27,3,68,0,0,0,0,0,0,52,3,64,133,3,41,145,3,84,130,3,101,182,3,106,222,3,89,179,3,93,116,3,77,113,3,73,78,3,71,167,2,60,197,4,54,251,4,82,167,4,95,51,4,97,196,3,105,254,3,99,154,4,92,236,3,92,76,4,86,42,4,95,228,3,64,185,3,105,151,3,72,142,3,110,247,3,108,26,4,101,41,4,102,34,4,108,11,4,111,212,3,113,205,3,114,194,3,114,180,3,114,228,3,111,220,3,114,250,3,99,39,4,71,13,4,112,255,3,103,191,3,77,137,3,69,55,3,64,67,3,49,102,3,48,218,2,61,211,1,66,60,2,68,134,2,73,187,2,75,243,2,81,56,3,89,48,3,91,29,3,87,37,3,85,209,2,82,168,2,81,71,2,80,222,1,81,219,1,80,188,1,80,210,1,85,75,2,83,191,2,66,155,2,86,9,2,90,13,2,85,29,2,85,100,2,91,200,2,89,175,2,66,179,2,77,217,2,96,184,2,94,246,2,91,40,3,95,73,3,96,70,3,96,69,3,94,116,3,99,107,3,99,103,3,99,135,3,104,181,3,103,106,3,66,166,3,87,209,3,90,61,3,81,172,2,79,110,2,72,98,2,70,231,1,45,52,2,45,211,1,66,140,1,86,99,1,89,115,1,93,110,1,101,161,1,103,180,1,101,214,1,107,211,1,103,191,1,94,140,1,102,122,1,102,114,1,105,59,1,90,49,1,102,68,1,100,86,1,106,76,1,98,79,1,107,59,1,89,60,1,103,72,1,103,48,1,103,57,1,103,37,1,102,27,1,106,31,1,106,30,1,106,41,1,106,33,1,105,51,1,81,59,1,109,63,1,104,124,1,101,156,1,103,141,1,69,187,1,100,199,1,103,160,1,102,90,1,96,133,1,95,137,1,98,109,1,61,95,1,96,79,1,92,82,1,85,96,1,82,80,1,78,134,1,78,23,1,84,31,1,110,3,1,112,30,1,114,31,1,121,248,0,123,14,1,123,6,1,120,6,1,124,246,0,120,10,1,108,6,1,120,247,0,119,248,0,111,229,0,124,236,0,119,226,0,120,229,0,92,230,0,117,235,0,121,227,0,121,239,0,100,229,0,123,217,0,118,223,0,125,238,0,121,230,0,121,227,0,87,223,0,120,245,0,114,228,0,117,247,0,125,246,0,104,254,0,120,235,0,116,8,1,123,246,0,119,9,1,96,249,0,118,254,0,106,14,1,117,237,0,119,238,0,112,9,1,106,13,1,107,38,1,102,31,1,102,49,1,97,205,0,128,210,0,126,202,0,129,196,0,131,216,0,132,205,0,133,215,0,133,188,0,101,208,0,133,215,0,138,201,0,134,197,0,134,180,0,131,197,0,139,212,0,135,197,0,135,214,0,135,178,0,135,168,0,144,185,0,140,177,0,135,180,0,135,181,0,134,184,0,130,196,0,136,184,0,141,186,0,137,198,0,127,198,0,132,169,0,139,196,0,140,200,0,132,183,0,135,180,0,134,204,0,138,199,0,134,184,0,138,196,0,133,195,0,133,208,0,133,219,0,128,203,0,97,223,0,130,219,0,123,207,0,124,223,0,117,1,1,111,230,0,109,174,0,116,171,0,120,151,0,140,181,0,153,159,0,143,144,0,148,149,0,144,162,0,148,154,0,148,138,0,149,162,0,144,142,0,142,149,0,156,138,0,146,154,0,146,157,0,151,135,0,146,135,0,156,142,0,147,120,0,148,142,0,115,126,0,150,139,0,113,131,0,143,138,0,147,153,0,151,126,0,157,134,0,147,138,0,146,137,0,146,153,0,143,142,0,146,156,0,143,153,0,146,157,0,146,141,0,146,168,0,141,161,0,149,148,0,149,173,0,144,153,0,142,156,0,149,173,0,137,173,0,134,179,0,141,185,0,130,213,0,125,197,0,106,176,0,158,185,0,151,165,0,151,170,0,118,179,0,153,163,0,153,158,0,158,155,0,154,155,0,158,181,0,151,163,0,158,174,0,154,161,0,154,139,0,159,146,0,151,147,0,155,155,0,152,151,0,155,153,0,155,143,0,155,131,0,155,153,0,154,158,0,153,142,0,156,157,0,156,145,0,156,152,0,149,165,0,160,153,0,156,152,0,155,157,0,156,146,0,156,122,0,134,165,0,159,153,0,155,133,0,159,165,0,115,153,0,159,152,0,153,165,0,152,168,0,151,175,0,153,170,0,145,189,0,142,193,0,140,205,0,131,221,0,125,220,0,121,143,0,160,136,0,162,129,0,159,130,0,164,111,0,131,116,0,161,124,0,171,125,0,166,121,0,166,116,0,162,125,0,162,129,0,167,120,0,166,117,0,153,112,0,172,116,0,163,117,0,160,109,0,164,110,0,163,92,0,133,103,0,155,110,0,161,116,0,164,127,0,163,112,0,164,124,0,173,103,0,130,114,0,163,107,0,157,110,0,139,111,0,163,103,0,163,106,0,168,103,0,167,111,0,172,106,0,167,107,0,162,123,0,162,122,0,171,127,0,148,134,0,162,137,0,152,151,0,153,151,0,149,184,0,145,182,0,140,189,0,131,208,0,128,121,0,166,144,0,167,97,0,164,103,0,170,100,0,160,84,0,170,112,0,170,105,0,171,112,0,171,103,0,167,81,0,167,80,0,171,85,0,172,93,0,164,89,0,172,83,0,165,65,0,173,77,0,168,76,0,155,81,0,168,61,0,142,89,0,166,101,0,165,97,0,168,95,0,146,80,0,173,90,0,173,78,0,173,89,0,173,80,0,169,100,0,165,93,0,173,73,0,173,97,0,172,93,0,164,73,0,172,103,0,167,91,0,171,83,0,169,123,0,169,114,0,144,110,0,160,138,0,157,150,0,153,164,0,145,178,0,143,185,0,136,188,0,130,92,0,176,86,0,172,89,0,174,78,0,179,82,0,174,78,0,180,77,0,174,63,0,175,44,0,171,66,0,171,48,0,175,52,0,181,62,0,168,40,0,172,55,0,172,39,0,182,55,0,171,40,0,176,33,0,172,39,0,181,37,0,170,80,0,163,88,0,178,100,0,171,66,0,182,74,0,172,57,0,177,53,0,142,57,0,139,41,0,176,45,0,175,33,0,172,36,0,160,41,0,176,37,0,176,79,0,175,45,0,180,61,0,174,63,0,179,80,0,164,114,0,162,98,0,167,132,0,164,143,0,156,154,0,124,180,0,146,176,0,139,192,0,127,51,0,171,59,0,168,35,0,164,33,0,177,15,0,177,22,0,177,37,0,178,42,0,165,3,0,167,2,0,178,18,0,177,7,0,178,18,0,183,22,0,178,7,0,184,0,0,171,24,0,184,24,0,184,39,0,170,17,0,173,28,0,176,55,0,172,67,0,170,78,0,168,26,0,184,10,0,179,17,0,185,16,0,159,12,0,175,3,0,179,8,0,179,23,0,179,3,0,164,10,0,184,14,0,178,2,0,178,18,0,178,33,0,151,28,0,181,65,0,169,61,0,172,87,0,170,99,0,167,142,0,154,160,0,157,166,0,147,174,0,142,173,0,135,39,0,172,31,0,173,24,0,178,11,0,183,16,0,170,5,0,174,0,0,173,0,0,177,0,0,171,0,0,178,1,0,179,1,0,179,0,0,174,0,0,175,0,0,179,0,0,161,5,0,179,1,0,178,0,0,178,0,0,178,16,0,177,31,0,172,63,0,171,75,0,169,16,0,180,0,0,180,0,0,186,0,0,176,0,0,181,0,0,186,0,0,169,0,0,185,0,0,179,0,0,176,0,0,180,0,0,175,0,0,184,12,0,174,18,0,177,57,0,171,65,0,179,71,0,171,99,0,163,127,0,163,130,0,154,162,0,149,159,0,143,169,0,134,23,0,176,48,0,177,0,0,177,14,0,183,0,0,158,3,0,184,0,0,170,0,0,158,0,0,178,2,0,178,0,0,183,0,0,164,0,0,168,0,0,165,0,0,179,0,0,174,0,0,184,18,0,183,0,0,177,7,0,177,15,0,176,61,0,171,73,0,146,65,0,166,0,0,181,0,0,172,0,0,186,0,0,186,0,0,176,0,0,180,0,0,185,0,0,176,0,0,185,0,0,185,0,0,174,0,0,179,2,0,178,0,0,148,20,0,182,37,0,180,37,0,172,71,0,138,106,0,136,119,0,158,122,0,149,163,0,147,167,0,142,150,0,137,34,0,168,48,0,176,40,0,176,23,0,176,28,0,163,27,0,172,15,0,151,40,0,172,35,0,176,27,0,141,44,0,182,24,0,177,18,0,177,15,0,169,18,0,176,33,0,172,26,0,172,26,0,171,41,0,170,50,0,170,61,0,178,81,0,171,109,0,139,105,0,165,14,0,175,0,0,180,0,0,172,0,0,178,0,0,185,0,0,184,18,0,166,0,0,185,0,0,175,0,0,179,0,0,179,17,0,183,23,0,183,31,0,176,34,0,171,53,0,172,61,0,166,94,0,163,121,0,164,132,0,155,131,0,150,138,0,149,138,0,136,145,0,118,226,43,3,0,100,81,3,0,1,0,247,224,
TMF8829_FRAME_HEADER,0,29,144,3,0,21,1,24,9,17,0,0,0,78,82,78,84,232,5,226,5,PAYLOAD,111,8,61,215,3,46,210,3,74,237,3,83,231,3,93,211,3,98,228,3,102,237,3,97,232,3,91,255,3,83,253,3,74,172,2,13,122,8,72,148,8,66,4,7,51,188,8,75,167,8,27,236,7,57,125,7,52,46,7,17,99,7,49,146,7,64,222,7,23,236,7,25,211,7,58,68,8,62,145,8,55,209,9,66,81,10,63,69,10,62,153,10,52,9,9,44,233,8,23,188,2,42,220,2,45,13,3,48,17,3,28,99,3,53,113,3,65,245,12,51,99,13,46,155,13,47,254,2,43,107,3,17,250,2,40,220,2,32,170,2,54,224,2,58,86,8,50,170,3,52,242,3,75,222,3,90,246,3,105,211,3,105,216,3,113,211,3,109,225,3,96,231,3,90,241,3,87,97,3,22,127,7,42,82,8,71,148,6,106,150,8,64,171,8,74,148,3,74,188,3,76,47,4,71,53,4,66,37,4,66,66,4,73,112,4,65,207,3,74,176,3,77,145,3,75,234,3,59,41,4,88,17,4,88,40,4,89,37,4,96,249,3,98,4,4,97,231,3,101,214,3,106,218,3,110,212,3,109,218,3,101,203,3,24,188,3,69,203,3,74,141,3,76,99,3,66,56,3,75,77,3,75,59,3,71,23,3,66,24,8,42,45,8,51,187,3,72,225,3,47,231,3,95,187,3,117,191,3,151,246,3,124,183,3,96,247,3,102,241,3,89,182,3,64,138,4,31,217,4,41,174,4,28,244,3,74,235,3,94,172,3,105,169,3,99,164,3,87,213,3,90,10,4,93,78,4,91,73,4,97,59,4,88,6,4,107,226,3,87,196,3,109,2,4,108,1,4,108,226,3,112,216,3,104,183,3,108,180,3,108,180,3,108,179,3,109,192,3,110,250,3,102,234,3,107,254,3,96,248,3,105,254,3,106,224,3,81,167,3,42,107,3,69,100,3,66,35,3,63,244,2,61,0,0,0,0,0,0,181,2,59,238,2,65,42,3,38,83,3,90,86,3,109,42,3,77,243,2,70,244,2,70,161,2,77,4,3,74,248,2,60,223,2,73,135,4,73,161,4,64,74,4,87,221,3,96,194,3,96,94,4,84,158,4,81,39,4,85,53,4,94,245,3,90,122,3,96,88,3,105,137,3,92,235,3,102,3,4,93,45,4,97,25,4,106,14,4,108,230,3,92,211,3,112,196,3,116,192,3,111,222,3,106,193,3,92,207,3,88,219,3,64,254,3,93,192,3,84,77,3,71,12,3,37,252,2,43,0,3,67,191,2,64,86,2,64,249,1,40,197,1,72,215,1,81,1,2,86,77,2,94,125,2,93,144,2,96,130,2,82,79,2,98,58,2,93,10,2,92,176,1,73,129,1,95,112,1,95,92,1,95,99,1,68,127,1,92,157,1,93,156,1,93,127,1,93,126,1,59,133,1,90,97,1,93,119,1,93,48,1,104,64,1,100,118,1,100,81,1,103,113,1,85,154,1,94,193,1,98,19,2,95,80,2,82,119,2,98,166,2,97,196,2,73,224,2,99,205,2,83,77,2,83,122,2,97,178,2,92,30,2,88,171,1,86,144,1,79,197,1,80,176,1,77,134,1,77,0,0,0,80,1,97,59,1,104,73,1,100,42,1,107,78,1,108,77,1,90,79,1,111,77,1,87,57,1,108,44,1,116,31,1,111,30,1,111,27,1,112,32,1,108,35,1,100,27,1,116,246,0,116,4,1,111,9,1,109,31,1,112,15,1,108,19,1,75,253,0,111,0,1,111,7,1,113,241,0,80,11,1,79,252,0,113,0,1,113,11,1,112,33,1,112,26,1,116,17,1,116,16,1,88,36,1,111,73,1,111,50,1,111,78,1,101,43,1,108,54,1,94,21,1,111,39,1,105,50,1,103,36,1,97,39,1,93,56,1,94,49,1,94,71,1,85,247,0,120,1,1,118,237,0,121,227,0,106,229,0,124,235,0,130,227,0,127,221,0,127,231,0,107,227,0,114,217,0,127,228,0,124,208,0,128,225,0,127,212,0,128,209,0,132,191,0,128,206,0,128,231,0,133,210,0,88,193,0,128,200,0,125,198,0,131,197,0,126,217,0,126,218,0,126,194,0,129,211,0,125,205,0,129,215,0,105,218,0,117,203,0,128,221,0,132,214,0,132,222,0,124,221,0,127,237,0,110,215,0,131,237,0,126,229,0,130,219,0,103,225,0,126,229,0,103,230,0,82,20,1,114,0,1,109,238,0,104,27,1,96,209,0,131,187,0,119,175,0,135,189,0,108,200,0,139,171,0,138,172,0,110,198,0,140,209,0,137,180,0,137,178,0,141,154,0,109,176,0,145,166,0,144,188,0,107,153,0,141,171,0,150,158,0,145,180,0,142,155,0,138,154,0,141,180,0,101,151,0,149,150,0,138,182,0,146,191,0,142,175,0,141,194,0,141,179,0,141,159,0,140,163,0,144,172,0,136,175,0,140,171,0,140,175,0,140,178,0,136,202,0,144,171,0,144,170,0,139,179,0,138,211,0,134,178,0,131,190,0,129,219,0,134,175,0,125,231,0,122,212,0,100,234,0,107,172,0,145,186,0,145,169,0,146,170,0,152,184,0,159,167,0,149,181,0,149,164,0,115,167,0,149,151,0,150,172,0,160,155,0,154,172,0,151,171,0,155,162,0,150,155,0,151,168,0,151,140,0,151,153,0,156,144,0,152,150,0,151,153,0,150,151,0,127,154,0,144,174,0,152,152,0,152,144,0,156,148,0,149,156,0,156,163,0,156,156,0,156,160,0,133,152,0,151,159,0,151,152,0,151,155,0,150,167,0,155,156,0,150,167,0,154,167,0,153,175,0,152,163,0,144,180,0,141,185,0,138,191,0,124,215,0,136,243,0,122,227,0,119,162,0,149,176,0,154,140,0,159,146,0,152,136,0,148,131,0,157,139,0,158,134,0,158,136,0,158,139,0,158,141,0,162,121,0,158,120,0,163,138,0,169,129,0,155,139,0,125,126,0,147,125,0,160,114,0,165,125,0,151,111,0,163,130,0,158,132,0,129,139,0,144,146,0,161,120,0,165,138,0,142,133,0,160,114,0,160,113,0,164,125,0,160,141,0,164,125,0,160,137,0,163,126,0,169,133,0,159,140,0,152,134,0,155,133,0,162,121,0,161,130,0,154,144,0,156,172,0,149,173,0,142,180,0,146,196,0,142,208,0,131,219,0,121,125,0,163,134,0,165,122,0,167,110,0,163,136,0,168,104,0,168,108,0,168,95,0,174,105,0,169,95,0,165,105,0,175,100,0,161,93,0,156,119,0,169,78,0,140,95,0,176,97,0,170,96,0,166,99,0,166,89,0,170,96,0,165,100,0,164,119,0,163,113,0,129,97,0,166,94,0,166,90,0,171,87,0,171,92,0,170,87,0,171,114,0,170,84,0,171,76,0,166,87,0,146,84,0,176,106,0,165,105,0,165,87,0,164,86,0,163,113,0,162,114,0,160,117,0,162,140,0,152,149,0,147,152,0,147,191,0,141,185,0,135,196,0,126,100,0,161,87,0,148,93,0,171,85,0,172,84,0,172,79,0,168,66,0,169,95,0,150,63,0,162,74,0,173,76,0,163,59,0,169,58,0,170,64,0,179,59,0,174,62,0,180,53,0,170,48,0,170,61,0,167,59,0,170,62,0,179,61,0,165,105,0,171,96,0,170,64,0,176,54,0,175,64,0,175,63,0,171,56,0,175,44,0,167,67,0,170,41,0,170,35,0,174,70,0,174,48,0,179,47,0,174,51,0,169,67,0,168,82,0,140,101,0,138,79,0,160,101,0,161,127,0,133,146,0,154,153,0,119,186,0,144,176,0,119,178,0,136,70,0,133,72,0,174,63,0,180,25,0,175,40,0,167,30,0,171,33,0,176,31,0,172,26,0,177,29,0,172,12,0,183,11,0,173,29,0,177,24,0,177,30,0,177,34,0,147,36,0,174,20,0,153,27,0,173,42,0,176,36,0,176,66,0,175,72,0,174,86,0,168,24,0,178,32,0,174,28,0,174,26,0,158,30,0,174,18,0,155,33,0,174,11,0,174,25,0,178,24,0,173,32,0,177,12,0,177,44,0,177,41,0,172,48,0,146,52,0,165,72,0,158,101,0,164,109,0,165,126,0,157,140,0,152,161,0,147,169,0,107,172,0,134,51,0,176,33,0,176,9,0,183,12,0,174,36,0,184,12,0,171,3,0,173,8,0,183,0,0,178,0,0,184,0,0,159,0,0,179,4,0,174,0,0,178,0,0,179,0,0,179,0,0,175,1,0,178,0,0,184,45,0,170,1,0,182,35,0,177,42,0,175,79,0,166,14,0,185,3,0,180,0,0,186,0,0,186,0,0,176,0,0,185,0,0,185,0,0,176,0,0,185,2,0,172,0,0,179,0,0,185,22,0,178,0,0,173,21,0,166,35,0,175,60,0,144,74,0,170,97,0,163,118,0,152,140,0,154,165,0,148,165,0,142,157,0,137,27,0,182,21,0,178,20,0,183,29,0,174,0,0,174,3,0,178,6,0,174,0,0,184,0,0,184,0,0,157,0,0,178,3,0,184,0,0,174,0,0,178,0,0,175,6,0,159,0,0,179,0,0,179,0,0,174,16,0,173,0,0,168,33,0,176,40,0,174,73,0,159,9,0,176,0,0,180,0,0,181,0,0,175,0,0,185,0,0,180,0,0,166,0,0,180,0,0,180,0,0,185,0,0,179,0,0,170,0,0,178,0,0,177,4,0,172,35,0,170,32,0,172,47,0,165,101,0,163,109,0,163,108,0,142,157,0,153,143,0,139,142,0,137,58,0,176,29,0,177,35,0,170,8,0,183,14,0,183,40,0,178,31,0,178,17,0,164,0,0,178,16,0,155,25,0,178,17,0,178,10,0,178,1,0,178,3,0,160,0,0,150,16,0,177,0,0,173,10,0,176,24,0,181,46,0,140,47,0,163,72,0,171,90,0,169,0,0,175,0,0,176,0,0,180,0,0,180,0,0,179,0,0,180,0,0,180,0,0,176,0,0,180,0,0,164,0,0,184,0,0,178,29,0,184,0,0,154,33,0,171,40,0,174,64,0,172,74,0,155,84,0,161,124,0,161,123,0,118,144,0,147,141,0,141,148,0,141,136,96,3,0,10,134,3,0,1,0,247,224,
TMF8829_FRAME_HEADER,0,62,189,3,0,21,65,24,9,18,0,0,0,78,82,78,84,236,5,228,5,PAYLOAD,139,8,64,80,8,58,219,3,80,225,3,87,241,3,96,236,3,101,231,3,107,228,3,93,219,3,93,251,3,91,251,3,76,216,2,35,135,8,67,80,8,74,170,6,75,176,8,71,188,8,72,161,7,71,129,7,58,199,7,56,43,7,51,244,6,46,23,7,62,189,6,57,17,7,41,84,8,69,150,8,56,7,10,63,32,10,61,136,10,61,109,3,45,186,3,71,224,3,75,229,3,79,228,3,83,239,3,94,225,3,93,216,3,103,3,4,83,114,3,52,43,3,42,62,3,24,51,3,76,73,3,70,15,3,64,238,2,34,205,2,56,27,3,58,116,8,64,82,8,57,255,3,76,225,3,87,229,3,100,205,3,119,216,3,93,232,3,111,215,3,98,3,4,93,11,4,83,176,3,62,169,4,31,0,0,0,31,6,59,220,3,69,143,3,83,165,3,84,193,3,88,197,3,85,222,3,78,49,4,80,64,4,56,113,4,73,81,4,97,251,3,101,228,3,106,232,3,104,45,4,96,57,4,97,12,4,97,15,4,97,239,3,109,236,3,103,228,3,107,209,3,105,210,3,72,251,3,99,247,3,103,229,3,95,22,4,57,247,3,105,202,3,79,124,3,69,109,3,68,99,3,73,49,3,68,52,3,67,0,0,0,0,0,0,54,3,64,125,3,42,140,3,93,128,3,101,183,3,109,229,3,89,194,3,90,116,3,73,143,3,73,95,3,53,193,2,63,200,4,53,12,5,76,147,4,81,66,4,97,201,3,105,246,3,99,153,4,89,1,4,96,84,4,97,49,4,96,238,3,65,183,3,106,151,3,72,143,3,107,240,3,104,26,4,101,49,4,102,43,4,102,7,4,111,213,3,112,206,3,114,194,3,115,181,3,114,229,3,111,228,3,114,251,3,99,29,4,71,13,4,112,252,3,103,168,3,78,148,3,73,63,3,66,49,3,61,254,2,64,219,2,61,87,2,66,142,2,68,148,2,73,176,2,74,253,2,85,62,3,89,67,3,91,20,3,87,8,3,85,190,2,83,148,2,83,66,2,81,237,1,80,187,1,80,209,1,81,218,1,81,113,2,84,208,2,65,163,2,86,12,2,81,7,2,84,234,1,86,95,2,83,214,2,85,172,2,67,194,2,77,225,2,106,216,2,94,1,3,90,37,3,92,44,3,96,81,3,101,70,3,98,117,3,99,108,3,96,104,3,99,132,3,103,177,3,98,112,3,64,167,3,94,198,3,93,35,3,89,193,2,77,126,2,76,99,2,70,19,2,49,178,1,43,174,1,62,137,1,86,102,1,94,105,1,97,121,1,95,160,1,109,179,1,101,214,1,103,206,1,107,178,1,86,132,1,106,129,1,101,105,1,101,63,1,88,48,1,106,77,1,98,78,1,101,82,1,106,62,1,102,67,1,89,56,1,103,70,1,103,48,1,103,71,1,108,28,1,101,28,1,102,27,1,106,42,1,106,45,1,105,37,1,105,60,1,82,79,1,105,71,1,108,125,1,100,166,1,104,141,1,70,176,1,108,208,1,103,160,1,102,99,1,99,119,1,99,180,1,98,114,1,62,100,1,96,103,1,92,83,1,88,105,1,85,96,1,81,138,1,78,23,1,85,30,1,110,22,1,112,26,1,119,42,1,117,1,1,115,21,1,119,18,1,120,13,1,125,249,0,124,18,1,108,0,1,119,243,0,119,243,0,111,231,0,119,232,0,116,217,0,120,239,0,92,227,0,121,231,0,121,237,0,117,236,0,99,232,0,119,219,0,118,220,0,121,235,0,121,227,0,122,231,0,86,219,0,121,242,0,117,233,0,117,247,0,120,244,0,104,11,1,120,238,0,120,1,1,119,255,0,119,254,0,97,5,1,118,11,1,106,18,1,117,235,0,111,255,0,113,18,1,110,9,1,107,43,1,107,34,1,98,46,1,89,217,0,124,224,0,126,200,0,133,204,0,131,215,0,132,210,0,129,211,0,133,192,0,101,210,0,138,219,0,134,208,0,134,199,0,138,176,0,134,196,0,135,214,0,135,197,0,135,221,0,135,180,0,134,168,0,135,184,0,132,179,0,136,180,0,135,184,0,134,191,0,133,197,0,137,176,0,141,187,0,141,203,0,130,205,0,140,178,0,134,197,0,140,200,0,135,184,0,131,181,0,134,211,0,134,200,0,134,185,0,130,200,0,137,200,0,133,201,0,132,219,0,125,212,0,96,232,0,126,219,0,123,204,0,116,224,0,116,14,1,111,231,0,104,174,0,115,181,0,122,150,0,141,185,0,147,162,0,148,146,0,148,145,0,144,165,0,144,152,0,148,138,0,149,161,0,145,144,0,150,149,0,146,145,0,146,156,0,146,161,0,143,138,0,151,137,0,147,138,0,147,119,0,152,144,0,115,126,0,156,142,0,112,137,0,143,143,0,144,157,0,147,131,0,147,139,0,147,138,0,147,145,0,146,151,0,150,138,0,146,157,0,146,150,0,146,153,0,146,142,0,145,173,0,140,161,0,145,149,0,145,170,0,144,150,0,142,157,0,140,177,0,142,173,0,134,176,0,135,191,0,126,225,0,121,198,0,108,180,0,149,188,0,150,167,0,151,174,0,121,182,0,153,161,0,150,158,0,154,158,0,158,161,0,153,181,0,154,170,0,154,176,0,158,161,0,158,142,0,159,144,0,151,147,0,159,158,0,155,150,0,155,149,0,155,142,0,160,133,0,155,149,0,158,161,0,153,144,0,152,158,0,161,145,0,160,157,0,156,166,0,156,150,0,156,153,0,155,158,0,160,146,0,165,123,0,134,166,0,155,149,0,155,138,0,155,169,0,115,153,0,155,149,0,153,166,0,152,165,0,150,176,0,153,175,0,142,189,0,143,189,0,139,210,0,125,225,0,133,225,0,122,139,0,160,143,0,162,131,0,163,130,0,164,119,0,131,122,0,165,124,0,166,128,0,162,119,0,162,116,0,166,128,0,166,127,0,162,120,0,166,120,0,149,115,0,163,116,0,167,120,0,160,111,0,168,110,0,168,95,0,133,105,0,159,110,0,161,123,0,160,129,0,163,113,0,168,124,0,168,104,0,130,116,0,163,107,0,154,111,0,138,112,0,167,103,0,167,107,0,168,104,0,167,111,0,167,107,0,159,108,0,159,119,0,171,123,0,161,128,0,148,134,0,157,134,0,155,148,0,152,147,0,149,185,0,141,183,0,136,194,0,135,205,0,128,121,0,166,147,0,163,99,0,169,103,0,170,103,0,166,86,0,166,112,0,176,108,0,166,111,0,171,103,0,167,87,0,167,82,0,167,85,0,171,93,0,164,91,0,168,83,0,172,68,0,172,79,0,165,80,0,153,84,0,164,63,0,143,92,0,170,108,0,169,99,0,168,96,0,145,80,0,173,95,0,168,79,0,169,89,0,169,81,0,169,98,0,169,93,0,173,74,0,168,98,0,178,93,0,168,78,0,172,104,0,167,95,0,167,88,0,165,124,0,164,111,0,145,107,0,164,139,0,153,146,0,153,161,0,153,179,0,147,182,0,136,194,0,127,92,0,166,89,0,172,88,0,174,78,0,174,85,0,170,80,0,174,81,0,170,62,0,175,49,0,171,66,0,175,47,0,180,50,0,171,62,0,171,43,0,172,57,0,172,39,0,176,58,0,176,37,0,172,33,0,172,42,0,168,40,0,170,80,0,161,95,0,173,102,0,167,63,0,177,70,0,177,58,0,177,58,0,142,57,0,139,42,0,182,46,0,175,33,0,172,37,0,160,42,0,176,37,0,176,76,0,175,50,0,175,61,0,170,64,0,173,85,0,167,115,0,169,95,0,162,129,0,160,147,0,156,155,0,124,185,0,150,180,0,140,196,0,130,51,0,171,62,0,165,37,0,169,33,0,177,18,0,182,28,0,177,37,0,174,42,0,162,5,0,167,2,0,173,25,0,183,9,0,183,18,0,178,25,0,174,9,0,174,0,0,171,23,0,178,29,0,178,39,0,178,20,0,173,30,0,182,58,0,176,70,0,175,80,0,173,27,0,175,10,0,179,18,0,179,13,0,158,12,0,179,4,0,179,9,0,185,23,0,179,4,0,166,11,0,184,14,0,178,3,0,178,19,0,173,29,0,152,29,0,176,70,0,173,61,0,172,88,0,170,100,0,162,142,0,162,165,0,157,167,0,152,174,0,142,174,0,139,39,0,172,34,0,173,26,0,178,11,0,173,19,0,174,10,0,174,0,0,173,3,0,177,0,0,168,0,0,178,4,0,179,3,0,174,0,0,171,0,0,185,0,0,184,0,0,156,8,0,179,3,0,184,0,0,178,0,0,183,15,0,172,31,0,172,66,0,171,77,0,179,17,0,186,0,0,180,0,0,180,0,0,180,0,0,181,0,0,181,0,0,169,0,0,185,0,0,179,0,0,180,0,0,180,0,0,175,1,0,179,8,0,178,16,0,173,54,0,171,65,0,174,72,0,171,100,0,167,127,0,168,131,0,154,163,0,153,155,0,147,162,0,133,23,0,172,54,0,182,0,0,177,14,0,183,3,0,158,5,0,178,0,0,174,2,0,164,0,0,174,6,0,178,0,0,183,0,0,162,0,0,163,0,0,159,0,0,179,0,0,174,0,0,174,20,0,178,0,0,173,10,0,177,17,0,181,61,0,167,76,0,146,67,0,171,0,0,186,0,0,176,0,0,181,0,0,180,0,0,172,0,0,176,0,0,185,0,0,180,0,0,185,0,0,179,0,0,178,0,0,179,0,0,178,0,0,151,21,0,172,39,0,174,41,0,172,76,0,139,107,0,137,119,0,157,123,0,146,164,0,144,163,0,142,151,0,137,34,0,167,51,0,176,46,0,182,23,0,182,31,0,172,29,0,176,15,0,153,43,0,176,37,0,182,27,0,141,43,0,177,26,0,177,21,0,172,18,0,172,20,0,176,33,0,176,29,0,172,32,0,171,41,0,175,53,0,174,63,0,172,81,0,166,112,0,140,107,0,161,15,0,175,0,0,179,0,0,179,0,0,184,0,0,185,0,0,179,19,0,164,0,0,185,0,0,185,0,0,184,0,0,184,18,0,178,24,0,183,31,0,176,35,0,175,54,0,172,61,0,170,91,0,167,122,0,164,129,0,159,125,0,150,143,0,144,138,0,144,142,0,120,138,141,3,0,12,179,3,0,1,0,247,224,
TMF8829_FRAME_HEADER,0,197,241,3,0,21,1,24,9,19,0,0,0,78,82,78,84,226,5,228,5,PAYLOAD,113,8,64,108,8,49,225,3,77,231,3,86,226,3,98,223,3,98,238,3,102,236,3,98,244,3,95,241,3,84,15,4,71,5,3,13,160,8,74,116,8,80,36,7,56,175,8,75,150,8,24,213,7,60,154,7,51,79,7,18,172,7,54,122,7,63,232,7,25,209,7,23,232,7,55,39,8,66,142,8,58,215,9,62,68,10,68,97,10,62,97,10,49,41,9,44,110,9,30,201,2,42,27,3,48,26,3,47,96,3,29,105,3,53,131,3,62,239,12,48,84,13,52,203,13,44,252,2,43,241,2,15,19,3,44,226,2,33,210,2,29,209,2,67,64,8,59,172,3,52,242,3,71,231,3,87,245,3,101,211,3,105,219,3,113,206,3,104,225,3,100,241,3,91,232,3,79,166,3,23,75,7,43,115,8,60,148,6,99,156,8,64,174,8,71,155,3,74,175,3,72,27,4,74,76,4,72,62,4,62,104,4,70,116,4,65,193,3,74,182,3,87,135,3,90,239,3,58,58,4,86,22,4,89,38,4,87,43,4,96,247,3,92,2,4,96,225,3,104,205,3,116,216,3,103,206,3,108,216,3,101,232,3,29,198,3,69,181,3,72,143,3,76,52,3,65,66,3,75,45,3,71,53,3,70,49,3,68,3,8,39,115,2,59,234,3,65,243,3,44,230,3,98,195,3,108,196,3,149,249,3,132,195,3,100,241,3,94,252,3,82,174,3,68,144,4,35,242,4,40,142,4,24,26,4,76,238,3,96,172,3,114,168,3,96,163,3,89,225,3,94,25,4,98,84,4,94,65,4,105,34,4,97,11,4,104,224,3,86,193,3,105,4,4,108,255,3,107,224,3,108,206,3,108,181,3,112,178,3,108,186,3,108,181,3,113,181,3,111,0,4,106,236,3,107,252,3,99,253,3,104,4,4,106,214,3,81,200,3,42,113,3,66,86,3,62,61,3,63,246,2,65,0,0,0,0,0,0,219,2,37,225,2,66,10,3,40,76,3,100,88,3,105,37,3,78,243,2,71,239,2,72,222,2,73,245,2,79,254,2,60,28,3,73,154,4,74,144,4,69,54,4,87,217,3,87,203,3,96,124,4,88,147,4,81,72,4,85,71,4,94,242,3,90,97,3,65,86,3,105,128,3,96,233,3,99,5,4,93,47,4,106,23,4,106,0,4,104,232,3,89,213,3,112,198,3,116,192,3,106,228,3,106,193,3,100,192,3,84,221,3,62,0,4,96,198,3,83,98,3,79,64,3,28,13,3,43,250,2,67,212,2,64,211,2,60,209,1,41,173,1,75,223,1,86,18,2,87,55,2,90,145,2,89,165,2,100,145,2,82,94,2,98,52,2,93,245,1,92,180,1,73,147,1,87,119,1,95,107,1,90,112,1,67,119,1,96,165,1,93,174,1,93,134,1,93,119,1,59,120,1,89,126,1,97,92,1,93,65,1,99,62,1,99,97,1,100,90,1,96,107,1,87,118,1,108,191,1,98,17,2,102,78,2,83,109,2,102,161,2,103,198,2,71,233,2,98,195,2,85,36,2,84,113,2,92,187,2,92,8,2,88,173,1,89,161,1,79,203,1,81,174,1,77,113,1,74,146,1,70,82,1,93,66,1,100,89,1,103,36,1,106,73,1,108,73,1,88,85,1,111,72,1,86,68,1,108,54,1,111,30,1,115,38,1,111,33,1,112,24,1,111,39,1,98,25,1,111,241,0,112,12,1,116,11,1,112,26,1,112,10,1,113,12,1,76,7,1,111,7,1,110,13,1,110,236,0,81,9,1,80,242,0,114,10,1,117,1,1,113,19,1,112,16,1,112,23,1,112,18,1,87,30,1,111,71,1,111,52,1,111,76,1,101,41,1,113,52,1,93,23,1,107,33,1,105,56,1,100,38,1,100,41,1,97,42,1,94,74,1,94,65,1,84,246,0,115,252,0,118,248,0,121,237,0,105,228,0,124,232,0,122,233,0,127,224,0,132,232,0,106,237,0,114,213,0,132,228,0,132,218,0,132,216,0,132,216,0,124,215,0,128,195,0,132,210,0,128,240,0,129,205,0,87,189,0,129,206,0,125,197,0,131,201,0,122,208,0,129,224,0,126,187,0,126,209,0,126,195,0,133,213,0,107,212,0,113,194,0,125,219,0,128,215,0,128,220,0,131,223,0,131,235,0,114,217,0,131,235,0,126,227,0,126,217,0,104,227,0,123,231,0,105,232,0,82,9,1,114,9,1,109,239,0,105,13,1,99,215,0,127,190,0,119,179,0,135,191,0,109,199,0,139,179,0,148,182,0,112,197,0,140,205,0,140,190,0,141,181,0,145,158,0,109,178,0,145,169,0,140,188,0,107,163,0,140,166,0,140,166,0,141,186,0,147,158,0,138,162,0,145,178,0,101,150,0,139,150,0,142,180,0,135,194,0,147,169,0,141,196,0,141,173,0,141,153,0,140,165,0,140,170,0,140,173,0,140,169,0,140,177,0,140,180,0,140,204,0,144,169,0,140,172,0,143,173,0,138,213,0,137,176,0,134,188,0,133,220,0,126,176,0,125,232,0,122,226,0,100,232,0,115,182,0,147,189,0,144,177,0,156,176,0,148,183,0,149,171,0,149,184,0,149,167,0,114,171,0,149,161,0,150,175,0,154,159,0,150,178,0,151,170,0,155,162,0,151,161,0,151,171,0,151,144,0,151,163,0,148,147,0,148,154,0,151,159,0,147,150,0,126,158,0,147,169,0,152,150,0,152,142,0,156,146,0,156,154,0,156,161,0,156,154,0,151,162,0,133,153,0,151,157,0,151,154,0,151,153,0,150,165,0,155,154,0,150,165,0,150,165,0,145,173,0,152,161,0,144,174,0,142,186,0,138,182,0,124,213,0,132,241,0,126,221,0,119,164,0,149,171,0,158,144,0,159,152,0,160,139,0,143,131,0,161,149,0,162,133,0,158,140,0,154,142,0,158,140,0,162,125,0,155,130,0,159,137,0,163,133,0,159,142,0,125,129,0,149,129,0,157,125,0,160,124,0,146,115,0,163,133,0,158,131,0,130,143,0,149,147,0,165,118,0,165,136,0,142,131,0,164,115,0,160,114,0,160,123,0,164,143,0,159,123,0,160,135,0,163,124,0,159,134,0,159,138,0,150,132,0,158,131,0,162,119,0,157,128,0,155,142,0,156,174,0,149,167,0,155,174,0,142,194,0,137,206,0,135,217,0,125,131,0,159,133,0,171,126,0,167,117,0,173,135,0,164,108,0,168,119,0,168,94,0,168,109,0,164,101,0,169,104,0,169,104,0,169,95,0,162,113,0,169,82,0,139,101,0,170,96,0,166,104,0,171,105,0,170,88,0,165,100,0,165,110,0,164,118,0,167,118,0,131,99,0,171,92,0,171,88,0,171,85,0,167,94,0,171,85,0,171,108,0,170,82,0,166,74,0,166,85,0,145,86,0,170,104,0,170,103,0,165,85,0,164,84,0,163,111,0,166,115,0,160,114,0,162,142,0,155,147,0,147,153,0,147,194,0,141,186,0,135,189,0,130,106,0,165,86,0,152,94,0,167,91,0,168,83,0,178,83,0,178,72,0,169,94,0,150,71,0,165,80,0,179,71,0,166,67,0,174,64,0,170,63,0,169,63,0,180,68,0,174,52,0,170,52,0,175,67,0,164,62,0,174,66,0,174,67,0,165,104,0,167,96,0,170,59,0,181,52,0,175,62,0,171,61,0,171,58,0,180,42,0,167,65,0,175,38,0,170,33,0,174,68,0,180,46,0,179,45,0,174,49,0,169,65,0,168,83,0,139,99,0,138,77,0,157,99,0,161,128,0,133,144,0,158,151,0,118,184,0,144,174,0,119,173,0,128,80,0,132,75,0,180,67,0,171,31,0,181,38,0,167,34,0,171,40,0,172,30,0,172,34,0,177,35,0,172,11,0,173,15,0,173,35,0,177,26,0,173,34,0,173,37,0,146,35,0,178,20,0,158,33,0,173,41,0,177,41,0,176,76,0,175,71,0,170,90,0,168,22,0,178,30,0,178,26,0,174,24,0,153,28,0,174,16,0,152,27,0,170,9,0,170,27,0,173,22,0,178,30,0,177,14,0,177,42,0,177,38,0,181,46,0,144,46,0,165,70,0,155,99,0,168,107,0,157,124,0,157,138,0,149,159,0,147,167,0,108,170,0,130,57,0,176,32,0,176,13,0,177,18,0,170,35,0,184,16,0,171,9,0,177,7,0,183,0,0,178,0,0,178,0,0,157,1,0,179,10,0,171,0,0,178,0,0,185,0,0,179,0,0,175,5,0,178,0,0,184,44,0,173,5,0,173,42,0,172,41,0,175,83,0,169,12,0,185,1,0,180,0,0,180,0,0,176,0,0,180,0,0,176,0,0,179,0,0,185,0,0,185,0,0,172,0,0,179,0,0,179,20,0,184,0,0,178,23,0,169,33,0,175,58,0,145,76,0,176,95,0,173,115,0,159,134,0,154,163,0,149,167,0,142,159,0,137,33,0,182,20,0,183,24,0,174,35,0,174,0,0,178,7,0,178,12,0,178,0,0,179,0,0,184,0,0,157,0,0,178,7,0,178,0,0,178,0,0,178,0,0,179,12,0,161,0,0,179,0,0,179,0,0,178,15,0,173,7,0,176,40,0,172,38,0,180,73,0,159,7,0,181,0,0,186,0,0,181,0,0,172,0,0,180,0,0,180,0,0,169,0,0,180,0,0,169,0,0,179,0,0,185,0,0,174,0,0,183,0,0,183,2,0,172,33,0,167,30,0,168,49,0,169,99,0,163,107,0,163,110,0,140,152,0,152,145,0,139,140,0,142,64,0,172,28,0,177,44,0,173,14,0,178,13,0,178,44,0,183,41,0,178,20,0,160,1,0,170,22,0,153,24,0,178,24,0,178,16,0,178,4,0,178,7,0,158,5,0,152,19,0,173,4,0,173,20,0,176,19,0,172,50,0,138,53,0,163,71,0,171,98,0,169,0,0,175,0,0,180,0,0,180,0,0,180,0,0,179,0,0,185,0,0,180,0,0,180,0,0,185,0,0,164,0,0,179,0,0,174,27,0,174,1,0,156,31,0,172,37,0,174,62,0,164,76,0,155,82,0,166,122,0,157,125,0,118,142,0,151,139,0,145,146,0,137,48,194,3,0,178,231,3,0,1,0,247,224,
TMF8829_FRAME_HEADER,0,238,30,4,0,21,65,24,9,20,0,0,0,78,82,78,84,230,5,229,5,PAYLOAD,137,8,65,66,8,55,234,3,73,227,3,84,230,3,96,220,3,105,237,3,111,225,3,100,219,3,93,245,3,92,23,4,80,153,3,48,133,8,69,81,8,75,158,6,76,210,8,70,166,8,77,165,7,66,150,7,54,176,7,59,167,6,49,219,6,46,252,6,58,154,6,55,31,7,39,219,7,64,172,8,51,6,10,70,28,10,68,132,10,60,139,3,52,200,3,70,230,3,75,235,3,77,230,3,84,230,3,87,220,3,96,208,3,99,246,3,83,22,13,56,14,3,44,18,3,24,65,3,67,91,3,67,251,2,62,167,2,30,236,2,40,10,3,61,92,8,64,114,8,63,251,3,76,235,3,95,238,3,102,201,3,114,226,3,94,229,3,107,223,3,99,249,3,98,19,4,83,149,3,63,228,4,25,166,4,25,213,5,63,13,4,69,167,3,83,161,3,82,203,3,91,198,3,81,234,3,83,74,4,82,65,4,58,121,4,71,76,4,97,246,3,105,227,3,107,235,3,104,59,4,96,52,4,94,19,4,98,25,4,98,227,3,109,235,3,106,215,3,107,211,3,108,209,3,72,253,3,100,246,3,104,239,3,86,246,3,60,246,3,96,194,3,78,173,3,72,119,3,69,106,3,72,63,3,69,59,3,64,0,0,0,0,0,0,34,3,63,139,3,40,134,3,85,135,3,101,189,3,106,222,3,88,185,3,90,106,3,73,140,3,78,99,3,70,211,2,63,174,4,60,8,5,79,177,4,84,67,4,97,198,3,101,245,3,98,142,4,96,1,4,92,94,4,93,58,4,95,250,3,65,190,3,106,142,3,71,138,3,110,236,3,108,22,4,114,45,4,108,34,4,111,5,4,111,223,3,116,201,3,114,197,3,125,180,3,118,228,3,111,227,3,118,254,3,103,28,4,71,15,4,111,251,3,102,171,3,77,128,3,73,97,3,69,82,3,72,40,3,68,213,2,58,237,1,64,88,2,67,160,2,69,209,2,70,2,3,86,43,3,89,58,3,91,37,3,84,248,2,90,211,2,88,164,2,81,85,2,81,205,1,80,184,1,81,186,1,77,224,1,80,64,2,84,200,2,67,188,2,87,51,2,85,38,2,81,46,2,89,150,2,87,225,2,89,144,2,69,178,2,78,255,2,96,211,2,99,4,3,94,27,3,96,54,3,96,61,3,97,57,3,94,124,3,99,115,3,99,95,3,96,139,3,99,172,3,99,106,3,66,166,3,94,200,3,90,18,3,85,203,2,76,117,2,77,55,2,69,99,2,45,24,2,43,250,1,66,143,1,87,92,1,89,113,1,92,120,1,96,161,1,103,175,1,105,223,1,99,195,1,103,182,1,89,138,1,102,130,1,101,109,1,106,65,1,88,45,1,102,66,1,101,89,1,106,68,1,101,62,1,106,65,1,91,45,1,104,70,1,102,50,1,107,49,1,103,35,1,106,19,1,106,34,1,107,45,1,106,48,1,106,32,1,105,55,1,81,82,1,104,66,1,101,124,1,108,160,1,104,147,1,69,159,1,104,176,1,104,132,1,102,94,1,99,121,1,98,147,1,97,109,1,62,110,1,100,98,1,88,90,1,85,100,1,81,87,1,81,122,1,87,29,1,83,35,1,110,18,1,112,29,1,114,39,1,113,238,0,119,27,1,119,6,1,120,4,1,120,7,1,120,15,1,113,4,1,120,253,0,123,244,0,110,227,0,123,242,0,116,222,0,120,231,0,93,236,0,117,231,0,121,233,0,117,245,0,99,229,0,119,219,0,118,219,0,121,234,0,122,230,0,122,227,0,86,214,0,121,248,0,114,228,0,120,243,0,121,243,0,102,5,1,113,249,0,116,13,1,119,254,0,119,4,1,97,4,1,118,5,1,106,17,1,116,234,0,115,250,0,112,4,1,106,13,1,106,42,1,106,37,1,98,41,1,93,215,0,124,221,0,126,204,0,125,202,0,127,209,0,132,203,0,133,217,0,137,197,0,103,210,0,138,221,0,138,201,0,134,199,0,134,182,0,139,197,0,135,210,0,131,207,0,135,214,0,135,184,0,140,174,0,135,181,0,136,183,0,136,190,0,139,181,0,131,186,0,133,200,0,133,175,0,141,186,0,137,198,0,130,204,0,140,169,0,134,196,0,132,195,0,145,179,0,135,184,0,134,207,0,134,203,0,134,184,0,134,195,0,130,192,0,137,204,0,129,215,0,131,207,0,97,223,0,126,215,0,123,203,0,120,227,0,116,253,0,116,234,0,105,180,0,116,171,0,120,153,0,137,187,0,143,159,0,144,146,0,148,151,0,144,162,0,140,160,0,154,144,0,149,162,0,145,148,0,145,155,0,150,138,0,151,152,0,151,167,0,146,135,0,146,133,0,151,148,0,147,120,0,148,144,0,115,132,0,146,139,0,113,137,0,143,138,0,147,156,0,147,126,0,143,138,0,151,137,0,147,137,0,146,153,0,146,137,0,146,156,0,146,149,0,142,152,0,150,144,0,146,168,0,141,160,0,145,148,0,141,173,0,143,149,0,142,160,0,140,176,0,147,172,0,134,179,0,131,185,0,126,216,0,125,204,0,105,182,0,149,185,0,151,171,0,155,176,0,119,179,0,153,165,0,153,164,0,164,159,0,154,161,0,153,187,0,154,163,0,154,176,0,159,167,0,151,139,0,159,148,0,154,153,0,154,155,0,155,150,0,160,155,0,160,143,0,155,133,0,155,155,0,154,161,0,157,144,0,152,157,0,156,144,0,156,152,0,156,165,0,156,149,0,152,149,0,160,157,0,160,149,0,155,122,0,136,165,0,155,148,0,165,137,0,155,165,0,116,152,0,155,152,0,153,165,0,152,164,0,155,175,0,149,170,0,145,184,0,142,193,0,139,209,0,127,220,0,128,216,0,126,149,0,160,136,0,157,131,0,159,136,0,160,116,0,131,122,0,171,130,0,166,125,0,162,119,0,166,122,0,162,129,0,162,131,0,167,126,0,166,121,0,151,114,0,167,122,0,167,117,0,160,111,0,168,117,0,164,92,0,133,102,0,156,112,0,166,116,0,164,129,0,159,108,0,168,120,0,168,103,0,130,114,0,163,106,0,152,106,0,142,111,0,168,102,0,167,106,0,163,103,0,167,106,0,163,102,0,162,107,0,159,118,0,166,118,0,157,127,0,146,133,0,157,137,0,152,151,0,152,150,0,159,181,0,141,182,0,140,188,0,134,204,0,128,127,0,162,144,0,167,99,0,169,105,0,165,100,0,166,86,0,170,119,0,166,105,0,171,111,0,171,109,0,171,84,0,167,82,0,171,91,0,172,93,0,168,91,0,172,89,0,168,65,0,172,79,0,173,82,0,153,81,0,168,60,0,143,98,0,170,105,0,175,99,0,168,91,0,146,79,0,178,90,0,168,74,0,173,88,0,173,84,0,179,100,0,165,92,0,173,73,0,168,97,0,172,96,0,168,77,0,172,103,0,171,94,0,171,83,0,169,123,0,164,110,0,146,113,0,170,138,0,157,152,0,157,160,0,145,178,0,142,181,0,136,184,0,130,98,0,163,86,0,168,88,0,174,84,0,170,82,0,170,80,0,174,87,0,180,59,0,175,49,0,167,72,0,171,48,0,171,54,0,175,68,0,171,40,0,176,61,0,172,41,0,172,55,0,176,42,0,182,40,0,176,34,0,171,40,0,170,86,0,161,88,0,168,102,0,171,66,0,177,73,0,182,57,0,177,53,0,141,56,0,138,41,0,176,45,0,181,32,0,176,36,0,162,41,0,176,36,0,176,79,0,171,45,0,175,60,0,180,63,0,173,84,0,164,113,0,165,94,0,172,128,0,169,142,0,156,150,0,124,180,0,146,179,0,149,199,0,124,57,0,171,59,0,165,37,0,166,35,0,182,15,0,177,24,0,177,44,0,178,39,0,165,5,0,174,8,0,173,22,0,183,9,0,178,20,0,178,22,0,184,9,0,174,6,0,179,24,0,178,29,0,184,45,0,167,17,0,173,30,0,176,64,0,176,67,0,171,80,0,173,26,0,179,9,0,179,17,0,185,16,0,161,11,0,179,7,0,184,8,0,179,22,0,184,3,0,171,10,0,179,13,0,178,2,0,178,18,0,183,32,0,151,28,0,181,69,0,173,60,0,172,87,0,166,99,0,162,141,0,154,160,0,157,170,0,147,173,0,142,169,0,132,45,0,177,31,0,177,29,0,178,17,0,173,16,0,170,10,0,174,0,0,177,0,0,173,0,0,174,0,0,184,1,0,174,3,0,171,0,0,174,0,0,179,0,0,179,0,0,156,5,0,179,3,0,178,0,0,178,0,0,174,18,0,172,37,0,176,63,0,171,77,0,173,16,0,186,0,0,180,0,0,186,0,0,180,0,0,176,0,0,181,0,0,169,0,0,180,0,0,185,0,0,186,0,0,185,0,0,175,0,0,179,11,0,178,15,0,172,53,0,181,64,0,173,71,0,166,99,0,167,126,0,163,130,0,154,162,0,153,158,0,143,169,0,134,29,0,172,51,0,173,0,0,177,20,0,178,0,0,158,5,0,178,0,0,174,0,0,158,0,0,178,12,0,178,0,0,183,0,0,164,1,0,161,0,0,168,0,0,184,0,0,174,0,0,179,20,0,183,5,0,177,3,0,173,17,0,171,67,0,171,73,0,147,67,0,166,0,0,186,0,0,180,0,0,186,0,0,180,0,0,176,0,0,180,0,0,180,0,0,186,0,0,185,0,0,179,0,0,184,0,0,179,0,0,184,0,0,152,20,0,172,37,0,174,36,0,168,75,0,139,103,0,137,118,0,162,122,0,149,163,0,147,162,0,139,147,0,137,41,0,171,48,0,176,42,0,176,29,0,172,28,0,165,29,0,172,21,0,151,40,0,176,37,0,182,33,0,141,44,0,182,26,0,172,27,0,172,15,0,172,20,0,176,40,0,177,22,0,171,32,0,167,47,0,175,50,0,179,63,0,168,87,0,171,109,0,139,103,0,165,14,0,179,0,0,185,0,0,175,0,0,178,0,0,179,0,0,184,14,0,166,0,0,185,0,0,185,0,0,179,0,0,178,17,0,183,23,0,173,30,0,182,34,0,175,53,0,178,60,0,170,90,0,167,125,0,160,128,0,151,128,0,150,146,0,149,137,0,140,145,0,122,50,239,3,0,180,20,4,0,1,0,247,224,
TMF8829_FRAME_HEADER,0,112,83,4,0,21,1,24,9,21,0,0,0,78,82,78,84,228,5,229,5,PAYLOAD,123,8,64,196,3,46,219,3,73,229,3,86,243,3,93,217,3,98,243,3,102,226,3,97,238,3,91,239,3,81,17,4,75,250,3,19,166,8,74,117,8,69,30,7,51,192,8,75,167,8,27,203,7,60,141,7,57,139,7,18,105,7,55,127,7,59,20,8,18,184,7,24,250,7,57,64,8,61,146,8,55,229,9,66,98,10,64,113,10,63,185,10,48,9,9,44,39,9,35,203,2,43,3,3,46,68,3,49,75,3,24,107,3,64,99,3,51,47,13,51,130,13,48,202,13,34,243,2,60,19,3,13,6,3,65,0,0,0,175,2,53,10,3,41,98,8,61,182,7,45,244,3,81,222,3,87,250,3,104,209,3,110,209,3,113,211,3,108,219,3,96,231,3,91,233,3,77,130,3,20,50,7,44,101,8,71,150,6,102,98,2,60,179,8,75,142,3,79,181,3,73,39,4,71,55,4,68,10,4,66,77,4,69,59,4,71,191,3,74,158,3,77,142,3,77,237,3,58,34,4,86,9,4,88,36,4,87,46,4,96,235,3,95,1,4,96,220,3,104,211,3,106,218,3,102,209,3,113,223,3,96,156,3,23,197,3,69,188,3,74,138,3,72,54,3,65,65,3,81,58,3,70,45,3,70,82,3,68,116,8,41,64,8,56,213,3,78,226,3,48,224,3,99,194,3,113,195,3,148,246,3,132,202,3,104,255,3,97,234,3,89,161,3,64,0,0,0,221,4,41,183,4,28,39,4,76,231,3,97,174,3,104,181,3,103,164,3,85,223,3,94,15,4,90,63,4,94,67,4,94,52,4,97,3,4,107,212,3,88,196,3,106,247,3,112,2,4,104,223,3,112,209,3,113,180,3,105,176,3,108,185,3,112,180,3,109,196,3,111,251,3,106,231,3,103,251,3,95,248,3,109,255,3,105,209,3,86,190,3,42,128,3,69,43,3,66,63,3,45,187,2,66,0,0,0,0,0,0,180,1,64,227,2,68,15,3,32,81,3,93,90,3,105,42,3,82,15,3,69,248,2,76,173,2,69,243,2,80,209,2,57,200,2,72,145,4,78,153,4,66,63,4,87,223,3,101,201,3,96,159,4,81,164,4,78,66,4,86,87,4,90,232,3,89,76,3,95,85,3,105,134,3,94,216,3,99,248,3,105,46,4,97,9,4,106,247,3,103,238,3,89,211,3,112,205,3,112,196,3,107,226,3,106,192,3,97,196,3,88,226,3,62,3,4,101,208,3,83,104,3,74,9,3,34,0,3,43,23,3,66,195,2,74,128,2,61,199,1,42,174,1,75,213,1,85,24,2,86,53,2,90,147,2,97,171,2,96,142,2,82,100,2,94,20,2,93,3,2,97,162,1,69,137,1,90,116,1,87,117,1,95,114,1,68,127,1,92,163,1,93,164,1,94,127,1,93,117,1,59,133,1,93,104,1,93,136,1,90,48,1,99,50,1,96,103,1,104,81,1,104,122,1,85,144,1,98,193,1,108,253,1,98,115,2,84,88,2,95,167,2,97,197,2,72,220,2,99,205,2,83,81,2,81,103,2,93,190,2,92,19,2,87,232,1,85,191,1,79,179,1,77,148,1,77,127,1,74,95,1,69,80,1,97,74,1,97,75,1,103,53,1,111,71,1,108,75,1,90,86,1,115,65,1,85,74,1,105,37,1,111,27,1,111,32,1,116,38,1,116,32,1,111,37,1,98,27,1,116,253,0,108,10,1,111,18,1,113,31,1,108,12,1,113,10,1,77,253,0,116,254,0,111,11,1,118,250,0,80,24,1,79,7,1,118,5,1,113,16,1,113,25,1,112,10,1,111,2,1,108,20,1,87,33,1,108,63,1,108,66,1,111,60,1,100,32,1,108,54,1,94,25,1,107,40,1,105,66,1,103,25,1,97,24,1,97,44,1,94,50,1,90,60,1,84,251,0,115,253,0,115,242,0,121,231,0,105,229,0,125,233,0,126,227,0,123,225,0,127,233,0,106,238,0,114,214,0,132,230,0,121,216,0,132,217,0,137,214,0,128,213,0,128,200,0,124,204,0,128,238,0,133,202,0,88,190,0,133,200,0,125,190,0,127,195,0,117,210,0,129,219,0,129,190,0,126,211,0,129,198,0,129,208,0,106,210,0,115,200,0,125,218,0,125,221,0,124,219,0,127,222,0,127,241,0,112,216,0,131,237,0,135,229,0,122,212,0,103,230,0,122,237,0,103,227,0,83,8,1,114,11,1,109,238,0,104,28,1,104,217,0,127,196,0,119,177,0,135,185,0,108,196,0,144,180,0,138,180,0,109,198,0,145,203,0,140,188,0,145,178,0,141,156,0,107,176,0,141,170,0,144,190,0,107,161,0,140,167,0,140,160,0,141,188,0,142,155,0,142,156,0,137,180,0,101,155,0,139,148,0,134,182,0,142,196,0,139,168,0,145,194,0,146,176,0,138,156,0,144,163,0,144,169,0,136,168,0,140,171,0,140,176,0,140,175,0,140,206,0,144,172,0,145,164,0,139,171,0,138,216,0,134,175,0,135,195,0,129,223,0,126,179,0,125,227,0,122,213,0,100,227,0,111,180,0,146,190,0,144,175,0,151,170,0,144,184,0,159,173,0,149,185,0,149,168,0,114,169,0,154,159,0,150,172,0,150,157,0,147,176,0,155,171,0,151,164,0,151,155,0,148,172,0,151,146,0,148,157,0,152,148,0,148,152,0,155,157,0,150,151,0,127,156,0,147,174,0,152,153,0,156,144,0,152,144,0,152,157,0,156,156,0,148,152,0,151,157,0,131,149,0,151,159,0,151,149,0,151,152,0,155,167,0,151,157,0,150,164,0,150,163,0,153,180,0,147,156,0,144,176,0,142,182,0,138,184,0,126,211,0,132,240,0,130,227,0,119,162,0,152,172,0,158,146,0,155,153,0,156,136,0,145,133,0,161,147,0,162,134,0,154,138,0,162,143,0,162,145,0,158,123,0,158,124,0,163,138,0,163,131,0,159,140,0,128,130,0,151,131,0,160,119,0,165,125,0,148,118,0,163,131,0,158,132,0,128,141,0,146,149,0,161,121,0,165,135,0,140,133,0,160,111,0,160,110,0,160,125,0,164,142,0,160,122,0,160,137,0,163,123,0,156,130,0,163,140,0,147,131,0,155,130,0,157,121,0,157,127,0,154,145,0,152,172,0,149,166,0,146,177,0,141,191,0,136,205,0,131,220,0,125,129,0,163,134,0,161,120,0,167,114,0,167,132,0,168,106,0,168,117,0,164,95,0,168,107,0,164,99,0,169,109,0,169,102,0,169,97,0,162,119,0,165,80,0,139,99,0,166,97,0,176,102,0,171,103,0,170,89,0,165,98,0,165,104,0,168,119,0,159,116,0,129,101,0,167,91,0,171,87,0,171,84,0,171,93,0,171,88,0,170,110,0,166,81,0,166,73,0,166,87,0,145,85,0,176,103,0,175,105,0,175,84,0,164,83,0,160,113,0,167,114,0,164,113,0,158,140,0,155,142,0,151,152,0,147,191,0,141,182,0,131,193,0,130,100,0,165,87,0,150,95,0,167,89,0,172,84,0,172,84,0,173,70,0,169,95,0,146,65,0,165,78,0,173,72,0,169,61,0,174,62,0,170,64,0,169,61,0,180,66,0,174,53,0,170,53,0,170,65,0,167,63,0,174,64,0,174,65,0,168,105,0,177,98,0,170,61,0,175,51,0,181,61,0,175,63,0,175,57,0,181,41,0,171,63,0,175,41,0,166,32,0,174,70,0,180,45,0,170,44,0,170,51,0,173,64,0,172,82,0,139,101,0,138,76,0,160,98,0,171,127,0,134,143,0,154,146,0,119,190,0,144,169,0,119,175,0,135,74,0,133,72,0,174,65,0,171,29,0,171,40,0,171,32,0,176,37,0,172,31,0,177,32,0,177,33,0,177,12,0,177,13,0,170,33,0,177,27,0,177,32,0,177,35,0,148,36,0,178,22,0,155,31,0,173,42,0,176,42,0,176,70,0,175,68,0,170,88,0,168,24,0,174,33,0,170,25,0,174,26,0,155,31,0,174,15,0,152,33,0,178,12,0,170,22,0,178,24,0,183,29,0,177,9,0,177,44,0,182,42,0,172,45,0,146,52,0,168,69,0,158,98,0,164,109,0,165,123,0,157,137,0,149,157,0,147,162,0,107,173,0,134,55,0,176,33,0,176,11,0,183,16,0,174,41,0,184,14,0,178,7,0,183,12,0,177,0,0,178,0,0,178,0,0,153,0,0,184,8,0,174,0,0,178,0,0,185,0,0,179,0,0,179,3,0,184,0,0,179,45,0,170,7,0,173,40,0,182,42,0,175,81,0,169,14,0,185,0,0,180,0,0,186,0,0,186,0,0,180,0,0,176,0,0,179,0,0,167,0,0,180,2,0,175,0,0,185,0,0,185,22,0,184,0,0,178,18,0,169,35,0,175,61,0,144,71,0,170,97,0,167,114,0,155,133,0,158,168,0,148,162,0,142,158,0,137,31,0,177,21,0,173,22,0,174,33,0,174,0,0,178,5,0,174,10,0,178,0,0,179,0,0,184,0,0,154,0,0,178,5,0,178,0,0,178,0,0,178,0,0,179,10,0,161,0,0,175,0,0,179,0,0,178,16,0,177,2,0,171,33,0,176,40,0,174,71,0,156,9,0,181,0,0,176,0,0,181,0,0,175,0,0,185,0,0,180,0,0,172,0,0,180,0,0,176,0,0,179,0,0,185,0,0,174,0,0,178,0,0,173,1,0,172,35,0,170,33,0,172,48,0,169,101,0,163,106,0,163,109,0,143,154,0,148,140,0,143,135,0,142,62,0,169,29,0,177,42,0,173,12,0,178,17,0,183,37,0,183,39,0,178,21,0,162,3,0,173,16,0,153,25,0,178,22,0,184,14,0,178,5,0,178,9,0,155,3,0,152,16,0,183,5,0,183,18,0,182,24,0,171,48,0,139,51,0,163,72,0,167,92,0,169,0,0,175,0,0,180,0,0,186,0,0,180,0,0,179,0,0,185,0,0,186,0,0,180,0,0,180,0,0,171,0,0,179,0,0,178,29,0,178,0,0,159,30,0,172,40,0,174,61,0,168,71,0,155,84,0,166,121,0,157,124,0,118,148,0,147,138,0,141,145,0,137,216,35,4,0,90,73,4,0,1,0,247,224,
TMF8829_FRAME_HEADER,0,149,128,4,0,21,65,24,9,22,0,0,0,78,82,78,84,234,5,229,5,PAYLOAD,110,8,65,133,3,56,218,3,80,239,3,92,231,3,96,223,3,101,237,3,103,218,3,110,233,3,97,254,3,84,9,4,76,5,3,37,144,8,66,110,8,77,177,6,76,187,8,66,163,8,79,157,7,63,108,7,56,158,7,61,194,6,50,243,6,53,55,7,57,130,6,53,36,7,43,7,8,64,142,8,53,247,9,70,40,10,61,105,10,66,125,3,50,169,3,71,227,3,75,229,3,81,239,3,83,250,3,88,225,3,93,216,3,99,234,3,87,117,3,65,0,3,42,57,3,23,66,3,50,69,3,71,216,2,60,219,2,33,23,3,42,3,3,60,88,8,61,127,8,63,255,3,73,220,3,91,223,3,103,204,3,114,222,3,93,229,3,110,226,3,99,253,3,93,20,4,87,180,3,63,0,0,0,178,4,25,72,6,61,226,3,72,156,3,83,160,3,87,199,3,91,191,3,85,12,4,82,54,4,82,69,4,58,113,4,73,78,4,94,243,3,102,223,3,111,236,3,104,64,4,96,48,4,97,20,4,97,26,4,97,235,3,102,232,3,116,220,3,107,208,3,108,198,3,72,255,3,100,242,3,104,248,3,80,3,4,58,238,3,94,191,3,79,132,3,73,127,3,66,65,3,73,64,3,68,48,3,68,0,0,0,0,0,0,57,3,63,138,3,41,142,3,88,142,3,101,181,3,114,219,3,89,197,3,92,122,3,79,106,3,72,103,3,67,176,2,41,167,4,65,0,5,75,161,4,81,56,4,101,201,3,105,241,3,99,139,4,89,12,4,88,79,4,89,51,4,99,245,3,64,191,3,106,162,3,71,142,3,110,240,3,108,38,4,106,41,4,112,35,4,111,7,4,112,212,3,113,202,3,111,194,3,119,181,3,114,221,3,107,224,3,114,246,3,99,29,4,70,16,4,112,252,3,99,185,3,77,106,3,73,78,3,66,42,3,66,254,2,64,202,2,61,27,2,70,4,2,74,108,2,72,197,2,74,240,2,82,61,3,89,69,3,90,31,3,88,248,2,85,199,2,87,165,2,81,88,2,81,227,1,81,227,1,80,208,1,80,216,1,77,95,2,84,196,2,67,146,2,84,22,2,84,201,1,85,4,2,85,116,2,91,213,2,82,76,2,67,206,2,76,224,2,96,173,2,94,227,2,91,19,3,92,82,3,96,54,3,97,65,3,97,109,3,99,112,3,96,104,3,99,125,3,99,169,3,98,104,3,66,152,3,94,201,3,90,27,3,85,147,2,75,107,2,77,56,2,70,162,2,47,76,2,45,5,2,62,142,1,82,104,1,90,112,1,102,120,1,96,154,1,99,166,1,101,219,1,102,196,1,107,185,1,89,127,1,102,119,1,102,108,1,97,77,1,86,46,1,106,65,1,101,85,1,101,73,1,101,61,1,102,77,1,91,57,1,103,73,1,107,61,1,103,50,1,107,31,1,102,32,1,110,42,1,106,38,1,106,53,1,105,33,1,105,40,1,81,72,1,104,63,1,104,124,1,100,149,1,104,152,1,68,168,1,103,192,1,103,161,1,102,102,1,99,119,1,98,140,1,98,101,1,65,100,1,93,106,1,92,86,1,85,101,1,85,108,1,81,114,1,78,9,1,85,32,1,110,13,1,112,25,1,111,40,1,121,1,1,123,19,1,119,12,1,120,12,1,116,255,0,130,255,0,113,3,1,120,245,0,119,241,0,111,234,0,119,238,0,120,223,0,124,242,0,91,221,0,121,225,0,125,229,0,125,238,0,105,230,0,124,226,0,118,224,0,121,238,0,126,226,0,121,220,0,86,223,0,117,245,0,117,233,0,117,244,0,120,235,0,104,255,0,120,235,0,116,4,1,123,6,1,119,14,1,97,4,1,118,19,1,111,5,1,121,237,0,115,243,0,112,1,1,106,13,1,106,47,1,102,31,1,98,49,1,97,215,0,123,215,0,127,207,0,128,206,0,127,213,0,132,213,0,133,217,0,138,185,0,102,213,0,133,217,0,134,198,0,134,202,0,134,182,0,135,198,0,139,217,0,132,203,0,139,211,0,139,183,0,134,170,0,135,178,0,136,186,0,136,182,0,132,182,0,131,190,0,133,197,0,136,176,0,137,186,0,141,199,0,127,202,0,136,177,0,139,201,0,135,196,0,135,183,0,132,181,0,131,211,0,134,199,0,138,185,0,130,200,0,130,199,0,133,205,0,132,212,0,125,203,0,96,220,0,126,219,0,124,195,0,120,228,0,116,250,0,111,234,0,105,176,0,116,172,0,123,156,0,140,183,0,143,152,0,144,149,0,143,147,0,140,159,0,154,155,0,144,140,0,145,155,0,145,147,0,145,151,0,150,135,0,146,159,0,146,163,0,143,128,0,151,136,0,151,144,0,147,112,0,147,144,0,115,132,0,146,136,0,114,136,0,140,139,0,144,153,0,147,126,0,147,135,0,143,138,0,147,141,0,146,154,0,146,138,0,150,156,0,143,150,0,146,153,0,146,141,0,142,169,0,138,161,0,150,144,0,145,170,0,148,150,0,142,152,0,136,177,0,137,176,0,134,179,0,132,191,0,127,213,0,121,204,0,108,178,0,153,182,0,147,174,0,151,172,0,118,172,0,157,164,0,163,156,0,154,156,0,154,164,0,153,179,0,153,164,0,158,179,0,154,163,0,159,136,0,164,151,0,151,149,0,159,152,0,152,156,0,155,151,0,160,140,0,155,136,0,155,155,0,158,155,0,153,147,0,152,158,0,156,145,0,160,152,0,156,166,0,156,150,0,160,152,0,160,158,0,160,146,0,160,126,0,133,166,0,155,149,0,155,137,0,152,169,0,115,153,0,155,152,0,153,169,0,149,161,0,150,175,0,146,175,0,145,190,0,143,193,0,144,206,0,125,217,0,128,220,0,122,145,0,160,133,0,162,134,0,159,132,0,164,112,0,131,125,0,158,122,0,161,122,0,166,126,0,162,115,0,162,122,0,162,134,0,162,122,0,172,114,0,149,118,0,167,118,0,167,114,0,160,118,0,164,112,0,168,89,0,132,108,0,162,112,0,161,117,0,160,132,0,158,109,0,164,121,0,164,103,0,130,116,0,167,103,0,154,110,0,138,108,0,173,99,0,163,106,0,163,100,0,159,107,0,163,102,0,162,108,0,159,119,0,166,118,0,161,128,0,148,134,0,157,133,0,155,152,0,152,151,0,149,184,0,145,179,0,140,194,0,134,208,0,132,123,0,162,141,0,173,102,0,174,105,0,166,97,0,166,89,0,170,115,0,170,102,0,166,115,0,171,101,0,177,78,0,164,82,0,171,91,0,172,87,0,172,94,0,168,85,0,172,62,0,173,82,0,168,78,0,155,78,0,164,66,0,143,94,0,176,98,0,169,102,0,163,96,0,145,80,0,173,90,0,173,75,0,178,89,0,173,80,0,173,98,0,165,93,0,169,73,0,168,98,0,178,93,0,172,77,0,168,108,0,167,91,0,171,83,0,165,124,0,168,111,0,145,110,0,164,139,0,157,150,0,157,164,0,148,179,0,142,182,0,133,184,0,126,94,0,167,83,0,172,91,0,179,80,0,174,79,0,166,83,0,174,83,0,180,56,0,180,52,0,171,64,0,181,45,0,167,57,0,175,60,0,171,36,0,172,64,0,176,36,0,176,52,0,176,45,0,176,35,0,172,31,0,171,43,0,180,82,0,163,89,0,165,105,0,171,67,0,172,74,0,172,57,0,172,58,0,144,57,0,137,41,0,172,46,0,175,29,0,172,36,0,162,42,0,176,37,0,172,79,0,171,46,0,175,61,0,174,63,0,173,81,0,164,115,0,169,94,0,162,133,0,164,143,0,156,150,0,125,185,0,146,180,0,140,192,0,127,53,0,171,53,0,165,41,0,169,31,0,172,12,0,177,27,0,177,35,0,178,35,0,167,8,0,170,4,0,178,19,0,173,12,0,178,20,0,178,19,0,174,12,0,174,0,0,171,17,0,178,29,0,178,41,0,170,14,0,173,37,0,176,60,0,172,60,0,175,83,0,173,27,0,184,10,0,179,17,0,185,13,0,156,12,0,179,3,0,185,9,0,175,23,0,179,3,0,164,11,0,175,14,0,174,2,0,178,19,0,178,33,0,151,28,0,176,66,0,173,61,0,168,87,0,176,100,0,167,142,0,162,160,0,153,167,0,152,174,0,142,173,0,135,41,0,177,28,0,169,32,0,178,13,0,183,13,0,174,10,0,178,0,0,177,0,0,169,0,0,174,0,0,179,0,0,174,6,0,179,0,0,171,0,0,179,0,0,174,0,0,155,2,0,179,6,0,184,0,0,174,0,0,183,21,0,177,33,0,176,60,0,171,80,0,179,17,0,180,0,0,180,0,0,180,0,0,181,0,0,173,0,0,186,0,0,169,0,0,175,0,0,179,0,0,185,0,0,180,0,0,175,1,0,184,8,0,178,18,0,177,54,0,175,65,0,173,68,0,176,100,0,167,131,0,155,130,0,159,163,0,153,159,0,147,165,0,141,25,0,172,45,0,177,2,0,173,12,0,178,0,0,158,8,0,174,0,0,174,0,0,156,0,0,178,8,0,178,0,0,173,0,0,167,0,0,161,0,0,163,0,0,184,0,0,174,0,0,179,23,0,183,1,0,177,0,0,172,20,0,176,63,0,171,66,0,146,70,0,171,0,0,181,0,0,172,0,0,181,0,0,180,0,0,172,0,0,172,0,0,180,0,0,180,0,0,180,0,0,185,0,0,174,0,0,184,0,0,184,0,0,155,20,0,182,39,0,174,37,0,172,75,0,139,104,0,136,115,0,158,122,0,146,160,0,147,163,0,139,154,0,137,36,0,171,45,0,181,49,0,176,25,0,172,25,0,163,32,0,172,17,0,153,36,0,176,41,0,176,29,0,140,36,0,182,29,0,177,20,0,177,12,0,172,23,0,176,35,0,172,19,0,176,35,0,167,43,0,175,47,0,170,66,0,172,83,0,171,106,0,139,110,0,161,15,0,185,0,0,185,0,0,175,0,0,178,0,0,180,0,0,184,15,0,161,0,0,185,0,0,185,0,0,175,0,0,179,17,0,183,24,0,177,31,0,182,34,0,171,54,0,172,61,0,166,90,0,160,122,0,164,129,0,155,124,0,150,139,0,144,138,0,140,141,0,122,218,80,4,0,92,118,4,0,1,0,247,224,
TMF8829_FRAME_HEADER,0,20,181,4,0,21,1,24,9,23,0,0,0,78,82,78,84,229,5,226,5,PAYLOAD,122,8,64,183,3,43,214,3,78,225,3,86,220,3,93,208,3,94,242,3,102,226,3,101,237,3,91,246,3,84,241,3,74,9,3,14,146,8,74,109,8,73,254,6,54,168,8,72,171,8,25,225,7,58,136,7,51,236,6,20,150,7,58,126,7,62,164,7,25,214,7,23,6,8,64,108,8,62,125,8,57,232,9,61,71,10,63,89,10,67,138,10,50,250,8,44,233,8,27,211,2,43,0,3,46,250,2,46,75,3,28,124,3,67,113,3,62,4,13,51,88,13,46,175,13,41,2,3,63,19,3,14,227,2,64,189,2,33,206,2,58,243,2,58,81,8,55,104,3,53,254,3,76,228,3,87,242,3,100,212,3,105,212,3,113,214,3,108,226,3,96,238,3,91,233,3,83,210,3,27,239,6,43,97,8,62,142,6,102,153,8,68,175,8,69,156,3,75,208,3,72,24,4,74,62,4,71,48,4,67,58,4,68,94,4,71,179,3,73,173,3,77,168,3,76,230,3,59,26,4,85,28,4,88,36,4,89,50,4,96,249,3,101,253,3,103,232,3,100,218,3,106,207,3,106,213,3,105,199,3,97,203,3,26,189,3,67,207,3,74,153,3,75,39,3,65,79,3,74,55,3,72,29,3,71,66,3,68,57,8,36,87,8,55,220,3,73,232,3,48,223,3,99,193,3,113,194,3,148,246,3,131,197,3,100,246,3,98,233,3,93,218,3,62,141,4,37,205,4,39,16,4,41,255,3,74,235,3,97,173,3,100,168,3,103,152,3,89,222,3,94,22,4,93,70,4,91,74,4,101,48,4,97,7,4,108,226,3,88,196,3,109,3,4,108,5,4,104,230,3,108,213,3,108,187,3,113,176,3,108,181,3,108,183,3,108,192,3,110,251,3,106,238,3,103,251,3,96,252,3,109,2,4,102,224,3,82,141,3,43,127,3,70,81,3,67,71,3,64,229,2,57,0,0,0,0,0,0,50,2,69,210,2,64,22,3,36,88,3,94,85,3,105,46,3,76,3,3,72,247,2,71,219,2,69,242,2,74,208,2,56,231,2,73,144,4,73,156,4,61,43,4,87,211,3,101,188,3,96,128,4,84,121,4,85,57,4,86,91,4,94,14,4,90,115,3,99,89,3,106,134,3,94,228,3,102,4,4,102,49,4,97,17,4,106,255,3,104,241,3,90,211,3,112,209,3,112,195,3,111,226,3,106,197,3,96,203,3,88,219,3,63,251,3,97,215,3,89,104,3,78,52,3,33,244,2,42,240,2,66,207,2,64,217,2,62,171,1,40,162,1,79,224,1,78,252,1,86,37,2,87,146,2,89,166,2,96,149,2,84,72,2,95,38,2,93,247,1,91,177,1,70,117,1,94,100,1,87,112,1,90,117,1,68,116,1,92,165,1,93,168,1,90,127,1,93,97,1,59,121,1,93,100,1,93,120,1,98,37,1,103,73,1,96,148,1,100,101,1,100,95,1,89,143,1,99,220,1,98,5,2,98,73,2,83,100,2,103,156,2,99,185,2,73,220,2,98,206,2,85,53,2,81,96,2,92,175,2,92,3,2,87,216,1,89,156,1,83,209,1,80,187,1,82,135,1,74,117,1,69,72,1,93,67,1,100,78,1,103,37,1,111,67,1,108,67,1,90,66,1,111,61,1,88,54,1,108,51,1,108,31,1,111,35,1,116,33,1,111,32,1,116,25,1,97,26,1,111,246,0,111,9,1,111,8,1,117,23,1,112,16,1,112,18,1,76,249,0,111,8,1,110,7,1,113,254,0,80,31,1,80,255,0,113,9,1,117,7,1,112,29,1,109,15,1,112,17,1,112,28,1,88,37,1,111,73,1,112,58,1,121,79,1,103,27,1,108,47,1,95,22,1,107,35,1,104,47,1,103,29,1,97,39,1,97,56,1,94,57,1,94,59,1,85,254,0,115,245,0,119,238,0,121,230,0,103,217,0,124,232,0,126,226,0,127,221,0,127,229,0,106,237,0,116,206,0,127,225,0,124,215,0,128,217,0,132,213,0,132,208,0,128,191,0,128,207,0,128,237,0,129,198,0,88,189,0,128,207,0,128,186,0,127,189,0,119,210,0,129,223,0,126,194,0,126,211,0,133,209,0,129,207,0,107,214,0,113,208,0,128,218,0,128,221,0,128,219,0,127,225,0,132,241,0,108,216,0,127,237,0,130,229,0,126,220,0,104,229,0,123,237,0,103,231,0,82,3,1,110,7,1,109,235,0,105,20,1,96,212,0,135,187,0,119,179,0,132,188,0,108,191,0,144,172,0,138,179,0,110,194,0,137,202,0,140,187,0,141,170,0,140,155,0,108,179,0,145,166,0,141,185,0,107,156,0,140,163,0,140,163,0,141,183,0,143,159,0,142,159,0,145,179,0,100,151,0,139,147,0,142,182,0,142,197,0,142,171,0,141,194,0,141,180,0,141,163,0,144,163,0,140,169,0,140,175,0,144,167,0,140,180,0,145,178,0,140,206,0,136,176,0,141,170,0,139,175,0,142,212,0,142,178,0,134,195,0,133,220,0,129,171,0,125,223,0,122,213,0,98,242,0,110,179,0,147,186,0,144,170,0,150,169,0,148,180,0,153,168,0,153,184,0,146,164,0,114,168,0,149,154,0,150,172,0,160,156,0,150,175,0,160,163,0,155,163,0,155,158,0,148,164,0,151,141,0,151,156,0,152,140,0,152,147,0,147,156,0,150,147,0,127,155,0,147,171,0,152,157,0,156,144,0,152,144,0,156,161,0,152,159,0,148,156,0,161,161,0,133,155,0,155,163,0,155,153,0,155,155,0,150,167,0,147,157,0,150,163,0,154,163,0,149,180,0,144,159,0,144,180,0,141,186,0,138,184,0,128,215,0,132,244,0,126,227,0,119,158,0,152,168,0,154,141,0,155,152,0,156,132,0,143,132,0,157,146,0,158,130,0,154,137,0,158,142,0,162,137,0,162,122,0,158,123,0,155,134,0,163,130,0,159,139,0,127,126,0,149,126,0,160,118,0,160,121,0,148,112,0,163,130,0,163,132,0,128,136,0,144,149,0,160,121,0,160,138,0,139,133,0,164,119,0,164,113,0,160,125,0,160,146,0,169,125,0,159,137,0,159,127,0,159,136,0,163,140,0,150,135,0,158,133,0,157,121,0,156,131,0,159,140,0,156,176,0,149,174,0,150,172,0,146,200,0,142,213,0,131,219,0,129,128,0,159,134,0,165,119,0,162,113,0,167,128,0,164,105,0,168,116,0,164,91,0,164,102,0,169,98,0,165,105,0,169,101,0,169,92,0,162,114,0,165,83,0,140,98,0,170,93,0,166,101,0,171,102,0,170,85,0,162,97,0,169,103,0,164,114,0,163,114,0,129,97,0,176,95,0,171,90,0,171,87,0,171,97,0,171,87,0,170,110,0,166,85,0,171,76,0,170,87,0,145,85,0,166,106,0,165,105,0,169,88,0,169,86,0,163,113,0,162,116,0,160,117,0,162,140,0,155,146,0,151,152,0,144,191,0,138,182,0,139,191,0,126,103,0,161,83,0,152,91,0,171,88,0,168,80,0,172,80,0,168,69,0,173,91,0,149,64,0,165,77,0,169,72,0,169,64,0,174,65,0,170,60,0,169,60,0,174,61,0,174,49,0,170,49,0,170,64,0,167,55,0,174,63,0,169,68,0,165,101,0,171,93,0,170,64,0,175,55,0,171,64,0,175,63,0,180,57,0,171,48,0,171,67,0,175,42,0,170,35,0,170,70,0,170,49,0,179,47,0,180,51,0,169,68,0,168,85,0,139,101,0,138,84,0,164,101,0,165,127,0,135,144,0,158,153,0,118,190,0,149,177,0,119,175,0,131,77,0,133,68,0,174,60,0,175,28,0,175,31,0,171,27,0,171,36,0,176,27,0,172,31,0,177,32,0,172,8,0,183,12,0,170,32,0,177,23,0,177,31,0,183,34,0,145,32,0,178,17,0,156,30,0,173,37,0,176,37,0,176,69,0,181,64,0,170,87,0,168,24,0,178,33,0,174,28,0,174,26,0,156,31,0,178,18,0,153,29,0,174,12,0,174,25,0,173,24,0,178,33,0,178,12,0,177,44,0,182,46,0,181,48,0,146,52,0,165,73,0,156,101,0,168,109,0,161,127,0,154,140,0,152,161,0,147,170,0,108,176,0,134,54,0,176,29,0,172,10,0,183,15,0,178,32,0,178,13,0,184,6,0,182,4,0,173,0,0,178,0,0,178,0,0,155,0,0,179,7,0,174,0,0,178,0,0,179,0,0,185,0,0,179,2,0,174,0,0,179,41,0,170,6,0,177,39,0,172,37,0,175,80,0,166,14,0,185,4,0,185,0,0,180,0,0,180,0,0,180,0,0,180,0,0,175,0,0,169,0,0,175,2,0,172,0,0,179,0,0,179,22,0,184,0,0,178,21,0,166,32,0,175,61,0,144,74,0,170,97,0,163,119,0,159,136,0,154,165,0,148,166,0,142,161,0,136,30,0,182,17,0,178,21,0,178,32,0,178,0,0,184,4,0,174,9,0,178,0,0,184,0,0,184,0,0,161,0,0,178,4,0,184,0,0,178,0,0,183,0,0,179,9,0,161,0,0,179,0,0,179,0,0,183,12,0,169,1,0,171,36,0,176,35,0,174,74,0,159,9,0,186,0,0,180,0,0,186,0,0,180,0,0,180,0,0,186,0,0,169,0,0,186,0,0,180,0,0,179,0,0,179,0,0,174,0,0,178,0,0,177,4,0,169,35,0,167,33,0,168,51,0,175,101,0,168,110,0,159,112,0,142,154,0,153,144,0,139,134,0,138,65,0,172,25,0,177,41,0,173,11,0,178,10,0,178,36,0,178,37,0,178,13,0,164,2,0,167,19,0,155,21,0,183,21,0,178,13,0,178,0,0,183,8,0,156,2,0,149,12,0,177,1,0,170,17,0,176,20,0,171,47,0,140,50,0,166,68,0,171,91,0,165,0,0,175,0,0,180,0,0,180,0,0,185,0,0,179,0,0,180,0,0,180,0,0,185,0,0,180,0,0,164,0,0,179,0,0,178,29,0,178,0,0,158,33,0,176,40,0,170,65,0,168,74,0,155,84,0,166,121,0,157,123,0,118,144,0,147,142,0,141,144,0,136,128,133,4,0,2,171,4,0,1,0,247,224,
TMF8829_FRAME_HEADER,0,59,226,4,0,21,65,24,9,24,0,0,0,78,82,78,84,235,5,230,5,PAYLOAD,100,8,65,96,8,55,236,3,76,222,3,87,234,3,96,215,3,101,236,3,107,221,3,100,213,3,92,255,3,84,240,3,80,253,2,37,116,8,63,89,8,74,160,6,76,177,8,70,158,8,76,162,7,71,141,7,58,176,7,68,216,6,46,183,6,50,66,7,58,117,6,63,72,7,39,231,7,67,167,8,57,28,10,65,35,10,69,127,10,61,157,3,51,165,3,70,214,3,77,5,4,81,238,3,83,241,3,90,219,3,96,211,3,95,237,3,87,219,12,52,236,2,41,49,3,27,68,3,50,29,3,66,227,2,56,182,2,60,247,2,39,13,3,57,75,8,61,98,8,60,238,3,80,222,3,91,230,3,102,199,3,114,221,3,94,228,3,110,225,3,99,251,3,94,14,4,86,3,4,58,204,4,27,219,4,28,9,6,61,236,3,68,159,3,78,163,3,85,193,3,95,181,3,85,251,3,83,69,4,83,65,4,56,115,4,75,67,4,94,250,3,106,222,3,106,246,3,104,56,4,102,39,4,97,25,4,97,22,4,95,230,3,105,230,3,106,219,3,107,207,3,113,200,3,72,250,3,102,241,3,108,230,3,83,250,3,58,249,3,101,184,3,84,142,3,58,87,3,67,67,3,76,55,3,74,43,3,67,0,0,0,0,0,0,79,3,63,164,3,44,137,3,80,130,3,101,187,3,110,218,3,89,187,3,92,125,3,73,124,3,73,62,3,71,47,2,72,146,4,62,255,4,75,152,4,84,55,4,94,199,3,105,228,3,103,150,4,89,247,3,92,73,4,89,42,4,99,244,3,64,184,3,105,150,3,71,133,3,110,242,3,108,33,4,110,47,4,111,45,4,108,5,4,121,218,3,109,204,3,118,192,3,111,179,3,114,219,3,108,223,3,111,253,3,103,31,4,70,14,4,111,250,3,103,166,3,77,112,3,72,65,3,70,39,3,71,23,3,64,193,2,60,30,2,70,248,1,68,158,2,72,196,2,79,246,2,82,56,3,93,60,3,91,40,3,92,254,2,89,187,2,87,164,2,86,47,2,81,13,2,84,254,1,80,207,1,84,246,1,82,79,2,80,202,2,67,187,2,87,63,2,84,238,1,81,30,2,84,146,2,88,177,2,81,81,2,69,204,2,77,227,2,93,191,2,94,4,3,94,42,3,92,65,3,100,72,3,101,52,3,98,110,3,99,103,3,96,105,3,95,134,3,103,176,3,95,90,3,66,161,3,90,200,3,90,40,3,81,175,2,78,63,2,81,43,2,73,179,2,45,218,1,46,249,1,65,122,1,91,92,1,88,107,1,97,122,1,92,149,1,99,184,1,101,218,1,103,211,1,103,172,1,89,137,1,102,126,1,101,90,1,101,68,1,86,53,1,105,72,1,101,92,1,101,68,1,106,72,1,102,64,1,90,49,1,103,68,1,103,57,1,102,45,1,100,30,1,102,18,1,106,26,1,106,37,1,102,59,1,106,32,1,109,50,1,83,74,1,104,81,1,104,131,1,100,147,1,104,136,1,68,182,1,104,198,1,108,167,1,98,84,1,96,117,1,99,159,1,102,96,1,64,105,1,100,98,1,96,101,1,89,95,1,82,99,1,77,148,1,82,24,1,84,35,1,110,16,1,113,27,1,114,35,1,117,255,0,118,34,1,124,6,1,120,6,1,120,254,0,116,6,1,113,6,1,120,240,0,119,236,0,113,225,0,116,237,0,116,218,0,120,233,0,91,231,0,120,224,0,121,231,0,121,237,0,99,229,0,119,217,0,128,222,0,118,241,0,121,225,0,126,222,0,87,222,0,120,251,0,113,231,0,121,243,0,117,242,0,102,12,1,120,230,0,124,3,1,115,253,0,119,4,1,98,255,0,118,0,1,104,8,1,117,236,0,115,245,0,112,12,1,109,255,0,107,45,1,102,45,1,94,32,1,89,214,0,120,210,0,120,194,0,128,197,0,135,212,0,132,201,0,133,220,0,137,184,0,102,208,0,137,220,0,133,201,0,134,201,0,131,185,0,135,192,0,135,212,0,135,195,0,135,214,0,135,178,0,135,166,0,135,177,0,136,177,0,136,181,0,135,177,0,134,181,0,133,195,0,137,183,0,137,189,0,141,204,0,132,197,0,140,172,0,134,195,0,145,199,0,139,186,0,135,179,0,134,207,0,134,189,0,134,183,0,130,199,0,133,190,0,133,203,0,132,222,0,125,206,0,96,226,0,122,222,0,120,202,0,116,222,0,113,253,0,111,229,0,101,175,0,116,171,0,120,151,0,141,186,0,143,155,0,148,144,0,144,146,0,144,158,0,144,150,0,148,143,0,141,162,0,145,142,0,145,150,0,146,138,0,151,157,0,146,162,0,151,135,0,143,135,0,151,139,0,147,115,0,147,139,0,115,131,0,150,135,0,113,127,0,147,141,0,152,156,0,151,129,0,147,137,0,143,141,0,147,140,0,146,152,0,143,141,0,146,159,0,151,148,0,146,152,0,142,143,0,146,171,0,146,160,0,145,147,0,149,168,0,148,156,0,142,155,0,140,172,0,142,175,0,131,178,0,128,184,0,126,220,0,121,196,0,111,177,0,153,177,0,155,169,0,155,175,0,119,175,0,149,159,0,153,159,0,163,151,0,154,155,0,157,182,0,153,159,0,151,174,0,159,166,0,154,139,0,155,146,0,151,152,0,155,151,0,152,148,0,155,154,0,155,139,0,155,127,0,159,154,0,154,154,0,153,146,0,152,160,0,161,144,0,156,151,0,156,164,0,160,149,0,156,151,0,156,156,0,156,149,0,155,121,0,134,164,0,155,152,0,164,136,0,155,167,0,115,152,0,164,151,0,153,167,0,152,167,0,155,174,0,149,173,0,150,184,0,142,191,0,139,208,0,123,220,0,128,223,0,121,144,0,160,132,0,157,129,0,163,131,0,160,111,0,132,120,0,165,125,0,166,121,0,162,121,0,166,117,0,166,121,0,162,129,0,166,121,0,162,117,0,149,112,0,163,117,0,173,117,0,168,109,0,168,111,0,163,88,0,133,103,0,159,111,0,166,115,0,160,127,0,158,107,0,164,123,0,164,102,0,130,113,0,167,106,0,154,109,0,141,110,0,163,102,0,160,105,0,163,106,0,167,110,0,167,105,0,162,110,0,159,118,0,166,121,0,157,126,0,150,133,0,157,136,0,155,150,0,149,150,0,149,183,0,145,181,0,140,197,0,134,207,0,128,122,0,166,140,0,167,97,0,174,104,0,165,96,0,162,84,0,170,113,0,176,101,0,166,109,0,171,104,0,167,80,0,164,80,0,171,90,0,171,86,0,168,89,0,172,84,0,168,61,0,178,77,0,168,81,0,155,77,0,168,58,0,142,93,0,166,101,0,169,97,0,168,94,0,144,79,0,173,89,0,168,77,0,169,88,0,169,83,0,179,99,0,169,92,0,169,72,0,173,99,0,172,92,0,168,76,0,172,102,0,171,94,0,176,82,0,175,122,0,164,110,0,145,109,0,160,137,0,157,149,0,153,163,0,145,177,0,142,188,0,136,183,0,134,93,0,167,82,0,177,86,0,174,79,0,174,78,0,170,78,0,170,82,0,180,59,0,180,47,0,171,67,0,175,44,0,175,52,0,171,63,0,171,35,0,172,55,0,176,40,0,172,51,0,176,40,0,176,34,0,176,30,0,171,37,0,180,81,0,163,84,0,173,100,0,166,65,0,177,73,0,182,56,0,169,56,0,143,56,0,138,40,0,176,48,0,175,32,0,172,35,0,160,40,0,176,36,0,172,78,0,171,44,0,175,60,0,170,62,0,169,79,0,167,113,0,175,97,0,162,131,0,160,142,0,160,153,0,124,179,0,150,179,0,144,198,0,127,52,0,175,55,0,168,35,0,166,34,0,182,11,0,177,26,0,173,38,0,183,37,0,167,3,0,170,7,0,183,18,0,177,7,0,173,19,0,184,18,0,174,7,0,178,1,0,174,20,0,178,24,0,174,40,0,178,13,0,170,32,0,176,59,0,172,63,0,171,78,0,173,28,0,175,9,0,184,16,0,185,15,0,158,11,0,184,6,0,179,7,0,179,22,0,184,2,0,164,9,0,179,13,0,178,1,0,174,17,0,178,32,0,152,27,0,176,68,0,179,60,0,172,86,0,170,98,0,172,141,0,162,163,0,153,169,0,144,173,0,142,176,0,135,40,0,172,27,0,173,27,0,178,12,0,177,12,0,167,8,0,174,0,0,183,0,0,177,0,0,171,0,0,179,0,0,184,1,0,179,0,0,179,0,0,184,0,0,175,0,0,159,1,0,184,1,0,174,0,0,174,0,0,178,16,0,177,32,0,172,59,0,171,75,0,173,15,0,186,0,0,180,0,0,186,0,0,180,0,0,181,0,0,181,0,0,180,0,0,180,0,0,179,0,0,180,0,0,180,0,0,175,0,0,179,11,0,174,17,0,172,52,0,175,64,0,173,70,0,171,98,0,167,126,0,159,129,0,151,161,0,149,161,0,143,168,0,137,24,0,172,44,0,177,0,0,177,15,0,178,0,0,158,3,0,178,0,0,174,0,0,156,0,0,178,7,0,174,0,0,178,0,0,162,0,0,163,0,0,163,0,0,179,0,0,174,0,0,179,18,0,178,0,0,173,3,0,177,15,0,176,62,0,167,65,0,147,65,0,167,0,0,181,0,0,176,0,0,186,0,0,186,0,0,176,0,0,176,0,0,185,0,0,180,0,0,185,0,0,185,0,0,178,0,0,184,0,0,174,0,0,150,19,0,176,36,0,180,36,0,172,74,0,139,105,0,136,118,0,157,121,0,146,162,0,144,166,0,142,149,0,133,35,0,171,47,0,172,40,0,182,24,0,182,24,0,165,27,0,176,16,0,153,35,0,172,35,0,176,28,0,139,35,0,182,24,0,177,22,0,177,11,0,172,18,0,176,34,0,172,22,0,172,30,0,164,46,0,175,46,0,174,61,0,168,82,0,166,109,0,139,105,0,165,13,0,179,0,0,185,0,0,175,0,0,178,0,0,180,0,0,179,17,0,166,0,0,179,0,0,179,0,0,184,0,0,184,16,0,183,22,0,177,30,0,176,33,0,175,56,0,172,60,0,170,89,0,167,124,0,160,128,0,155,123,0,146,137,0,144,137,0,140,148,0,122,130,178,4,0,4,216,4,0,1,0,247,224,
TMF8829_FRAME_HEADER,0,187,22,5,0,21,1,24,9,25,0,0,0,78,82,78,84,228,5,228,5,PAYLOAD,130,8,64,174,3,46,216,3,73,222,3,86,226,3,98,214,3,102,239,3,102,248,3,101,228,3,91,3,4,88,11,4,75,199,1,34,126,8,77,135,8,68,248,6,57,173,8,76,170,8,25,223,7,60,156,7,55,107,7,16,156,7,56,104,7,63,232,7,29,223,7,24,225,7,60,87,8,61,185,8,62,250,9,61,81,10,66,98,10,62,133,10,53,246,8,40,21,9,19,197,8,30,243,2,45,73,3,49,117,3,34,110,3,63,107,3,63,7,13,51,75,13,48,134,13,48,8,3,43,26,3,16,216,2,61,214,2,30,205,2,30,248,2,57,140,8,60,6,8,47,233,3,81,237,3,90,241,3,100,218,3,105,220,3,117,213,3,109,220,3,101,243,3,95,247,3,83,243,3,24,217,6,48,111,8,61,147,6,99,154,8,65,159,8,67,131,3,74,169,3,72,57,4,74,72,4,72,64,4,63,84,4,63,49,4,71,221,3,74,161,3,74,162,3,75,3,4,58,44,4,85,18,4,88,39,4,89,37,4,97,243,3,96,252,3,103,227,3,105,209,3,106,210,3,107,208,3,109,216,3,96,174,3,28,180,3,67,192,3,72,163,3,77,57,3,64,62,3,74,73,3,70,44,3,75,41,3,73,51,8,46,47,8,51,210,3,63,241,3,48,230,3,99,195,3,117,195,3,152,245,3,128,203,3,100,251,3,98,255,3,90,228,3,65,0,0,0,165,4,43,160,4,28,12,4,74,234,3,97,175,3,101,169,3,99,155,3,89,220,3,94,38,4,90,65,4,87,72,4,94,54,4,97,6,4,112,213,3,87,195,3,114,2,4,112,6,4,104,237,3,108,216,3,108,181,3,108,179,3,112,184,3,113,181,3,109,195,3,115,254,3,102,232,3,111,1,4,90,251,3,104,4,4,105,219,3,74,194,3,40,109,3,66,107,3,66,40,3,64,28,3,62,0,0,0,169,2,53,172,2,63,184,2,69,33,3,40,82,3,90,94,3,105,41,3,81,246,2,70,252,2,72,191,2,68,30,3,78,47,3,62,179,2,72,181,4,73,170,4,63,19,4,87,224,3,91,194,3,100,123,4,84,146,4,79,101,4,86,98,4,94,16,4,86,105,3,96,84,3,102,132,3,94,5,4,103,7,4,93,47,4,95,24,4,110,6,4,101,236,3,90,210,3,116,204,3,112,189,3,107,217,3,110,184,3,92,212,3,93,233,3,62,250,3,90,198,3,93,53,3,71,16,3,37,48,3,41,247,2,71,175,2,64,146,2,59,188,1,38,184,1,72,218,1,86,20,2,86,68,2,90,167,2,93,175,2,92,140,2,83,101,2,95,50,2,90,254,1,92,183,1,70,129,1,88,122,1,84,106,1,91,110,1,70,122,1,92,160,1,89,164,1,98,119,1,93,118,1,57,129,1,93,107,1,93,125,1,94,66,1,99,61,1,100,108,1,96,92,1,104,86,1,87,129,1,94,188,1,98,23,2,98,71,2,82,118,2,98,166,2,95,190,2,73,227,2,103,197,2,83,55,2,81,110,2,88,197,2,96,12,2,88,196,1,85,187,1,88,195,1,81,136,1,82,134,1,78,104,1,69,73,1,97,58,1,100,84,1,100,42,1,106,62,1,108,84,1,92,91,1,115,68,1,85,67,1,108,52,1,111,22,1,111,37,1,111,34,1,116,24,1,112,38,1,102,35,1,111,248,0,111,11,1,111,18,1,112,22,1,109,9,1,112,15,1,77,252,0,111,255,0,107,3,1,113,249,0,80,18,1,79,254,0,113,12,1,122,5,1,109,36,1,112,26,1,112,15,1,112,19,1,87,36,1,111,75,1,111,57,1,111,59,1,101,41,1,108,49,1,94,36,1,107,37,1,109,49,1,107,44,1,100,37,1,98,66,1,94,68,1,89,61,1,81,247,0,115,248,0,119,243,0,121,231,0,105,220,0,125,231,0,126,227,0,127,220,0,127,231,0,106,235,0,116,209,0,124,231,0,127,212,0,128,216,0,127,208,0,128,209,0,124,186,0,132,201,0,124,238,0,129,205,0,88,196,0,129,204,0,125,185,0,127,196,0,119,213,0,129,218,0,126,187,0,126,199,0,129,201,0,129,209,0,107,209,0,115,203,0,125,219,0,128,216,0,127,222,0,127,223,0,127,240,0,110,219,0,126,238,0,126,224,0,130,215,0,103,223,0,122,232,0,105,226,0,82,5,1,113,10,1,109,241,0,104,18,1,104,221,0,131,190,0,117,178,0,135,185,0,107,190,0,139,178,0,139,180,0,113,193,0,140,208,0,137,188,0,141,177,0,145,157,0,108,184,0,141,165,0,136,187,0,107,157,0,140,162,0,145,169,0,145,184,0,142,154,0,142,165,0,141,176,0,100,154,0,144,153,0,142,185,0,142,196,0,142,173,0,141,189,0,142,179,0,141,153,0,136,162,0,144,176,0,139,173,0,140,166,0,144,179,0,140,176,0,140,205,0,144,175,0,141,168,0,143,178,0,138,211,0,138,180,0,136,194,0,137,226,0,129,176,0,125,233,0,122,212,0,100,236,0,111,180,0,142,181,0,144,176,0,147,170,0,148,183,0,159,170,0,154,185,0,149,163,0,115,174,0,154,159,0,154,167,0,154,162,0,150,176,0,147,166,0,155,165,0,151,159,0,148,167,0,151,147,0,151,161,0,152,139,0,156,153,0,151,157,0,147,146,0,126,161,0,147,170,0,156,156,0,156,142,0,148,147,0,156,156,0,152,157,0,148,151,0,156,160,0,133,150,0,151,162,0,151,152,0,151,153,0,155,166,0,155,160,0,150,165,0,150,166,0,153,183,0,147,161,0,144,179,0,141,188,0,138,185,0,123,218,0,136,247,0,126,228,0,124,162,0,152,167,0,158,143,0,155,157,0,160,131,0,147,134,0,166,147,0,162,129,0,158,139,0,157,140,0,158,136,0,168,124,0,158,124,0,163,133,0,159,136,0,159,143,0,128,121,0,149,132,0,157,119,0,160,120,0,146,114,0,169,134,0,163,127,0,130,142,0,149,148,0,161,120,0,165,136,0,139,136,0,164,118,0,164,111,0,160,124,0,160,145,0,160,123,0,159,136,0,159,126,0,159,134,0,159,139,0,152,134,0,158,131,0,157,124,0,156,134,0,154,146,0,149,175,0,149,173,0,155,178,0,146,195,0,137,212,0,131,225,0,121,129,0,159,129,0,165,125,0,167,114,0,163,131,0,164,107,0,168,117,0,164,90,0,164,108,0,174,99,0,165,100,0,175,103,0,161,97,0,156,109,0,169,85,0,139,99,0,176,92,0,166,103,0,176,103,0,170,88,0,165,99,0,165,104,0,168,113,0,163,117,0,129,100,0,171,94,0,166,88,0,171,86,0,166,96,0,166,85,0,171,113,0,166,84,0,171,74,0,170,90,0,146,88,0,170,108,0,165,104,0,170,87,0,169,84,0,168,112,0,162,118,0,164,114,0,163,143,0,155,149,0,151,150,0,147,190,0,145,188,0,135,194,0,134,104,0,165,82,0,148,93,0,177,89,0,177,79,0,168,82,0,173,70,0,169,90,0,147,66,0,168,78,0,173,71,0,166,66,0,179,62,0,174,59,0,174,62,0,180,66,0,170,48,0,174,51,0,175,65,0,164,58,0,170,65,0,179,65,0,168,100,0,167,99,0,165,60,0,181,54,0,175,62,0,175,62,0,175,60,0,175,46,0,175,66,0,170,41,0,174,37,0,170,69,0,170,48,0,179,45,0,174,54,0,173,71,0,172,83,0,140,100,0,139,83,0,160,99,0,165,126,0,133,146,0,158,151,0,118,185,0,143,179,0,119,173,0,132,78,0,133,67,0,170,66,0,180,29,0,175,34,0,164,33,0,176,37,0,172,26,0,182,33,0,177,33,0,172,7,0,177,14,0,173,37,0,177,22,0,177,33,0,183,35,0,149,31,0,178,19,0,155,31,0,173,36,0,177,40,0,176,70,0,175,67,0,170,89,0,168,23,0,178,32,0,174,26,0,174,29,0,155,34,0,178,16,0,153,28,0,174,11,0,170,27,0,183,23,0,173,32,0,177,14,0,183,39,0,177,45,0,176,46,0,144,51,0,168,72,0,160,99,0,164,108,0,161,126,0,157,138,0,157,160,0,143,169,0,107,170,0,134,55,0,176,28,0,176,12,0,173,16,0,174,31,0,174,15,0,168,7,0,177,3,0,183,0,0,184,0,0,178,0,0,154,0,0,184,8,0,179,0,0,184,0,0,179,0,0,179,0,0,179,4,0,178,0,0,179,44,0,170,8,0,177,35,0,177,36,0,181,82,0,166,13,0,180,3,0,180,0,0,180,0,0,186,0,0,180,0,0,180,0,0,175,0,0,176,0,0,175,5,0,172,0,0,179,0,0,175,21,0,174,0,0,177,23,0,169,34,0,171,60,0,143,72,0,166,96,0,163,118,0,155,138,0,158,164,0,153,165,0,139,159,0,137,31,0,182,16,0,183,27,0,183,33,0,174,0,0,178,6,0,174,10,0,174,0,0,179,0,0,184,0,0,159,0,0,178,6,0,178,0,0,184,0,0,178,0,0,179,10,0,159,0,0,184,0,0,184,0,0,183,11,0,173,6,0,171,37,0,176,34,0,174,76,0,156,8,0,181,0,0,180,0,0,186,0,0,175,0,0,185,0,0,176,0,0,169,0,0,186,0,0,176,0,0,185,0,0,185,0,0,170,0,0,174,0,0,177,2,0,169,34,0,170,32,0,172,49,0,165,100,0,168,109,0,163,110,0,141,153,0,148,147,0,143,136,0,138,62,0,172,24,0,182,39,0,170,12,0,178,9,0,178,39,0,174,35,0,178,12,0,160,0,0,170,20,0,156,20,0,178,23,0,178,14,0,184,0,0,178,10,0,160,3,0,147,11,0,177,6,0,177,18,0,172,19,0,176,49,0,138,51,0,169,71,0,167,93,0,169,0,0,175,0,0,186,0,0,186,0,0,176,0,0,179,0,0,180,0,0,180,0,0,180,0,0,180,0,0,166,0,0,179,0,0,178,28,0,178,3,0,158,31,0,168,43,0,174,64,0,168,76,0,153,83,0,166,120,0,161,121,0,118,147,0,143,137,0,141,146,0,136,40,231,4,0,170,12,5,0,1,0,247,224,
TMF8829_FRAME_HEADER,0,226,67,5,0,21,65,24,9,26,0,0,0,78,82,78,84,235,5,229,5,PAYLOAD,139,8,68,180,3,63,230,3,80,226,3,98,232,3,96,228,3,102,236,3,107,223,3,100,223,3,93,244,3,84,5,4,80,220,2,37,116,8,66,83,8,79,158,6,79,158,8,70,187,8,75,180,7,67,173,7,61,166,7,74,50,7,47,190,6,49,26,7,63,162,6,55,164,6,39,7,8,74,168,8,58,26,10,64,44,10,64,166,10,57,105,3,52,201,3,71,227,3,79,252,3,82,235,3,87,242,3,95,221,3,97,224,3,95,1,4,81,117,3,65,23,3,43,7,3,25,31,3,67,19,3,68,212,2,56,191,2,30,245,2,38,10,3,66,114,8,59,93,8,57,247,3,77,219,3,95,236,3,107,201,3,114,225,3,93,231,3,107,227,3,103,7,4,80,17,4,84,183,3,57,0,0,0,0,0,0,7,6,60,232,3,69,161,3,78,165,3,85,185,3,91,207,3,85,242,3,82,76,4,82,67,4,56,121,4,72,69,4,93,251,3,105,227,3,111,236,3,104,68,4,95,52,4,99,24,4,95,30,4,104,238,3,109,236,3,106,224,3,107,204,3,105,202,3,73,247,3,100,242,3,108,252,3,86,247,3,58,238,3,94,202,3,77,115,3,76,111,3,73,99,3,72,36,3,68,59,3,63,0,0,0,0,0,0,77,3,63,160,3,40,139,3,84,128,3,100,179,3,105,228,3,88,194,3,95,117,3,83,127,3,72,68,3,70,51,2,67,179,4,65,240,4,76,159,4,84,53,4,94,198,3,109,236,3,109,163,4,93,238,3,92,80,4,82,48,4,95,246,3,65,190,3,110,147,3,71,142,3,110,244,3,112,34,4,120,52,4,102,39,4,111,10,4,111,216,3,117,202,3,114,189,3,111,184,3,123,221,3,111,224,3,118,246,3,102,33,4,71,16,4,109,255,3,103,176,3,77,160,3,69,70,3,50,83,3,48,254,2,63,237,2,60,224,1,69,62,2,73,160,2,77,181,2,75,0,3,82,51,3,89,49,3,96,35,3,88,8,3,89,198,2,79,193,2,81,81,2,81,211,1,90,202,1,81,201,1,80,207,1,81,70,2,83,204,2,67,156,2,86,15,2,85,7,2,84,232,1,85,47,2,83,175,2,85,184,2,63,190,2,77,216,2,96,200,2,91,250,2,90,35,3,92,67,3,96,62,3,96,72,3,98,112,3,109,111,3,100,87,3,99,128,3,99,177,3,96,106,3,66,167,3,90,209,3,90,50,3,84,177,2,76,150,2,76,125,2,73,130,2,46,212,1,46,226,1,62,134,1,91,105,1,89,105,1,93,119,1,95,175,1,99,179,1,101,218,1,103,220,1,107,182,1,89,126,1,102,135,1,101,109,1,101,68,1,90,59,1,101,66,1,101,68,1,106,66,1,101,62,1,106,64,1,91,43,1,103,74,1,103,53,1,103,55,1,103,24,1,106,36,1,102,27,1,106,34,1,106,57,1,105,41,1,105,47,1,81,79,1,105,78,1,104,113,1,104,165,1,108,126,1,67,187,1,104,200,1,103,164,1,102,102,1,99,134,1,98,140,1,98,109,1,63,107,1,96,106,1,91,105,1,82,105,1,84,112,1,80,95,1,78,20,1,85,33,1,110,18,1,112,27,1,115,41,1,117,250,0,119,26,1,119,8,1,120,8,1,120,250,0,120,8,1,108,8,1,120,240,0,119,242,0,111,223,0,119,241,0,119,228,0,124,235,0,93,228,0,121,233,0,121,229,0,121,244,0,101,231,0,119,212,0,118,224,0,121,227,0,122,230,0,121,228,0,85,223,0,117,245,0,120,233,0,120,251,0,120,239,0,104,2,1,120,242,0,120,8,1,119,255,0,119,1,1,98,4,1,114,10,1,106,14,1,121,241,0,111,247,0,122,14,1,106,12,1,103,43,1,99,42,1,98,45,1,93,206,0,124,223,0,126,200,0,129,193,0,135,214,0,136,203,0,133,212,0,137,199,0,101,214,0,137,216,0,130,203,0,134,203,0,144,177,0,131,199,0,139,214,0,135,198,0,135,216,0,139,180,0,140,166,0,135,183,0,136,179,0,136,181,0,139,187,0,131,186,0,133,197,0,136,180,0,137,190,0,141,199,0,132,202,0,136,177,0,135,197,0,135,196,0,135,183,0,139,181,0,135,208,0,134,199,0,134,185,0,134,200,0,133,195,0,133,205,0,132,219,0,128,215,0,96,228,0,126,219,0,120,207,0,124,220,0,110,254,0,111,234,0,109,178,0,116,177,0,119,153,0,140,186,0,143,161,0,143,150,0,143,146,0,148,164,0,144,156,0,144,139,0,149,164,0,149,144,0,150,150,0,142,140,0,146,152,0,150,158,0,146,137,0,146,137,0,147,143,0,147,118,0,147,148,0,115,131,0,150,141,0,114,133,0,143,143,0,147,153,0,147,130,0,147,143,0,151,142,0,151,141,0,151,151,0,146,138,0,146,156,0,146,150,0,150,153,0,146,141,0,150,169,0,141,157,0,150,148,0,145,170,0,143,153,0,142,160,0,136,177,0,147,176,0,131,179,0,131,190,0,126,213,0,121,204,0,108,181,0,153,187,0,151,171,0,152,171,0,118,177,0,153,165,0,157,159,0,158,157,0,150,161,0,153,182,0,153,165,0,154,176,0,151,162,0,154,141,0,155,152,0,151,148,0,155,157,0,155,153,0,155,150,0,160,145,0,160,133,0,159,154,0,164,156,0,153,148,0,156,158,0,156,145,0,166,152,0,156,166,0,160,150,0,152,152,0,156,158,0,156,146,0,160,126,0,133,166,0,155,149,0,155,137,0,155,169,0,116,153,0,154,152,0,163,169,0,152,165,0,150,175,0,149,175,0,145,189,0,142,193,0,144,214,0,125,228,0,125,216,0,118,144,0,155,138,0,157,134,0,163,131,0,164,118,0,130,122,0,161,125,0,166,127,0,162,119,0,166,117,0,166,127,0,166,127,0,172,117,0,166,123,0,147,114,0,163,121,0,163,119,0,163,111,0,168,111,0,168,94,0,134,105,0,159,111,0,161,122,0,170,129,0,158,113,0,164,121,0,168,103,0,130,116,0,168,103,0,154,110,0,139,112,0,163,103,0,167,106,0,163,100,0,163,114,0,163,106,0,162,108,0,172,119,0,162,118,0,161,128,0,148,134,0,157,137,0,159,152,0,157,151,0,149,184,0,145,183,0,140,198,0,134,212,0,128,122,0,162,146,0,167,103,0,169,100,0,165,106,0,162,86,0,166,113,0,176,111,0,166,111,0,171,100,0,171,86,0,167,82,0,167,90,0,172,92,0,168,91,0,172,84,0,168,64,0,173,79,0,173,77,0,152,83,0,164,63,0,142,93,0,166,103,0,165,103,0,173,96,0,145,80,0,173,94,0,173,79,0,169,89,0,169,84,0,173,101,0,165,93,0,169,73,0,168,101,0,168,93,0,164,77,0,172,108,0,171,91,0,167,83,0,165,124,0,164,111,0,144,110,0,160,139,0,157,150,0,153,164,0,153,179,0,142,189,0,141,188,0,131,93,0,171,88,0,168,88,0,174,79,0,179,84,0,174,80,0,174,82,0,170,61,0,175,49,0,175,67,0,175,50,0,175,54,0,168,63,0,171,46,0,168,57,0,172,40,0,182,57,0,181,42,0,182,34,0,176,41,0,175,40,0,170,81,0,170,90,0,168,102,0,171,67,0,177,74,0,176,57,0,182,58,0,143,57,0,138,41,0,172,46,0,175,33,0,172,36,0,162,42,0,176,37,0,182,79,0,175,46,0,175,61,0,180,63,0,173,85,0,167,114,0,169,98,0,167,129,0,160,143,0,156,154,0,124,185,0,146,180,0,140,195,0,130,52,0,175,61,0,168,37,0,166,34,0,182,17,0,172,28,0,183,34,0,178,41,0,160,5,0,174,3,0,178,24,0,177,9,0,178,19,0,178,24,0,178,13,0,178,0,0,174,22,0,178,29,0,174,40,0,170,19,0,173,34,0,182,59,0,176,69,0,171,77,0,169,30,0,179,10,0,185,17,0,185,13,0,159,12,0,179,7,0,184,9,0,179,23,0,174,7,0,169,11,0,179,14,0,184,2,0,184,23,0,178,33,0,152,28,0,172,70,0,173,61,0,172,87,0,170,100,0,162,142,0,158,160,0,157,171,0,147,178,0,142,169,0,132,40,0,177,33,0,173,26,0,178,12,0,183,18,0,170,10,0,174,0,0,177,2,0,177,0,0,171,0,0,178,0,0,179,3,0,179,0,0,174,0,0,179,0,0,179,0,0,159,7,0,179,3,0,178,0,0,178,0,0,183,18,0,172,32,0,176,65,0,175,80,0,173,17,0,186,0,0,180,0,0,180,0,0,180,0,0,176,0,0,181,0,0,176,0,0,180,0,0,179,0,0,185,0,0,180,0,0,175,1,0,184,8,0,184,18,0,177,54,0,175,65,0,173,71,0,166,100,0,163,131,0,163,130,0,154,163,0,145,159,0,143,165,0,137,24,0,172,50,0,177,0,0,177,15,0,178,2,0,158,5,0,178,0,0,174,1,0,158,0,0,178,7,0,174,0,0,178,0,0,164,0,0,168,0,0,159,0,0,184,0,0,174,0,0,184,20,0,178,0,0,177,5,0,182,17,0,176,65,0,171,71,0,146,67,0,171,0,0,181,0,0,180,0,0,176,0,0,186,0,0,172,0,0,169,0,0,185,0,0,186,0,0,180,0,0,179,0,0,174,0,0,175,3,0,174,0,0,150,20,0,182,39,0,180,37,0,172,75,0,138,107,0,136,119,0,158,122,0,146,160,0,144,163,0,147,150,0,131,35,0,171,50,0,172,42,0,182,24,0,172,30,0,168,29,0,172,16,0,153,42,0,176,37,0,176,28,0,142,46,0,177,26,0,182,19,0,172,17,0,169,20,0,176,34,0,172,24,0,176,32,0,167,42,0,180,52,0,174,60,0,172,79,0,166,111,0,138,103,0,161,15,0,179,0,0,180,0,0,171,0,0,184,0,0,179,0,0,184,19,0,166,0,0,185,0,0,179,0,0,184,0,0,178,17,0,174,28,0,177,31,0,182,34,0,175,54,0,172,61,0,170,94,0,173,126,0,160,132,0,155,128,0,150,143,0,144,138,0,140,145,0,120,42,20,5,0,172,57,5,0,1,0,247,224,
TMF8829_FRAME_HEADER,0,95,120,5,0,21,1,24,9,27,0,0,0,78,82,78,84,231,5,228,5,PAYLOAD,101,8,75,226,3,42,223,3,78,223,3,86,227,3,97,209,3,98,233,3,102,237,3,97,246,3,91,244,3,81,245,3,71,72,3,16,127,8,76,105,8,69,61,7,56,189,8,66,174,8,26,222,7,57,126,7,50,84,7,15,136,7,54,166,7,55,195,7,24,196,7,26,1,8,59,56,8,56,158,8,55,10,10,62,77,10,64,102,10,62,152,10,49,199,8,41,192,8,33,178,8,31,204,2,43,34,3,49,109,3,34,130,3,63,69,3,52,7,13,49,82,13,48,122,13,46,20,3,43,22,3,12,197,2,64,238,2,36,212,2,30,4,3,57,95,8,58,227,7,47,251,3,73,226,3,87,235,3,105,213,3,110,214,3,113,214,3,109,219,3,99,232,3,95,252,3,83,63,4,27,47,7,47,116,8,64,143,6,103,139,8,68,167,8,71,134,3,74,182,3,68,0,4,71,129,4,65,240,3,62,70,4,69,67,4,71,202,3,73,157,3,75,162,3,76,229,3,58,41,4,86,34,4,88,31,4,89,49,4,93,243,3,102,252,3,100,223,3,104,209,3,106,214,3,106,212,3,108,235,3,97,159,3,28,188,3,69,205,3,74,144,3,75,80,3,65,66,3,74,57,3,71,40,3,71,17,3,68,136,8,33,87,8,49,213,3,77,249,3,47,223,3,98,194,3,116,191,3,148,242,3,128,189,3,104,248,3,98,241,3,85,180,3,61,0,0,0,190,4,41,140,4,30,5,4,78,227,3,93,174,3,104,166,3,98,156,3,87,223,3,98,23,4,93,70,4,88,71,4,101,54,4,97,9,4,107,217,3,89,195,3,109,2,4,112,255,3,112,225,3,108,216,3,108,194,3,113,179,3,113,180,3,108,181,3,109,195,3,111,254,3,102,236,3,107,250,3,81,255,3,104,4,4,109,215,3,86,186,3,40,133,3,70,123,3,50,35,3,64,219,2,60,0,0,0,0,0,0,171,2,65,208,2,64,46,3,41,70,3,89,83,3,105,37,3,82,4,3,76,8,3,72,188,2,68,18,3,74,238,2,58,9,3,73,172,4,74,162,4,63,55,4,87,234,3,95,202,3,96,124,4,84,168,4,82,82,4,86,83,4,90,7,4,90,98,3,66,76,3,106,139,3,94,246,3,99,251,3,105,35,4,97,31,4,110,250,3,104,228,3,90,214,3,112,196,3,112,197,3,111,217,3,106,200,3,96,201,3,88,225,3,63,246,3,96,213,3,84,91,3,75,44,3,36,17,3,41,14,3,67,226,2,60,122,2,60,188,1,37,178,1,75,232,1,78,13,2,91,76,2,90,143,2,97,140,2,101,142,2,82,92,2,99,36,2,98,242,1,96,182,1,70,115,1,91,120,1,87,117,1,95,111,1,69,116,1,91,175,1,97,177,1,89,116,1,93,109,1,60,123,1,93,100,1,90,121,1,94,55,1,100,64,1,100,104,1,96,100,1,96,89,1,83,152,1,103,204,1,102,15,2,102,74,2,81,122,2,98,151,2,95,179,2,73,227,2,98,212,2,90,51,2,83,114,2,89,197,2,93,8,2,92,204,1,82,155,1,88,184,1,81,166,1,82,138,1,70,135,1,65,70,1,97,55,1,100,68,1,103,43,1,103,63,1,108,83,1,89,80,1,111,73,1,87,55,1,111,53,1,112,27,1,110,32,1,111,16,1,121,28,1,116,26,1,99,32,1,111,246,0,111,10,1,111,15,1,117,23,1,109,12,1,112,16,1,77,4,1,111,9,1,115,6,1,117,249,0,80,14,1,79,2,1,118,8,1,117,9,1,113,43,1,112,26,1,112,10,1,111,23,1,87,32,1,111,71,1,111,65,1,111,74,1,98,33,1,108,53,1,93,32,1,107,37,1,105,49,1,103,32,1,97,44,1,101,43,1,98,60,1,94,76,1,85,248,0,116,245,0,115,239,0,121,228,0,108,225,0,129,237,0,126,224,0,127,217,0,128,241,0,106,232,0,112,210,0,127,226,0,127,216,0,137,213,0,127,218,0,124,214,0,137,196,0,124,200,0,132,232,0,129,202,0,88,195,0,129,205,0,128,189,0,127,199,0,119,209,0,126,218,0,130,187,0,129,203,0,129,205,0,129,209,0,106,213,0,113,199,0,128,223,0,132,220,0,128,230,0,127,223,0,127,240,0,112,215,0,126,238,0,126,232,0,125,219,0,103,231,0,123,236,0,105,230,0,82,14,1,118,255,0,105,241,0,104,5,1,98,210,0,131,191,0,118,177,0,140,190,0,109,191,0,139,173,0,139,170,0,110,189,0,140,203,0,140,185,0,145,174,0,144,156,0,108,173,0,145,166,0,145,186,0,108,158,0,145,167,0,140,164,0,145,185,0,142,155,0,146,156,0,141,177,0,101,147,0,136,148,0,138,185,0,146,196,0,147,173,0,141,189,0,146,183,0,141,153,0,140,170,0,140,172,0,136,169,0,140,170,0,140,175,0,140,176,0,140,201,0,140,171,0,139,165,0,139,178,0,138,207,0,138,173,0,135,189,0,133,222,0,129,180,0,129,233,0,122,212,0,98,236,0,111,177,0,152,186,0,144,175,0,150,171,0,144,180,0,153,169,0,154,182,0,146,164,0,115,173,0,154,156,0,150,168,0,150,157,0,154,173,0,155,163,0,160,160,0,151,159,0,148,168,0,155,142,0,156,158,0,152,140,0,152,152,0,151,154,0,150,147,0,124,156,0,147,170,0,152,156,0,156,145,0,152,147,0,152,160,0,156,157,0,148,155,0,156,164,0,131,153,0,155,162,0,155,156,0,151,153,0,155,170,0,151,160,0,150,165,0,150,166,0,149,179,0,147,161,0,148,179,0,146,185,0,138,185,0,131,214,0,131,250,0,130,232,0,119,163,0,152,164,0,154,142,0,155,147,0,156,136,0,145,133,0,157,144,0,158,130,0,158,138,0,157,140,0,158,137,0,158,123,0,158,121,0,159,134,0,159,131,0,159,140,0,126,122,0,149,127,0,160,120,0,165,121,0,148,113,0,163,131,0,163,132,0,129,141,0,146,148,0,165,124,0,165,136,0,138,132,0,160,118,0,160,114,0,160,124,0,160,145,0,169,123,0,156,139,0,159,126,0,159,134,0,155,139,0,152,134,0,155,131,0,157,120,0,153,134,0,151,142,0,156,175,0,149,173,0,145,178,0,142,199,0,137,212,0,131,217,0,125,126,0,163,130,0,165,124,0,162,111,0,167,132,0,168,106,0,164,109,0,164,91,0,164,107,0,169,96,0,165,101,0,169,102,0,165,90,0,159,114,0,165,80,0,138,96,0,170,93,0,176,98,0,166,100,0,176,85,0,166,98,0,161,101,0,168,118,0,167,116,0,130,96,0,171,94,0,166,88,0,167,86,0,171,96,0,171,85,0,170,109,0,166,88,0,171,74,0,166,90,0,146,88,0,170,108,0,170,104,0,169,83,0,164,84,0,160,112,0,166,118,0,160,111,0,158,143,0,155,149,0,155,153,0,151,195,0,142,181,0,135,198,0,134,101,0,161,83,0,154,95,0,167,86,0,168,80,0,172,81,0,173,67,0,169,91,0,146,65,0,169,79,0,173,72,0,166,65,0,174,63,0,174,60,0,169,61,0,174,63,0,174,49,0,174,50,0,175,62,0,170,59,0,170,64,0,174,62,0,162,101,0,167,94,0,165,60,0,171,58,0,171,62,0,181,62,0,180,56,0,171,46,0,175,66,0,175,41,0,174,33,0,179,69,0,174,48,0,179,45,0,170,54,0,179,67,0,178,83,0,140,100,0,139,79,0,160,99,0,161,126,0,133,143,0,158,155,0,119,181,0,143,176,0,118,180,0,129,75,0,132,68,0,174,65,0,180,26,0,175,35,0,164,28,0,171,39,0,182,27,0,177,32,0,177,30,0,172,8,0,173,13,0,177,34,0,177,23,0,183,32,0,183,32,0,147,32,0,178,18,0,162,28,0,173,37,0,177,39,0,182,67,0,181,68,0,174,88,0,172,23,0,178,36,0,174,26,0,178,29,0,158,34,0,178,16,0,155,28,0,174,11,0,174,27,0,183,27,0,173,32,0,177,14,0,177,39,0,182,45,0,176,46,0,146,51,0,168,72,0,155,99,0,168,108,0,161,126,0,162,138,0,157,164,0,151,165,0,108,170,0,134,52,0,172,32,0,176,11,0,177,13,0,170,32,0,178,14,0,165,4,0,177,8,0,183,0,0,178,0,0,174,0,0,155,0,0,184,5,0,174,0,0,178,0,0,185,0,0,184,0,0,179,3,0,178,0,0,179,41,0,173,3,0,177,36,0,182,33,0,171,81,0,169,13,0,180,3,0,180,0,0,186,0,0,186,0,0,180,0,0,180,0,0,179,0,0,169,0,0,175,1,0,175,0,0,179,0,0,185,21,0,184,0,0,183,23,0,169,34,0,175,60,0,143,72,0,170,96,0,167,118,0,155,138,0,154,164,0,153,169,0,139,155,0,137,28,0,172,17,0,178,22,0,178,30,0,178,0,0,178,5,0,174,11,0,183,0,0,179,0,0,174,0,0,157,0,0,178,5,0,174,0,0,178,0,0,178,0,0,179,7,0,159,0,0,179,0,0,179,0,0,178,12,0,173,5,0,176,34,0,176,35,0,170,71,0,159,8,0,180,0,0,180,0,0,181,0,0,175,0,0,180,0,0,180,0,0,169,0,0,186,0,0,172,0,0,179,0,0,179,0,0,178,0,0,178,0,0,177,2,0,176,34,0,170,36,0,168,49,0,165,100,0,168,109,0,163,110,0,143,156,0,148,143,0,139,140,0,147,63,0,172,25,0,177,42,0,173,9,0,178,10,0,178,37,0,178,35,0,183,17,0,162,0,0,170,17,0,152,21,0,178,22,0,178,11,0,178,1,0,174,9,0,156,0,0,150,16,0,177,5,0,183,15,0,176,20,0,176,48,0,139,48,0,166,68,0,171,92,0,169,0,0,180,0,0,180,0,0,186,0,0,185,0,0,175,0,0,185,0,0,180,0,0,185,0,0,180,0,0,162,0,0,174,0,0,178,28,0,178,0,0,159,31,0,172,43,0,179,64,0,164,76,0,155,83,0,161,124,0,157,125,0,118,147,0,147,145,0,141,146,0,137,208,72,5,0,82,110,5,0,1,0,247,224,
TMF8829_FRAME_HEADER,0,142,165,5,0,21,65,24,9,28,0,0,0,78,82,78,84,238,5,228,5,PAYLOAD,152,8,64,95,8,55,230,3,85,227,3,97,228,3,100,227,3,101,226,3,107,227,3,100,211,3,93,241,3,87,1,4,84,90,3,40,140,8,66,83,8,79,153,6,76,186,8,66,175,8,79,183,7,62,119,7,62,167,7,58,131,7,55,13,7,50,243,6,59,157,6,53,110,7,41,7,8,63,173,8,61,18,10,70,40,10,64,121,10,58,178,3,49,205,3,69,239,3,77,252,3,79,247,3,86,239,3,99,229,3,96,209,3,99,251,3,83,78,3,52,0,3,44,8,3,24,55,3,69,69,3,67,0,3,42,10,2,60,237,2,37,0,3,63,107,8,64,124,8,62,247,3,73,223,3,88,239,3,103,204,3,114,218,3,93,230,3,110,230,3,98,252,3,94,1,4,86,160,3,64,30,5,27,195,4,26,243,5,61,245,3,68,168,3,78,160,3,84,199,3,87,192,3,82,237,3,82,58,4,79,83,4,56,124,4,70,85,4,94,239,3,106,228,3,106,248,3,104,64,4,95,53,4,97,16,4,95,15,4,104,232,3,105,236,3,106,224,3,112,205,3,108,206,3,72,251,3,102,247,3,104,236,3,86,247,3,58,251,3,101,199,3,80,147,3,58,85,3,72,80,3,69,68,3,69,41,3,67,0,0,0,0,0,0,103,3,47,134,3,42,139,3,84,138,3,105,180,3,106,224,3,87,185,3,91,122,3,78,103,3,73,87,3,76,115,1,66,191,4,69,248,4,76,161,4,83,38,4,98,201,3,105,237,3,103,148,4,92,237,3,92,70,4,98,37,4,99,245,3,65,191,3,105,155,3,72,139,3,110,248,3,108,23,4,110,53,4,111,31,4,111,4,4,111,217,3,112,202,3,114,190,3,114,181,3,110,233,3,108,224,3,114,247,3,107,29,4,70,13,4,112,0,4,103,176,3,82,167,3,70,94,3,69,49,3,67,13,3,64,242,2,41,206,1,65,51,2,69,127,2,76,170,2,71,237,2,81,50,3,88,69,3,95,43,3,88,14,3,84,195,2,86,151,2,82,107,2,82,216,1,81,201,1,84,189,1,80,231,1,77,66,2,88,219,2,67,180,2,91,23,2,81,14,2,89,249,1,85,90,2,91,205,2,88,145,2,69,202,2,77,214,2,96,200,2,94,9,3,94,67,3,89,48,3,93,73,3,97,89,3,98,105,3,99,108,3,96,96,3,95,136,3,99,181,3,99,120,3,65,167,3,90,213,3,93,32,3,85,162,2,75,165,2,73,176,2,71,201,1,46,76,2,43,142,1,66,127,1,86,97,1,89,104,1,93,119,1,95,159,1,103,185,1,101,223,1,99,213,1,107,181,1,90,138,1,99,128,1,101,104,1,102,80,1,88,55,1,101,73,1,105,65,1,97,70,1,98,65,1,102,61,1,91,51,1,107,77,1,102,61,1,103,47,1,107,42,1,102,32,1,102,31,1,107,35,1,106,42,1,105,37,1,105,41,1,82,72,1,101,67,1,104,118,1,103,149,1,103,133,1,68,180,1,100,192,1,103,184,1,106,91,1,96,126,1,95,140,1,102,106,1,62,107,1,96,99,1,92,103,1,85,101,1,81,104,1,82,115,1,73,24,1,85,33,1,110,21,1,109,24,1,114,37,1,114,253,0,118,23,1,119,252,0,120,7,1,116,247,0,120,8,1,113,12,1,120,245,0,124,246,0,108,234,0,124,242,0,120,220,0,124,234,0,92,225,0,120,233,0,117,236,0,125,237,0,102,235,0,119,219,0,118,220,0,121,235,0,121,238,0,126,228,0,87,223,0,121,242,0,114,229,0,117,247,0,125,244,0,103,15,1,119,238,0,120,9,1,119,255,0,119,5,1,98,1,1,122,11,1,106,9,1,121,242,0,115,247,0,112,18,1,110,1,1,103,47,1,107,34,1,98,42,1,93,215,0,124,208,0,123,207,0,128,198,0,131,218,0,132,210,0,133,213,0,133,191,0,102,217,0,133,209,0,134,199,0,131,206,0,134,174,0,135,195,0,139,217,0,131,199,0,139,219,0,135,187,0,135,163,0,135,179,0,136,189,0,140,178,0,135,179,0,134,189,0,133,197,0,133,180,0,141,192,0,137,199,0,129,205,0,136,174,0,139,201,0,135,200,0,139,184,0,131,181,0,134,204,0,134,200,0,138,185,0,138,200,0,133,196,0,133,213,0,133,223,0,125,204,0,96,224,0,130,219,0,123,208,0,120,228,0,116,254,0,111,227,0,105,175,0,117,173,0,120,156,0,140,179,0,139,161,0,143,149,0,143,140,0,144,160,0,144,163,0,144,140,0,144,160,0,145,147,0,145,151,0,146,136,0,146,155,0,146,159,0,146,133,0,146,136,0,147,140,0,147,113,0,152,144,0,115,124,0,142,141,0,114,136,0,143,143,0,152,157,0,157,131,0,147,135,0,147,142,0,147,142,0,151,154,0,146,138,0,146,153,0,146,150,0,146,153,0,146,145,0,142,169,0,141,161,0,145,149,0,145,174,0,143,150,0,142,157,0,140,174,0,137,176,0,131,180,0,136,195,0,127,217,0,121,189,0,111,174,0,148,186,0,151,174,0,151,172,0,119,181,0,153,168,0,157,156,0,163,157,0,154,164,0,153,179,0,158,165,0,154,176,0,154,159,0,158,141,0,159,151,0,148,149,0,154,153,0,155,153,0,155,147,0,152,141,0,155,140,0,151,151,0,154,152,0,157,147,0,152,158,0,166,145,0,160,153,0,152,166,0,152,150,0,156,153,0,160,158,0,156,146,0,160,127,0,133,166,0,159,149,0,155,134,0,159,166,0,115,153,0,155,153,0,153,166,0,152,165,0,150,180,0,149,175,0,145,189,0,139,194,0,144,218,0,123,221,0,132,217,0,121,137,0,160,134,0,162,134,0,163,128,0,160,113,0,131,125,0,165,122,0,161,123,0,162,126,0,162,113,0,162,123,0,162,134,0,166,122,0,162,119,0,149,118,0,167,113,0,167,115,0,163,115,0,164,108,0,163,94,0,132,108,0,159,104,0,166,113,0,164,132,0,158,113,0,164,121,0,168,104,0,130,116,0,168,107,0,154,111,0,138,108,0,163,103,0,167,103,0,173,104,0,167,111,0,163,103,0,167,108,0,162,119,0,162,119,0,157,128,0,150,134,0,157,138,0,155,152,0,149,151,0,149,185,0,145,183,0,150,198,0,134,209,0,125,122,0,166,139,0,167,102,0,169,101,0,170,98,0,162,89,0,176,110,0,170,103,0,171,115,0,167,101,0,167,82,0,164,85,0,171,83,0,172,88,0,172,94,0,172,81,0,165,63,0,168,85,0,168,78,0,150,79,0,168,66,0,142,90,0,166,103,0,169,102,0,163,96,0,144,80,0,173,91,0,173,75,0,173,89,0,169,85,0,179,101,0,169,93,0,169,74,0,169,98,0,168,93,0,168,78,0,168,108,0,171,91,0,171,84,0,169,120,0,168,111,0,144,111,0,164,143,0,153,150,0,157,165,0,153,179,0,142,189,0,136,189,0,127,90,0,167,84,0,168,91,0,174,76,0,174,80,0,170,83,0,170,79,0,170,61,0,175,52,0,171,64,0,175,46,0,175,57,0,175,60,0,175,37,0,172,64,0,176,36,0,181,53,0,176,45,0,176,31,0,176,36,0,168,43,0,180,78,0,163,90,0,168,105,0,171,67,0,177,74,0,182,55,0,172,58,0,144,57,0,140,42,0,172,50,0,175,33,0,172,37,0,158,42,0,176,37,0,172,80,0,171,46,0,175,61,0,174,64,0,179,85,0,164,111,0,169,99,0,172,133,0,164,143,0,160,151,0,126,185,0,146,180,0,139,200,0,130,49,0,171,57,0,168,41,0,169,27,0,177,13,0,172,27,0,183,35,0,183,40,0,165,8,0,170,0,0,178,20,0,183,12,0,178,16,0,174,20,0,178,12,0,174,0,0,174,22,0,184,32,0,178,36,0,167,15,0,170,37,0,176,56,0,176,65,0,175,83,0,169,27,0,184,10,0,179,18,0,185,17,0,159,12,0,184,4,0,185,9,0,179,23,0,184,8,0,166,11,0,179,14,0,178,3,0,178,23,0,173,33,0,152,29,0,181,70,0,173,61,0,168,88,0,170,100,0,167,146,0,158,161,0,149,171,0,147,170,0,142,174,0,140,36,0,172,29,0,177,32,0,178,9,0,177,14,0,170,10,0,178,0,0,177,0,0,177,0,0,178,0,0,179,0,0,179,6,0,184,0,0,174,0,0,184,0,0,184,0,0,155,3,0,179,6,0,184,0,0,174,0,0,178,21,0,172,29,0,172,61,0,171,80,0,173,20,0,186,0,0,186,0,0,180,0,0,180,0,0,181,0,0,186,0,0,167,0,0,180,0,0,185,0,0,180,0,0,180,0,0,172,1,0,175,8,0,178,19,0,177,54,0,181,65,0,179,72,0,171,100,0,163,127,0,159,131,0,159,163,0,153,162,0,139,166,0,141,21,0,168,49,0,173,2,0,177,12,0,178,0,0,158,8,0,178,0,0,167,0,0,156,0,0,184,4,0,183,0,0,178,0,0,164,0,0,161,0,0,161,0,0,184,0,0,171,0,0,184,23,0,178,0,0,183,5,0,172,23,0,171,59,0,164,71,0,147,70,0,171,0,0,181,0,0,180,0,0,181,0,0,180,0,0,172,0,0,180,0,0,185,0,0,186,0,0,180,0,0,179,0,0,178,0,0,184,3,0,178,0,0,150,18,0,172,39,0,180,37,0,178,72,0,138,107,0,135,119,0,162,123,0,143,160,0,144,163,0,147,151,0,141,32,0,171,46,0,172,45,0,182,21,0,182,26,0,165,32,0,172,17,0,153,37,0,168,41,0,176,25,0,141,42,0,177,29,0,182,16,0,172,13,0,169,23,0,172,31,0,172,24,0,171,35,0,171,43,0,170,52,0,174,66,0,168,79,0,166,111,0,140,106,0,157,15,0,179,0,0,185,0,0,175,0,0,178,0,0,179,0,0,179,19,0,166,0,0,179,0,0,179,0,0,179,0,0,179,18,0,178,24,0,177,31,0,176,35,0,175,58,0,168,61,0,170,95,0,163,122,0,160,129,0,155,129,0,146,139,0,145,142,0,140,146,0,120,210,117,5,0,84,155,5,0,1,0,247,224,
TMF8829_FRAME_HEADER,0,14,218,5,0,21,1,24,9,29,0,0,0,78,82,78,84,225,5,226,5,PAYLOAD,110,8,61,185,3,48,214,3,74,229,3,87,244,3,93,216,3,98,246,3,102,232,3,101,233,3,96,7,4,80,255,3,76,118,7,15,157,8,78,150,8,74,238,6,55,180,8,76,142,8,24,210,7,60,132,7,56,125,7,15,112,7,60,146,7,59,212,7,24,183,7,21,230,7,64,67,8,67,190,8,55,8,10,58,74,10,63,116,10,61,131,10,50,8,9,43,179,8,22,245,8,38,5,3,46,75,3,50,111,3,28,98,3,52,109,3,63,17,13,53,82,13,47,175,13,43,41,3,45,56,3,11,2,3,41,192,2,27,169,2,27,6,3,41,93,8,56,183,3,52,243,3,80,244,3,94,244,3,100,208,3,105,223,3,113,216,3,105,226,3,96,246,3,90,2,4,83,148,3,23,49,7,43,99,8,60,157,6,99,146,8,69,165,8,74,156,3,75,196,3,72,56,4,75,39,4,68,82,4,63,64,4,69,86,4,68,199,3,74,188,3,78,137,3,64,249,3,58,55,4,85,32,4,88,48,4,87,48,4,93,241,3,94,253,3,102,226,3,101,207,3,111,215,3,103,211,3,108,230,3,97,241,3,25,188,3,69,203,3,71,157,3,76,49,3,66,72,3,80,66,3,71,30,3,66,39,3,64,85,8,45,89,8,47,212,3,64,251,3,46,233,3,103,193,3,117,198,3,149,244,3,132,193,3,100,250,3,98,235,3,89,211,3,64,0,0,0,207,4,40,136,4,25,42,4,73,237,3,97,173,3,104,169,3,95,158,3,87,229,3,94,29,4,89,84,4,91,70,4,101,55,4,97,5,4,112,219,3,89,192,3,113,1,4,112,5,4,108,226,3,108,219,3,108,183,3,108,183,3,108,183,3,112,179,3,109,196,3,120,249,3,104,238,3,111,251,3,95,2,4,109,254,3,105,216,3,86,177,3,38,104,3,69,66,3,71,240,2,60,240,2,56,0,0,0,0,0,0,78,2,64,234,2,61,5,3,41,69,3,99,89,3,109,44,3,76,3,3,73,11,3,72,182,2,68,242,2,73,244,2,60,229,2,72,140,4,73,149,4,66,26,4,91,226,3,91,201,3,92,146,4,78,151,4,81,85,4,82,93,4,94,254,3,90,102,3,100,87,3,106,145,3,96,247,3,102,250,3,101,37,4,97,29,4,116,5,4,104,230,3,89,211,3,112,199,3,116,195,3,107,234,3,106,192,3,96,188,3,84,230,3,62,1,4,97,203,3,83,96,3,46,30,3,41,39,3,43,237,2,66,182,2,60,201,2,61,175,1,41,199,1,78,201,1,82,4,2,86,67,2,90,138,2,93,166,2,96,167,2,82,95,2,99,46,2,93,8,2,92,170,1,71,136,1,95,129,1,84,112,1,91,117,1,68,129,1,96,178,1,93,183,1,89,118,1,92,100,1,59,129,1,97,122,1,89,123,1,93,75,1,104,86,1,96,122,1,100,109,1,99,124,1,90,154,1,95,186,1,98,10,2,95,69,2,83,126,2,98,158,2,103,192,2,72,224,2,103,204,2,84,53,2,84,103,2,92,173,2,92,14,2,88,197,1,84,150,1,83,182,1,81,156,1,81,168,1,69,106,1,65,79,1,93,69,1,97,74,1,103,49,1,106,61,1,109,63,1,90,90,1,108,71,1,85,69,1,108,59,1,112,25,1,115,35,1,115,37,1,116,30,1,111,32,1,100,26,1,115,251,0,111,13,1,111,21,1,109,21,1,112,16,1,112,22,1,75,251,0,111,4,1,110,7,1,113,237,0,81,20,1,80,252,0,113,16,1,113,7,1,109,48,1,112,21,1,111,13,1,112,24,1,87,39,1,121,77,1,108,54,1,111,77,1,103,43,1,109,50,1,93,20,1,107,31,1,105,43,1,99,39,1,96,46,1,97,48,1,94,48,1,90,55,1,85,2,1,119,251,0,119,238,0,121,238,0,108,227,0,124,236,0,126,230,0,127,223,0,124,232,0,106,238,0,114,212,0,128,221,0,127,219,0,124,219,0,127,210,0,132,216,0,132,198,0,128,207,0,132,241,0,129,208,0,88,189,0,133,211,0,125,188,0,132,198,0,120,206,0,134,217,0,130,182,0,126,211,0,129,200,0,129,215,0,105,218,0,117,202,0,132,218,0,132,221,0,128,221,0,127,229,0,127,241,0,110,210,0,127,244,0,126,237,0,126,218,0,103,233,0,123,229,0,105,229,0,83,16,1,114,4,1,109,237,0,109,7,1,100,224,0,131,194,0,117,172,0,135,188,0,107,194,0,139,172,0,139,183,0,110,196,0,140,206,0,137,192,0,141,180,0,141,155,0,108,179,0,141,168,0,144,181,0,108,164,0,140,169,0,140,163,0,141,187,0,142,157,0,138,159,0,141,179,0,101,153,0,139,151,0,138,182,0,138,190,0,142,171,0,141,194,0,142,174,0,145,159,0,140,167,0,140,171,0,144,175,0,140,171,0,136,178,0,145,174,0,140,206,0,140,174,0,144,167,0,139,179,0,138,210,0,137,178,0,135,186,0,129,221,0,129,178,0,125,223,0,119,215,0,101,234,0,107,183,0,152,188,0,149,174,0,146,177,0,148,186,0,149,168,0,154,188,0,149,162,0,114,168,0,159,162,0,154,170,0,150,156,0,150,179,0,147,165,0,151,159,0,147,162,0,151,174,0,155,145,0,151,164,0,152,142,0,152,155,0,151,160,0,147,153,0,127,159,0,147,171,0,157,155,0,152,144,0,152,148,0,152,159,0,156,159,0,148,152,0,161,159,0,133,155,0,151,163,0,151,155,0,147,159,0,155,167,0,147,155,0,154,167,0,150,163,0,145,178,0,147,159,0,149,180,0,151,184,0,135,187,0,129,215,0,132,242,0,122,230,0,116,165,0,152,170,0,158,145,0,159,153,0,156,134,0,145,128,0,157,150,0,162,132,0,158,137,0,157,146,0,162,139,0,158,122,0,158,131,0,159,136,0,163,130,0,163,146,0,127,128,0,147,126,0,160,122,0,160,123,0,151,112,0,163,137,0,158,130,0,128,140,0,146,149,0,165,119,0,165,138,0,140,133,0,160,117,0,160,117,0,160,125,0,160,148,0,160,125,0,160,140,0,159,125,0,159,136,0,159,140,0,147,133,0,158,133,0,162,125,0,166,133,0,159,144,0,156,172,0,149,172,0,145,180,0,146,200,0,137,207,0,131,223,0,125,132,0,163,136,0,171,123,0,167,118,0,163,134,0,168,105,0,164,120,0,164,93,0,168,102,0,169,102,0,165,107,0,169,101,0,165,96,0,159,117,0,165,83,0,139,102,0,170,95,0,170,101,0,166,106,0,166,87,0,165,97,0,169,111,0,164,117,0,163,115,0,130,101,0,166,93,0,171,90,0,171,87,0,171,95,0,171,87,0,176,115,0,166,83,0,171,76,0,166,87,0,145,87,0,170,110,0,175,105,0,169,86,0,164,86,0,160,113,0,166,117,0,164,117,0,162,144,0,152,144,0,155,155,0,147,196,0,142,184,0,131,196,0,130,103,0,165,85,0,150,91,0,167,96,0,172,82,0,178,83,0,173,73,0,173,96,0,146,68,0,165,81,0,179,70,0,163,64,0,174,65,0,170,62,0,174,60,0,174,69,0,174,51,0,170,52,0,170,68,0,167,57,0,170,63,0,174,68,0,165,103,0,171,93,0,165,61,0,176,53,0,171,64,0,181,63,0,180,55,0,171,48,0,171,67,0,175,43,0,170,35,0,174,74,0,170,47,0,179,47,0,180,55,0,169,70,0,172,85,0,140,101,0,137,82,0,157,97,0,161,127,0,134,142,0,158,153,0,118,182,0,143,175,0,118,182,0,131,81,0,133,74,0,180,64,0,181,32,0,171,33,0,167,31,0,176,41,0,176,29,0,182,31,0,177,36,0,172,10,0,177,12,0,173,41,0,173,25,0,173,27,0,173,39,0,148,34,0,178,17,0,156,34,0,166,40,0,177,37,0,176,73,0,175,70,0,170,87,0,164,24,0,178,31,0,170,28,0,174,30,0,156,29,0,178,18,0,162,33,0,170,14,0,178,25,0,183,28,0,178,31,0,173,12,0,177,44,0,177,44,0,176,48,0,145,52,0,168,71,0,160,101,0,168,109,0,161,125,0,157,140,0,149,161,0,147,164,0,108,176,0,138,58,0,176,31,0,176,10,0,173,19,0,170,34,0,184,13,0,174,10,0,177,6,0,177,0,0,184,0,0,178,0,0,159,0,0,179,11,0,174,0,0,184,0,0,179,0,0,179,0,0,179,2,0,174,0,0,179,43,0,170,2,0,177,43,0,177,40,0,175,80,0,169,14,0,176,2,0,180,0,0,180,0,0,180,0,0,185,0,0,180,0,0,185,0,0,175,0,0,180,2,0,172,0,0,185,0,0,185,22,0,184,0,0,178,25,0,172,32,0,175,59,0,144,74,0,166,97,0,167,117,0,155,136,0,154,168,0,153,168,0,142,164,0,133,34,0,177,19,0,173,21,0,178,36,0,178,0,0,178,4,0,178,13,0,183,0,0,184,0,0,179,0,0,157,0,0,174,4,0,178,0,0,178,0,0,183,0,0,175,13,0,161,0,0,175,0,0,184,0,0,183,14,0,177,1,0,168,41,0,176,37,0,180,70,0,156,13,0,176,0,0,180,0,0,181,0,0,172,0,0,180,0,0,186,0,0,166,0,0,186,0,0,176,0,0,179,0,0,185,0,0,174,0,0,183,0,0,177,4,0,172,35,0,167,31,0,172,47,0,165,97,0,168,108,0,159,112,0,145,154,0,148,142,0,139,138,0,138,65,0,172,27,0,177,41,0,170,15,0,183,12,0,178,36,0,174,42,0,178,15,0,164,2,0,173,23,0,155,27,0,183,18,0,174,17,0,178,3,0,178,8,0,156,6,0,149,18,0,173,4,0,173,21,0,176,22,0,176,47,0,139,54,0,166,70,0,171,95,0,169,0,0,180,0,0,176,0,0,186,0,0,180,0,0,179,0,0,185,0,0,186,0,0,185,0,0,180,0,0,160,0,0,179,0,0,178,29,0,178,2,0,154,33,0,165,44,0,179,59,0,168,74,0,155,84,0,161,123,0,153,127,0,118,144,0,147,144,0,141,148,0,137,120,170,5,0,250,207,5,0,1,0,247,224,
TMF8829_FRAME_HEADER,0,53,7,6,0,21,65,24,9,30,0,0,0,78,82,78,84,233,5,229,5,PAYLOAD,118,8,64,56,8,53,239,3,75,217,3,91,239,3,100,233,3,102,238,3,107,219,3,100,224,3,93,246,3,87,5,4,79,248,2,39,134,8,62,64,8,78,148,6,76,195,8,72,183,8,75,193,7,65,151,7,60,163,7,59,59,7,50,220,6,50,56,7,57,132,6,53,77,7,43,251,7,60,165,8,54,245,9,63,20,10,64,109,10,65,135,3,50,180,3,71,227,3,74,254,3,78,246,3,81,242,3,90,224,3,93,219,3,95,246,3,83,116,3,61,232,2,42,61,3,20,23,3,66,45,3,67,2,3,41,15,3,41,10,3,38,10,3,60,93,8,61,89,8,61,252,3,76,236,3,95,236,3,103,202,3,114,223,3,92,230,3,107,231,3,98,253,3,98,21,4,87,208,3,63,148,4,37,172,4,27,241,5,60,234,3,70,157,3,82,162,3,85,188,3,95,188,3,86,231,3,82,67,4,78,63,4,56,130,4,71,79,4,94,242,3,105,211,3,106,243,3,104,56,4,95,44,4,94,15,4,95,22,4,101,231,3,105,235,3,116,227,3,107,208,3,108,212,3,72,253,3,100,242,3,104,243,3,86,250,3,59,246,3,94,181,3,79,127,3,77,119,3,65,79,3,71,55,3,69,31,3,67,0,0,0,195,1,61,109,3,40,159,3,41,132,3,88,125,3,105,190,3,109,224,3,90,195,3,91,146,3,73,111,3,73,58,3,70,0,0,0,183,4,55,17,5,75,181,4,84,61,4,101,199,3,105,246,3,99,148,4,93,250,3,97,87,4,86,44,4,103,243,3,65,177,3,105,146,3,71,138,3,107,243,3,108,29,4,100,37,4,102,34,4,112,14,4,111,216,3,112,201,3,114,193,3,115,176,3,113,220,3,111,219,3,114,246,3,103,28,4,70,8,4,108,255,3,107,187,3,77,143,3,73,55,3,69,67,3,62,230,2,64,253,2,61,20,2,70,109,2,68,102,2,73,179,2,75,241,2,81,55,3,99,66,3,92,31,3,87,238,2,84,212,2,79,189,2,81,54,2,86,248,1,80,209,1,80,202,1,81,245,1,86,81,2,84,201,2,67,193,2,86,11,2,88,28,2,84,242,1,85,128,2,87,203,2,86,148,2,66,212,2,79,232,2,95,184,2,90,233,2,91,27,3,89,70,3,96,65,3,97,61,3,98,124,3,99,119,3,96,103,3,99,139,3,96,176,3,99,95,3,64,166,3,91,204,3,92,10,3,89,176,2,77,79,2,75,160,2,73,65,2,47,40,2,43,0,0,0,140,1,90,101,1,90,98,1,93,117,1,100,167,1,99,187,1,101,224,1,107,216,1,103,175,1,88,135,1,106,131,1,102,106,1,101,74,1,87,51,1,98,71,1,105,81,1,101,70,1,106,71,1,102,70,1,89,43,1,103,67,1,103,59,1,103,51,1,107,29,1,102,27,1,106,38,1,106,34,1,102,48,1,106,32,1,105,40,1,82,71,1,105,74,1,104,117,1,104,176,1,100,159,1,67,175,1,104,207,1,103,183,1,102,94,1,99,129,1,99,151,1,102,105,1,61,99,1,97,105,1,88,94,1,82,104,1,85,95,1,81,126,1,74,26,1,85,33,1,110,10,1,113,41,1,114,37,1,117,255,0,115,32,1,119,13,1,120,5,1,124,4,1,120,16,1,110,9,1,120,246,0,123,250,0,113,236,0,124,243,0,116,227,0,120,240,0,92,230,0,117,229,0,121,242,0,121,242,0,99,231,0,124,224,0,122,219,0,121,237,0,121,234,0,126,227,0,85,229,0,121,237,0,114,225,0,120,246,0,117,243,0,102,5,1,119,241,0,117,4,1,119,254,0,119,8,1,97,4,1,118,9,1,108,21,1,113,245,0,114,250,0,109,13,1,110,17,1,107,34,1,102,41,1,95,49,1,89,208,0,123,216,0,123,201,0,129,203,0,131,210,0,128,204,0,133,222,0,133,195,0,102,211,0,133,214,0,134,199,0,134,204,0,134,179,0,135,190,0,131,215,0,139,200,0,135,216,0,131,185,0,140,171,0,135,179,0,136,184,0,135,179,0,135,183,0,131,187,0,133,196,0,137,179,0,137,195,0,137,202,0,129,201,0,136,173,0,139,193,0,135,195,0,139,183,0,135,176,0,134,207,0,134,207,0,134,188,0,138,199,0,137,199,0,137,212,0,129,218,0,122,207,0,96,219,0,136,218,0,123,203,0,120,231,0,117,4,1,111,234,0,101,177,0,116,173,0,120,154,0,140,188,0,143,157,0,144,147,0,148,148,0,148,160,0,140,157,0,144,141,0,144,156,0,145,149,0,150,152,0,146,136,0,151,157,0,150,160,0,143,133,0,146,138,0,143,145,0,147,118,0,147,142,0,115,133,0,146,137,0,113,134,0,143,142,0,144,152,0,147,126,0,151,138,0,147,133,0,151,141,0,146,153,0,151,133,0,146,156,0,143,153,0,146,152,0,146,144,0,142,172,0,142,156,0,149,148,0,145,173,0,143,152,0,142,156,0,136,173,0,134,172,0,134,179,0,136,185,0,126,220,0,121,197,0,106,179,0,149,179,0,160,168,0,151,177,0,118,177,0,162,166,0,157,165,0,163,157,0,154,158,0,153,184,0,151,169,0,154,177,0,154,168,0,154,137,0,155,153,0,151,154,0,159,153,0,155,151,0,159,156,0,155,141,0,160,134,0,159,156,0,154,156,0,153,145,0,156,157,0,161,144,0,160,152,0,156,165,0,152,152,0,160,152,0,155,157,0,165,145,0,155,126,0,133,165,0,155,148,0,159,137,0,152,165,0,116,148,0,155,148,0,153,168,0,152,164,0,155,175,0,149,170,0,150,188,0,143,193,0,139,209,0,125,220,0,125,220,0,121,146,0,155,134,0,157,132,0,163,133,0,164,118,0,131,123,0,165,127,0,161,123,0,162,124,0,162,119,0,166,127,0,166,132,0,167,123,0,162,119,0,149,116,0,163,119,0,167,119,0,163,112,0,168,113,0,163,90,0,133,106,0,159,109,0,166,118,0,160,134,0,158,112,0,164,123,0,164,103,0,130,115,0,163,102,0,154,110,0,141,111,0,167,102,0,163,106,0,168,103,0,163,110,0,172,106,0,159,107,0,166,122,0,171,118,0,161,127,0,150,133,0,161,137,0,152,155,0,162,150,0,153,184,0,145,182,0,140,197,0,134,212,0,128,127,0,162,142,0,167,100,0,164,106,0,170,98,0,162,87,0,170,116,0,170,103,0,166,112,0,167,102,0,167,82,0,164,83,0,167,92,0,167,88,0,168,92,0,172,86,0,168,63,0,168,80,0,173,79,0,153,79,0,168,64,0,143,95,0,170,103,0,165,100,0,168,95,0,145,79,0,173,94,0,173,78,0,169,88,0,179,80,0,173,100,0,165,92,0,173,77,0,173,100,0,172,92,0,168,77,0,172,107,0,167,90,0,171,83,0,165,123,0,164,113,0,143,110,0,160,142,0,157,152,0,157,164,0,148,185,0,142,184,0,136,193,0,131,95,0,166,84,0,168,89,0,166,84,0,174,80,0,170,81,0,174,84,0,174,61,0,180,47,0,167,69,0,175,42,0,175,55,0,171,65,0,171,37,0,168,58,0,172,42,0,176,53,0,176,43,0,176,36,0,176,32,0,171,41,0,170,83,0,161,90,0,168,103,0,171,66,0,177,73,0,172,57,0,176,57,0,144,56,0,139,41,0,172,49,0,181,32,0,172,36,0,158,41,0,182,36,0,172,75,0,181,45,0,175,60,0,174,63,0,169,84,0,164,113,0,165,94,0,162,132,0,160,142,0,156,150,0,124,180,0,142,187,0,140,195,0,130,54,0,175,57,0,168,39,0,166,36,0,172,13,0,177,29,0,177,41,0,178,40,0,160,6,0,170,9,0,173,20,0,183,10,0,178,21,0,183,20,0,178,10,0,178,3,0,179,22,0,184,30,0,184,42,0,170,15,0,170,31,0,176,61,0,176,65,0,175,81,0,173,26,0,179,9,0,175,17,0,179,16,0,161,11,0,184,7,0,179,12,0,185,22,0,174,7,0,164,10,0,179,13,0,178,2,0,184,22,0,178,32,0,151,28,0,176,69,0,173,60,0,172,90,0,170,99,0,167,141,0,155,160,0,153,166,0,152,173,0,146,177,0,135,42,0,177,29,0,173,30,0,183,14,0,183,14,0,170,8,0,174,0,0,177,0,0,177,0,0,174,0,0,178,0,0,174,4,0,174,0,0,174,0,0,179,0,0,184,0,0,156,3,0,184,4,0,178,0,0,174,0,0,178,19,0,172,39,0,172,61,0,175,78,0,179,19,0,186,0,0,180,0,0,180,0,0,180,0,0,176,0,0,181,0,0,169,0,0,180,0,0,179,0,0,180,0,0,180,0,0,175,0,0,179,11,0,174,18,0,172,53,0,181,64,0,169,71,0,166,103,0,163,130,0,168,130,0,151,162,0,149,154,0,139,165,0,133,26,0,172,49,0,177,0,0,182,17,0,177,0,0,158,6,0,174,0,0,170,0,0,156,0,0,174,9,0,174,0,0,183,0,0,164,0,0,165,0,0,165,0,0,179,0,0,174,0,0,179,21,0,178,2,0,177,1,0,182,18,0,181,64,0,175,71,0,146,68,0,171,0,0,181,0,0,176,0,0,181,0,0,180,0,0,169,0,0,172,0,0,185,0,0,180,0,0,185,0,0,179,0,0,178,0,0,179,2,0,174,0,0,152,20,0,172,37,0,174,36,0,172,75,0,139,106,0,137,118,0,158,122,0,143,159,0,147,162,0,142,150,0,141,37,0,175,46,0,176,47,0,176,30,0,172,26,0,163,30,0,172,22,0,153,37,0,182,39,0,176,30,0,139,42,0,177,27,0,177,21,0,172,13,0,172,21,0,176,36,0,172,24,0,171,29,0,164,44,0,175,48,0,170,64,0,172,84,0,166,111,0,139,108,0,157,14,0,175,0,0,185,0,0,179,0,0,178,0,0,179,0,0,179,18,0,166,0,0,179,0,0,185,0,0,179,0,0,184,17,0,183,23,0,177,30,0,176,34,0,175,57,0,178,60,0,170,94,0,163,121,0,160,128,0,155,128,0,146,142,0,141,137,0,140,145,0,122,122,215,5,0,252,252,5,0,1,0,247,224,
TMF8829_FRAME_HEADER,0,179,59,6,0,21,1,24,9,31,0,0,0,78,82,78,84,230,5,228,5,PAYLOAD,132,8,64,186,3,45,214,3,74,224,3,91,230,3,93,216,3,97,234,3,102,233,3,97,245,3,92,245,3,84,7,4,72,173,6,18,164,8,74,144,8,65,103,7,57,171,8,71,170,8,27,210,7,64,142,7,52,14,7,17,146,7,54,144,7,57,213,7,19,229,7,27,236,7,63,71,8,58,134,8,50,223,9,61,93,10,64,133,10,60,183,10,50,51,9,49,171,2,41,167,2,43,246,2,45,26,3,47,15,3,25,79,3,52,77,3,52,228,12,51,101,13,51,188,13,43,0,3,63,106,3,18,205,2,60,202,2,32,207,2,32,218,2,56,119,8,61,180,3,50,239,3,80,224,3,94,245,3,104,208,3,105,218,3,113,217,3,104,211,3,92,237,3,91,244,3,83,214,3,24,56,7,45,108,8,64,153,6,98,113,8,64,166,8,73,156,3,75,164,3,77,27,4,68,109,4,64,218,3,61,104,4,66,120,4,64,232,3,76,203,3,77,147,3,80,235,3,60,47,4,89,30,4,88,30,4,87,32,4,93,243,3,94,255,3,96,233,3,104,212,3,106,209,3,106,211,3,108,224,3,106,177,3,26,171,3,73,201,3,78,139,3,75,56,3,62,70,3,75,56,3,70,54,3,70,56,3,67,118,8,40,98,8,52,184,3,72,2,4,47,230,3,99,188,3,113,193,3,154,249,3,127,193,3,100,241,3,108,252,3,94,214,3,68,140,4,36,204,4,45,143,4,31,30,4,74,230,3,97,169,3,104,183,3,103,151,3,87,218,3,94,28,4,90,84,4,90,70,4,97,53,4,99,13,4,108,220,3,87,194,3,106,5,4,108,255,3,108,240,3,108,211,3,112,181,3,108,178,3,105,183,3,108,181,3,109,189,3,111,253,3,106,239,3,111,4,4,93,254,3,104,0,4,105,230,3,74,193,3,41,137,3,46,79,3,63,7,3,64,219,2,58,0,0,0,0,0,0,166,2,64,209,2,63,6,3,38,69,3,90,84,3,105,45,3,77,228,2,71,13,3,71,160,2,71,5,3,75,2,3,58,245,2,71,132,4,77,151,4,63,58,4,91,207,3,91,183,3,100,139,4,84,147,4,85,75,4,86,98,4,90,242,3,90,112,3,95,87,3,105,139,3,94,245,3,102,6,4,93,51,4,103,30,4,110,5,4,104,232,3,88,216,3,112,207,3,112,193,3,111,228,3,106,192,3,92,189,3,92,213,3,62,5,4,101,228,3,83,98,3,74,26,3,38,24,3,43,235,2,70,186,2,64,18,2,64,205,1,39,188,1,74,220,1,81,3,2,86,91,2,87,142,2,92,150,2,101,145,2,82,95,2,94,41,2,98,254,1,96,157,1,70,127,1,91,111,1,84,104,1,100,101,1,68,126,1,92,165,1,97,182,1,93,123,1,89,123,1,59,116,1,93,100,1,93,97,1,103,54,1,99,63,1,96,93,1,104,107,1,99,124,1,85,145,1,95,210,1,98,30,2,102,93,2,81,102,2,103,162,2,98,167,2,73,233,2,99,211,2,83,43,2,84,120,2,96,192,2,92,8,2,84,192,1,86,178,1,79,188,1,85,158,1,78,125,1,74,146,1,69,86,1,101,70,1,100,74,1,103,48,1,107,73,1,112,70,1,89,84,1,115,64,1,86,65,1,105,42,1,116,34,1,111,27,1,111,29,1,111,39,1,112,32,1,98,33,1,111,249,0,116,1,1,111,20,1,112,34,1,113,16,1,112,17,1,75,0,1,111,1,1,107,2,1,113,240,0,80,9,1,80,9,1,113,7,1,113,1,1,106,31,1,112,25,1,112,10,1,112,22,1,87,43,1,111,83,1,108,48,1,111,73,1,103,33,1,108,60,1,91,31,1,107,41,1,109,52,1,103,39,1,101,25,1,98,50,1,104,71,1,90,80,1,85,249,0,119,0,1,118,238,0,117,236,0,106,224,0,124,229,0,126,225,0,131,224,0,127,229,0,106,236,0,113,216,0,124,225,0,127,214,0,132,224,0,127,221,0,128,207,0,128,190,0,132,211,0,128,236,0,133,205,0,88,198,0,128,202,0,128,193,0,127,198,0,122,212,0,134,217,0,134,187,0,129,213,0,129,200,0,133,205,0,107,208,0,115,198,0,132,223,0,128,212,0,124,221,0,127,223,0,131,235,0,112,218,0,123,235,0,126,231,0,126,221,0,104,223,0,127,231,0,105,237,0,82,9,1,113,5,1,114,233,0,104,18,1,99,215,0,131,190,0,119,176,0,135,183,0,107,195,0,139,172,0,138,174,0,110,201,0,140,206,0,137,186,0,145,181,0,141,151,0,107,178,0,141,169,0,141,185,0,107,159,0,140,166,0,140,163,0,141,186,0,147,158,0,142,159,0,137,178,0,100,150,0,139,155,0,142,180,0,142,195,0,139,173,0,141,191,0,142,178,0,141,157,0,140,161,0,140,171,0,140,169,0,144,172,0,144,174,0,140,176,0,140,204,0,140,170,0,139,165,0,135,173,0,138,206,0,138,176,0,134,184,0,137,225,0,129,176,0,125,229,0,122,215,0,98,244,0,110,182,0,142,185,0,154,170,0,150,176,0,148,183,0,149,168,0,149,180,0,149,167,0,114,172,0,153,157,0,150,171,0,154,156,0,150,174,0,155,166,0,155,163,0,147,157,0,147,171,0,147,145,0,151,159,0,156,143,0,152,151,0,148,155,0,147,150,0,126,159,0,148,169,0,156,151,0,152,142,0,152,146,0,156,155,0,152,157,0,148,150,0,152,159,0,132,150,0,151,157,0,155,151,0,151,153,0,150,165,0,161,155,0,160,165,0,146,161,0,149,178,0,152,161,0,144,178,0,142,180,0,138,185,0,126,209,0,132,246,0,125,228,0,116,160,0,152,171,0,154,141,0,155,148,0,156,135,0,143,132,0,157,145,0,158,133,0,154,137,0,154,141,0,158,140,0,162,122,0,158,122,0,168,140,0,159,130,0,163,138,0,126,125,0,147,126,0,160,117,0,165,124,0,146,112,0,163,129,0,163,135,0,129,140,0,149,147,0,161,119,0,165,136,0,139,131,0,164,113,0,160,111,0,164,127,0,160,144,0,160,123,0,160,138,0,159,125,0,164,134,0,163,138,0,152,129,0,158,131,0,157,123,0,153,129,0,154,142,0,149,174,0,149,168,0,150,178,0,141,198,0,137,204,0,135,225,0,125,127,0,163,133,0,165,119,0,167,112,0,167,135,0,164,105,0,168,114,0,164,94,0,164,106,0,164,97,0,165,104,0,165,101,0,165,95,0,162,118,0,169,83,0,138,101,0,166,100,0,166,101,0,171,101,0,170,88,0,165,97,0,165,102,0,168,121,0,163,114,0,129,99,0,171,90,0,166,88,0,167,85,0,171,95,0,171,85,0,166,112,0,176,83,0,171,78,0,170,85,0,143,87,0,166,108,0,170,103,0,175,86,0,169,84,0,163,111,0,162,117,0,160,114,0,158,142,0,160,144,0,151,153,0,147,189,0,145,187,0,135,189,0,125,102,0,161,86,0,150,91,0,167,87,0,172,83,0,178,83,0,173,68,0,169,97,0,147,68,0,162,76,0,173,71,0,166,64,0,169,64,0,170,63,0,174,60,0,180,64,0,170,52,0,170,52,0,175,67,0,167,62,0,174,63,0,169,63,0,168,104,0,167,97,0,170,59,0,175,53,0,171,62,0,171,61,0,175,59,0,175,46,0,175,65,0,175,43,0,170,33,0,179,68,0,174,47,0,174,45,0,170,53,0,179,66,0,172,83,0,140,99,0,139,82,0,164,99,0,161,128,0,133,145,0,154,151,0,118,184,0,143,175,0,119,176,0,128,76,0,132,71,0,170,64,0,175,27,0,171,39,0,167,27,0,176,40,0,172,30,0,182,31,0,172,31,0,182,11,0,183,12,0,173,35,0,173,26,0,177,31,0,177,33,0,148,35,0,178,21,0,155,29,0,173,41,0,176,37,0,172,68,0,181,71,0,174,87,0,168,26,0,178,35,0,174,26,0,174,28,0,156,33,0,174,16,0,155,31,0,170,10,0,174,27,0,178,26,0,183,31,0,173,14,0,177,42,0,177,44,0,176,46,0,148,50,0,168,71,0,158,99,0,168,107,0,165,125,0,157,138,0,157,159,0,147,164,0,108,170,0,134,53,0,176,35,0,172,10,0,177,14,0,178,35,0,184,17,0,174,5,0,177,7,0,183,0,0,184,0,0,174,0,0,155,0,0,184,6,0,179,0,0,178,0,0,185,0,0,179,0,0,184,2,0,178,0,0,179,44,0,167,6,0,177,37,0,177,41,0,171,80,0,166,12,0,180,2,0,176,0,0,180,0,0,186,0,0,176,0,0,180,0,0,179,0,0,180,0,0,185,0,0,180,0,0,179,0,0,179,20,0,178,0,0,178,23,0,169,33,0,171,59,0,146,72,0,166,95,0,173,117,0,155,134,0,154,163,0,153,168,0,139,159,0,141,29,0,177,20,0,178,21,0,178,35,0,178,0,0,178,4,0,170,12,0,174,0,0,179,0,0,184,0,0,157,0,0,178,4,0,178,0,0,184,0,0,178,0,0,184,8,0,158,0,0,179,0,0,184,0,0,178,15,0,173,4,0,168,35,0,176,39,0,174,70,0,154,7,0,186,0,0,180,0,0,186,0,0,175,0,0,180,0,0,180,0,0,169,0,0,186,0,0,172,0,0,185,0,0,175,0,0,170,0,0,178,0,0,173,2,0,172,33,0,170,31,0,172,49,0,169,99,0,163,108,0,163,110,0,141,155,0,148,142,0,143,140,0,147,64,0,172,28,0,182,41,0,173,14,0,183,16,0,178,41,0,178,36,0,178,20,0,164,0,0,167,18,0,153,24,0,178,21,0,184,12,0,174,4,0,178,8,0,158,1,0,150,19,0,183,1,0,173,16,0,176,23,0,176,47,0,140,49,0,169,75,0,167,91,0,174,0,0,180,0,0,180,0,0,186,0,0,180,0,0,179,0,0,180,0,0,176,0,0,180,0,0,176,0,0,162,0,0,179,0,0,178,27,0,178,0,0,154,31,0,172,42,0,174,63,0,164,72,0,155,82,0,166,123,0,157,125,0,118,142,0,151,144,0,141,146,0,136,32,12,6,0,162,49,6,0,1,0,247,224,
TMF8829_FRAME_HEADER,0,223,104,6,0,21,65,24,9,32,0,0,0,78,82,78,84,233,5,230,5,PAYLOAD,114,8,64,121,8,59,217,3,76,228,3,87,236,3,96,219,3,98,238,3,107,227,3,104,232,3,97,254,3,83,10,4,77,249,2,40,106,8,72,79,8,79,164,6,80,179,8,74,179,8,75,190,7,62,113,7,54,186,7,68,107,7,48,231,6,51,41,7,59,156,6,58,93,7,42,0,8,65,198,8,58,29,10,65,63,10,63,100,10,58,120,3,51,216,3,73,195,3,74,11,4,81,224,3,83,237,3,88,231,3,100,212,3,103,237,3,83,135,3,63,252,2,43,9,3,25,54,3,67,62,3,71,235,2,58,171,2,28,237,2,63,243,2,59,66,8,64,116,8,64,246,3,77,224,3,95,240,3,107,203,3,114,219,3,93,231,3,110,225,3,99,5,4,94,13,4,87,194,3,60,144,4,27,144,4,26,234,5,65,227,3,73,169,3,78,163,3,85,196,3,92,196,3,81,251,3,82,63,4,79,74,4,56,115,4,73,64,4,94,243,3,102,210,3,106,239,3,104,64,4,95,51,4,97,15,4,97,19,4,97,230,3,101,235,3,106,228,3,107,210,3,109,201,3,73,251,3,102,249,3,104,239,3,86,11,4,57,249,3,100,205,3,72,124,3,76,122,3,69,64,3,73,56,3,73,11,3,71,0,0,0,0,0,0,49,3,59,120,3,41,143,3,80,134,3,101,190,3,114,228,3,89,183,3,91,103,3,74,127,3,73,86,3,71,196,2,42,187,4,58,14,5,73,162,4,82,69,4,102,196,3,105,253,3,99,144,4,92,251,3,93,75,4,90,44,4,99,252,3,64,185,3,106,147,3,72,133,3,115,232,3,112,49,4,110,55,4,102,34,4,111,7,4,116,215,3,113,205,3,114,190,3,114,179,3,118,228,3,111,224,3,114,249,3,99,28,4,70,13,4,111,254,3,100,164,3,78,152,3,77,50,3,66,52,3,46,41,3,59,205,2,60,188,1,65,51,2,69,126,2,72,171,2,80,233,2,78,60,3,89,51,3,91,36,3,88,13,3,84,212,2,83,181,2,82,102,2,81,248,1,81,0,2,80,219,1,77,236,1,80,34,2,83,218,2,67,181,2,86,4,2,88,17,2,84,9,2,89,121,2,86,239,2,89,148,2,68,194,2,78,223,2,96,203,2,94,9,3,91,39,3,92,54,3,101,58,3,97,64,3,94,100,3,99,112,3,100,94,3,104,139,3,99,181,3,99,90,3,64,166,3,91,201,3,93,37,3,84,195,2,77,88,2,77,78,2,70,33,2,48,223,1,43,198,1,66,151,1,87,109,1,89,107,1,92,136,1,96,167,1,99,173,1,97,220,1,103,217,1,103,176,1,90,132,1,102,132,1,101,95,1,101,59,1,87,59,1,102,72,1,100,70,1,102,70,1,101,72,1,99,66,1,91,55,1,103,79,1,103,51,1,99,47,1,103,30,1,102,19,1,106,35,1,106,44,1,110,48,1,105,29,1,105,39,1,83,67,1,104,71,1,104,131,1,104,165,1,103,156,1,69,189,1,100,203,1,107,165,1,102,108,1,99,114,1,99,152,1,97,108,1,61,106,1,97,95,1,88,89,1,82,100,1,84,89,1,81,136,1,81,26,1,84,37,1,106,16,1,112,29,1,115,45,1,117,0,1,118,20,1,119,4,1,120,15,1,120,249,0,119,13,1,113,6,1,120,254,0,116,250,0,113,233,0,123,243,0,120,220,0,120,237,0,92,230,0,120,233,0,125,235,0,121,239,0,101,231,0,119,221,0,118,219,0,118,235,0,122,233,0,126,223,0,85,223,0,121,251,0,117,228,0,117,247,0,125,242,0,102,5,1,120,238,0,116,7,1,119,254,0,116,5,1,97,7,1,118,9,1,106,14,1,117,248,0,111,246,0,116,5,1,110,16,1,111,53,1,107,42,1,102,55,1,103,216,0,123,216,0,123,206,0,129,207,0,131,218,0,132,209,0,133,218,0,133,199,0,102,212,0,133,218,0,138,203,0,134,201,0,134,187,0,134,199,0,135,216,0,135,200,0,135,216,0,135,186,0,135,175,0,135,179,0,132,181,0,132,183,0,132,183,0,139,185,0,137,192,0,136,180,0,137,185,0,137,205,0,127,205,0,132,172,0,134,196,0,140,196,0,139,186,0,135,184,0,138,208,0,134,198,0,134,184,0,138,200,0,133,190,0,137,208,0,132,212,0,128,202,0,96,223,0,126,219,0,123,202,0,120,227,0,117,5,1,111,236,0,105,180,0,116,173,0,122,152,0,141,188,0,143,161,0,143,152,0,148,148,0,140,160,0,144,158,0,144,145,0,149,160,0,145,150,0,145,156,0,146,140,0,146,161,0,146,164,0,146,141,0,146,135,0,147,141,0,144,118,0,147,143,0,115,129,0,146,141,0,114,135,0,143,138,0,147,157,0,147,129,0,151,138,0,147,138,0,151,140,0,146,157,0,150,142,0,146,159,0,146,153,0,150,153,0,142,140,0,150,168,0,145,161,0,145,147,0,145,169,0,143,150,0,146,159,0,136,176,0,137,176,0,139,178,0,132,194,0,127,221,0,121,192,0,111,179,0,153,187,0,151,173,0,151,177,0,118,185,0,153,163,0,163,161,0,154,161,0,150,163,0,163,184,0,150,169,0,154,178,0,159,168,0,154,137,0,155,154,0,154,150,0,155,157,0,152,155,0,155,156,0,155,141,0,155,135,0,152,152,0,154,160,0,150,146,0,156,157,0,153,145,0,160,155,0,156,165,0,156,150,0,156,151,0,156,161,0,156,150,0,160,121,0,134,165,0,155,149,0,155,136,0,152,168,0,115,157,0,155,151,0,153,165,0,152,165,0,155,174,0,149,170,0,145,189,0,143,192,0,139,209,0,123,225,0,128,219,0,126,146,0,155,138,0,162,136,0,163,133,0,160,118,0,131,124,0,165,127,0,161,131,0,162,121,0,166,116,0,172,127,0,166,133,0,162,123,0,162,123,0,151,117,0,167,123,0,163,123,0,163,113,0,168,113,0,168,94,0,133,107,0,162,113,0,166,118,0,160,131,0,158,112,0,164,121,0,168,102,0,131,115,0,163,103,0,152,109,0,138,107,0,163,99,0,167,105,0,168,103,0,163,111,0,163,101,0,159,107,0,162,119,0,166,121,0,157,127,0,150,134,0,157,136,0,159,151,0,157,151,0,149,183,0,145,182,0,144,198,0,134,207,0,128,127,0,162,143,0,167,101,0,169,106,0,165,102,0,162,88,0,170,111,0,166,107,0,171,113,0,171,106,0,167,86,0,167,84,0,171,88,0,171,92,0,168,97,0,168,86,0,168,67,0,168,81,0,173,79,0,153,83,0,164,65,0,142,95,0,176,103,0,169,101,0,168,95,0,144,80,0,173,93,0,173,74,0,173,89,0,169,79,0,173,100,0,173,93,0,178,76,0,165,97,0,172,93,0,164,76,0,168,107,0,177,91,0,176,82,0,169,123,0,168,115,0,144,112,0,164,138,0,157,150,0,150,163,0,158,178,0,142,185,0,136,192,0,128,95,0,163,88,0,168,90,0,169,81,0,174,84,0,170,86,0,174,84,0,180,61,0,175,48,0,167,69,0,171,46,0,180,56,0,168,65,0,171,42,0,172,63,0,172,42,0,176,53,0,171,44,0,182,36,0,176,36,0,171,46,0,171,83,0,163,90,0,168,104,0,171,66,0,177,74,0,172,56,0,182,57,0,143,57,0,137,40,0,176,45,0,175,29,0,172,39,0,168,41,0,176,37,0,172,78,0,175,45,0,175,61,0,170,62,0,179,84,0,167,111,0,169,93,0,162,132,0,160,143,0,160,157,0,124,180,0,145,180,0,149,194,0,125,54,0,171,61,0,165,40,0,169,36,0,172,17,0,177,30,0,173,41,0,183,41,0,165,7,0,170,9,0,173,24,0,177,11,0,183,21,0,178,24,0,184,11,0,174,3,0,171,26,0,184,31,0,178,42,0,170,19,0,173,36,0,182,61,0,172,69,0,171,82,0,173,26,0,175,10,0,185,16,0,185,16,0,158,16,0,179,6,0,184,8,0,179,23,0,174,6,0,164,10,0,179,14,0,184,1,0,178,18,0,178,33,0,150,27,0,181,69,0,169,65,0,168,89,0,170,99,0,167,142,0,158,159,0,163,166,0,152,174,0,142,172,0,135,42,0,177,33,0,177,31,0,178,14,0,178,18,0,170,12,0,174,0,0,182,2,0,173,0,0,171,0,0,179,3,0,174,5,0,179,0,0,174,0,0,179,0,0,179,0,0,156,7,0,184,5,0,178,0,0,174,0,0,174,20,0,172,34,0,176,65,0,175,82,0,179,16,0,180,0,0,180,0,0,180,0,0,181,0,0,186,0,0,181,0,0,176,0,0,185,0,0,175,0,0,180,0,0,180,0,0,175,0,0,179,12,0,178,17,0,177,53,0,175,65,0,169,70,0,170,99,0,163,127,0,159,129,0,154,162,0,149,159,0,143,168,0,137,26,0,168,50,0,177,1,0,177,17,0,183,2,0,158,7,0,184,0,0,174,1,0,156,0,0,174,5,0,178,0,0,183,0,0,162,0,0,161,0,0,174,0,0,184,0,0,174,0,0,184,22,0,178,2,0,177,9,0,177,19,0,176,67,0,167,75,0,145,73,0,171,0,0,181,0,0,176,0,0,181,0,0,176,0,0,169,0,0,176,0,0,180,0,0,186,0,0,185,0,0,185,0,0,178,0,0,175,0,0,184,0,0,150,19,0,176,37,0,174,37,0,172,74,0,138,106,0,136,119,0,162,121,0,146,159,0,147,167,0,139,153,0,137,37,0,175,50,0,172,44,0,176,26,0,172,30,0,165,31,0,176,18,0,150,42,0,176,40,0,176,30,0,140,42,0,177,28,0,182,21,0,172,17,0,169,22,0,176,36,0,176,28,0,176,34,0,167,44,0,175,52,0,170,65,0,168,84,0,171,111,0,140,109,0,161,14,0,175,0,0,180,0,0,172,0,0,174,0,0,180,0,0,184,18,0,161,0,0,175,0,0,179,0,0,184,0,0,178,16,0,174,23,0,173,31,0,176,33,0,175,57,0,168,61,0,170,93,0,163,125,0,160,129,0,159,123,0,146,142,0,149,138,0,136,144,0,122,34,57,6,0,164,94,6,0,1,0,247,224,
TMF8829_FRAME_HEADER,0,89,157,6,0,21,1,24,9,33,0,0,0,78,82,78,84,231,5,227,5,PAYLOAD,116,8,65,61,8,46,211,3,74,226,3,82,222,3,92,209,3,102,233,3,107,236,3,100,234,3,92,244,3,84,7,4,74,26,7,19,139,8,74,142,8,74,60,7,55,204,8,75,173,8,24,211,7,59,160,7,52,130,7,15,178,7,53,136,7,59,38,8,18,211,7,26,209,7,59,86,8,61,143,8,57,223,9,58,69,10,68,122,10,62,125,10,54,237,8,45,181,8,19,186,2,42,2,3,45,39,3,48,139,3,30,137,12,55,89,3,51,247,12,53,101,13,52,131,13,46,248,2,61,94,3,14,202,2,61,187,2,34,219,2,32,246,2,55,114,8,55,177,7,46,240,3,73,238,3,90,241,3,101,209,3,109,214,3,113,210,3,114,219,3,96,236,3,95,244,3,82,117,3,22,194,6,48,96,8,66,146,6,99,123,8,69,146,8,70,149,3,71,163,3,72,7,4,71,70,4,72,244,3,63,100,4,70,86,4,71,181,3,73,179,3,77,151,3,77,255,3,59,51,4,89,15,4,88,50,4,87,48,4,96,252,3,98,2,4,103,230,3,104,206,3,106,220,3,111,203,3,109,213,3,96,189,3,24,179,3,66,186,3,74,151,3,77,102,3,66,59,3,76,60,3,74,62,3,80,46,3,73,55,8,44,47,8,50,220,3,74,238,3,50,226,3,103,185,3,117,191,3,153,241,3,132,189,3,100,244,3,94,240,3,86,184,3,64,0,0,0,200,4,41,136,4,29,5,4,73,241,3,101,174,3,101,159,3,99,162,3,87,215,3,94,43,4,93,77,4,91,71,4,97,50,4,97,12,4,112,229,3,87,202,3,109,253,3,108,7,4,108,228,3,112,219,3,108,182,3,112,174,3,108,183,3,108,182,3,106,193,3,111,253,3,104,237,3,103,252,3,96,2,4,105,5,4,102,218,3,86,150,3,41,106,3,71,79,3,67,15,3,60,219,2,61,0,0,0,0,0,0,222,1,64,208,2,65,250,2,38,77,3,89,95,3,109,40,3,81,4,3,75,242,2,69,198,2,73,2,3,75,12,3,58,234,2,77,187,4,79,150,4,62,58,4,87,211,3,100,186,3,92,112,4,89,152,4,81,102,4,86,82,4,90,23,4,89,112,3,95,83,3,101,133,3,98,241,3,103,6,4,91,59,4,106,30,4,106,253,3,105,244,3,92,209,3,112,203,3,116,193,3,111,224,3,111,199,3,101,182,3,89,221,3,61,1,4,96,199,3,87,79,3,75,43,3,33,49,3,40,227,2,71,190,2,64,73,2,60,196,1,38,188,1,74,221,1,87,254,1,87,48,2,90,142,2,93,175,2,106,140,2,82,69,2,94,47,2,93,246,1,92,174,1,69,130,1,91,111,1,84,101,1,90,119,1,69,111,1,92,162,1,93,173,1,89,119,1,92,117,1,59,119,1,94,92,1,93,105,1,93,43,1,103,86,1,104,151,1,100,103,1,99,128,1,85,127,1,99,210,1,98,33,2,98,91,2,83,113,2,98,150,2,99,203,2,72,226,2,98,219,2,85,37,2,81,132,2,92,188,2,92,13,2,88,222,1,85,166,1,80,204,1,80,161,1,74,133,1,78,105,1,69,77,1,94,62,1,104,75,1,103,43,1,106,77,1,113,75,1,90,72,1,111,64,1,85,58,1,111,45,1,111,18,1,107,32,1,111,24,1,111,31,1,108,29,1,103,28,1,108,248,0,111,250,0,111,19,1,112,26,1,108,16,1,112,4,1,77,252,0,111,254,0,110,5,1,113,240,0,80,26,1,79,1,1,113,19,1,122,15,1,112,35,1,112,17,1,116,20,1,112,22,1,87,46,1,111,72,1,115,52,1,108,73,1,100,45,1,108,52,1,93,31,1,107,38,1,104,45,1,107,39,1,97,26,1,97,35,1,94,63,1,86,66,1,85,252,0,115,0,1,118,246,0,121,228,0,108,224,0,134,233,0,122,224,0,131,216,0,132,226,0,103,232,0,112,209,0,132,229,0,124,213,0,137,216,0,137,210,0,128,214,0,128,195,0,128,200,0,128,235,0,129,205,0,88,183,0,128,205,0,128,188,0,127,190,0,122,208,0,129,217,0,130,201,0,126,206,0,133,200,0,129,210,0,105,212,0,115,206,0,128,217,0,132,215,0,127,225,0,127,224,0,127,239,0,112,214,0,126,232,0,126,227,0,122,218,0,103,228,0,122,235,0,101,229,0,82,15,1,114,9,1,106,237,0,101,255,0,103,218,0,131,186,0,123,173,0,135,182,0,109,190,0,139,173,0,138,177,0,110,188,0,140,203,0,137,181,0,141,177,0,141,152,0,109,177,0,141,161,0,140,182,0,107,154,0,140,166,0,140,160,0,141,185,0,142,154,0,142,156,0,141,177,0,100,146,0,144,148,0,142,180,0,146,198,0,139,174,0,141,191,0,141,178,0,145,162,0,140,161,0,140,167,0,136,174,0,136,169,0,140,178,0,145,177,0,136,200,0,140,178,0,141,166,0,139,173,0,138,214,0,138,177,0,131,188,0,133,221,0,134,177,0,125,225,0,126,219,0,98,237,0,114,181,0,142,185,0,149,171,0,146,167,0,148,179,0,149,169,0,149,182,0,149,167,0,114,165,0,149,156,0,150,171,0,154,153,0,154,173,0,151,166,0,151,160,0,155,156,0,148,167,0,151,142,0,156,158,0,152,139,0,152,148,0,148,154,0,150,146,0,127,152,0,144,172,0,152,155,0,156,143,0,152,146,0,156,159,0,152,158,0,148,150,0,152,163,0,133,151,0,151,161,0,155,151,0,151,154,0,150,165,0,155,159,0,150,166,0,150,169,0,149,186,0,148,166,0,141,182,0,146,184,0,138,186,0,126,213,0,132,246,0,122,226,0,119,159,0,149,167,0,158,138,0,155,150,0,160,131,0,143,129,0,157,144,0,158,129,0,158,134,0,158,137,0,158,136,0,158,119,0,162,121,0,159,133,0,169,127,0,163,140,0,126,125,0,147,127,0,170,115,0,165,120,0,146,109,0,159,128,0,158,131,0,128,133,0,149,144,0,161,119,0,165,137,0,140,131,0,164,117,0,160,115,0,160,123,0,160,144,0,160,124,0,164,138,0,159,129,0,159,135,0,163,138,0,147,133,0,158,132,0,157,123,0,156,133,0,154,143,0,156,174,0,149,172,0,142,175,0,142,194,0,134,207,0,127,222,0,121,126,0,159,129,0,165,120,0,167,115,0,163,131,0,168,102,0,168,113,0,168,90,0,168,99,0,164,96,0,169,104,0,169,98,0,165,94,0,162,113,0,161,80,0,140,96,0,166,92,0,170,98,0,166,96,0,166,84,0,162,94,0,165,105,0,168,113,0,167,111,0,129,99,0,167,93,0,171,89,0,167,85,0,171,95,0,166,90,0,166,112,0,166,83,0,166,75,0,166,85,0,147,87,0,166,109,0,175,103,0,169,86,0,174,85,0,160,111,0,162,117,0,160,115,0,158,142,0,155,144,0,151,154,0,151,194,0,141,184,0,135,190,0,134,101,0,165,86,0,150,88,0,171,83,0,168,79,0,172,80,0,173,67,0,169,90,0,149,61,0,165,75,0,179,71,0,163,61,0,174,63,0,174,63,0,174,57,0,174,63,0,174,48,0,170,46,0,170,62,0,164,58,0,174,60,0,174,62,0,165,100,0,177,94,0,170,62,0,171,53,0,171,67,0,171,61,0,175,59,0,171,47,0,175,65,0,170,40,0,166,38,0,174,72,0,174,47,0,179,46,0,170,53,0,169,66,0,172,84,0,140,99,0,138,82,0,164,100,0,165,128,0,134,145,0,158,152,0,118,184,0,144,171,0,118,177,0,131,75,0,132,71,0,174,61,0,180,26,0,181,30,0,167,28,0,171,34,0,172,26,0,177,28,0,173,30,0,172,7,0,177,9,0,173,34,0,183,22,0,177,28,0,183,32,0,149,31,0,183,18,0,156,28,0,177,36,0,182,37,0,176,71,0,171,67,0,174,84,0,172,22,0,178,35,0,174,27,0,178,28,0,154,33,0,170,17,0,153,31,0,170,10,0,174,28,0,178,26,0,173,31,0,183,15,0,177,42,0,177,44,0,172,47,0,146,50,0,165,71,0,155,100,0,164,107,0,161,125,0,162,139,0,152,159,0,151,164,0,108,171,0,139,52,0,176,31,0,176,7,0,183,13,0,178,35,0,178,10,0,165,4,0,177,7,0,183,0,0,178,0,0,184,0,0,154,0,0,179,5,0,174,0,0,174,0,0,185,0,0,185,0,0,179,3,0,178,0,0,179,40,0,167,0,0,177,36,0,177,36,0,171,77,0,166,12,0,180,2,0,180,0,0,186,0,0,180,0,0,185,0,0,180,0,0,179,0,0,176,0,0,180,4,0,175,0,0,179,0,0,185,20,0,184,0,0,178,24,0,169,33,0,175,59,0,146,73,0,166,95,0,163,117,0,150,139,0,164,163,0,148,164,0,147,160,0,141,28,0,177,16,0,178,18,0,183,30,0,178,0,0,178,1,0,174,11,0,174,0,0,174,0,0,179,0,0,161,0,0,178,1,0,178,0,0,178,0,0,178,0,0,179,7,0,166,0,0,184,0,0,179,0,0,174,11,0,173,1,0,171,34,0,181,34,0,175,71,0,159,7,0,186,0,0,180,0,0,186,0,0,180,0,0,185,0,0,186,0,0,169,0,0,186,0,0,172,0,0,175,0,0,185,0,0,170,0,0,183,0,0,183,3,0,172,33,0,170,35,0,178,50,0,175,99,0,168,108,0,159,111,0,145,155,0,148,142,0,147,137,0,142,63,0,169,24,0,182,37,0,173,9,0,183,12,0,178,37,0,178,35,0,178,12,0,164,0,0,170,17,0,153,20,0,183,18,0,178,11,0,184,0,0,178,5,0,158,4,0,149,15,0,177,1,0,183,15,0,182,19,0,176,44,0,138,44,0,169,71,0,171,88,0,169,0,0,175,0,0,180,0,0,186,0,0,185,0,0,179,0,0,180,0,0,186,0,0,180,0,0,180,0,0,175,0,0,179,0,0,178,27,0,178,2,0,157,32,0,172,42,0,179,63,0,161,77,0,161,82,0,171,123,0,157,126,0,118,142,0,147,140,0,141,147,0,137,200,109,6,0,74,147,6,0,1,0,247,224,
TMF8829_FRAME_HEADER,0,130,202,6,0,21,65,24,9,34,0,0,0,78,82,78,84,235,5,229,5,PAYLOAD,162,8,69,84,8,55,238,3,73,222,3,92,225,3,96,224,3,105,236,3,103,220,3,100,219,3,93,244,3,92,14,4,74,65,3,38,140,8,71,57,8,74,166,6,75,177,8,74,172,8,80,211,7,61,149,7,58,187,7,60,4,7,41,214,6,50,247,6,54,158,6,57,173,7,42,219,7,65,165,8,52,28,10,69,50,10,63,128,10,66,180,3,51,192,3,70,215,3,77,238,3,79,234,3,84,234,3,94,223,3,96,208,3,99,242,3,80,103,3,51,22,3,43,251,2,25,33,3,48,76,3,71,212,2,61,224,2,34,208,2,57,244,2,59,129,8,63,112,8,67,240,3,76,215,3,96,233,3,107,209,3,114,221,3,93,224,3,107,223,3,98,251,3,98,254,3,83,168,3,55,0,0,0,176,4,33,124,6,50,236,3,70,154,3,78,165,3,85,190,3,91,193,3,90,40,4,79,27,4,82,45,4,55,125,4,73,63,4,95,242,3,106,223,3,111,234,3,109,59,4,99,56,4,97,10,4,97,29,4,95,235,3,102,234,3,106,227,3,103,211,3,108,204,3,72,253,3,100,246,3,108,242,3,86,253,3,58,246,3,105,212,3,79,134,3,69,115,3,67,97,3,76,48,3,69,40,3,68,0,0,0,195,2,27,47,3,64,126,3,44,129,3,84,139,3,101,179,3,113,221,3,89,185,3,92,132,3,74,131,3,73,91,3,66,0,0,0,226,4,57,16,5,74,164,4,81,54,4,101,198,3,115,244,3,103,137,4,96,13,4,93,73,4,86,41,4,95,242,3,64,184,3,105,150,3,71,138,3,110,238,3,113,25,4,100,48,4,111,25,4,108,14,4,108,212,3,109,197,3,114,193,3,114,176,3,114,227,3,107,223,3,111,246,3,103,34,4,71,15,4,112,251,3,103,185,3,77,136,3,73,43,3,79,36,3,62,43,3,64,245,2,58,26,2,63,95,2,69,164,2,73,188,2,75,230,2,81,51,3,93,60,3,92,40,3,88,0,3,85,183,2,83,174,2,81,46,2,80,215,1,81,221,1,81,205,1,81,243,1,81,74,2,88,200,2,66,191,2,86,108,2,84,31,2,84,248,1,85,98,2,87,226,2,89,131,2,68,201,2,80,232,2,92,183,2,94,0,3,95,36,3,95,42,3,96,88,3,97,76,3,94,106,3,103,119,3,96,103,3,99,130,3,99,172,3,99,87,3,66,165,3,94,193,3,90,38,3,84,183,2,77,113,2,80,106,2,70,132,2,46,21,2,43,145,1,64,134,1,87,91,1,93,121,1,97,115,1,96,148,1,99,190,1,106,215,1,107,194,1,103,178,1,88,118,1,98,121,1,102,116,1,101,68,1,88,48,1,101,70,1,97,87,1,101,67,1,102,66,1,103,64,1,90,55,1,113,70,1,102,60,1,103,36,1,107,47,1,102,26,1,106,38,1,103,49,1,106,43,1,99,32,1,105,43,1,81,55,1,104,81,1,104,128,1,104,144,1,100,147,1,69,179,1,100,179,1,108,151,1,103,105,1,99,136,1,95,155,1,102,97,1,62,109,1,100,94,1,92,94,1,85,95,1,84,92,1,78,122,1,78,20,1,84,34,1,114,26,1,109,27,1,114,34,1,117,2,1,123,26,1,119,13,1,120,4,1,120,254,0,124,5,1,110,13,1,124,244,0,119,243,0,111,231,0,116,237,0,120,217,0,120,243,0,92,235,0,121,223,0,121,237,0,125,244,0,99,228,0,119,223,0,115,218,0,121,234,0,122,234,0,121,226,0,86,222,0,121,245,0,114,224,0,120,243,0,120,239,0,102,0,1,124,237,0,120,8,1,124,0,1,116,8,1,97,4,1,114,8,1,104,21,1,116,241,0,111,245,0,112,4,1,110,8,1,107,37,1,102,33,1,98,45,1,90,214,0,123,216,0,123,208,0,129,205,0,135,207,0,132,214,0,133,220,0,133,192,0,102,211,0,133,216,0,134,196,0,134,207,0,134,181,0,135,196,0,135,222,0,135,202,0,135,216,0,131,184,0,132,169,0,134,176,0,136,183,0,140,177,0,135,180,0,131,187,0,129,190,0,137,175,0,137,190,0,137,201,0,127,208,0,140,173,0,134,192,0,135,199,0,135,183,0,131,179,0,134,207,0,134,195,0,134,179,0,138,199,0,133,195,0,137,203,0,133,222,0,125,207,0,96,226,0,126,222,0,123,199,0,116,222,0,116,253,0,111,234,0,105,175,0,117,166,0,122,154,0,140,182,0,143,158,0,148,150,0,143,146,0,148,157,0,144,160,0,144,139,0,144,157,0,149,148,0,145,154,0,150,133,0,150,156,0,150,162,0,146,134,0,151,141,0,143,139,0,147,114,0,147,148,0,115,131,0,142,138,0,113,137,0,143,141,0,141,156,0,151,126,0,147,137,0,147,137,0,147,141,0,146,156,0,146,141,0,150,156,0,146,152,0,150,152,0,146,141,0,150,167,0,138,160,0,145,144,0,149,172,0,148,145,0,139,156,0,136,172,0,137,172,0,139,175,0,131,188,0,127,216,0,121,201,0,106,181,0,149,180,0,151,171,0,151,171,0,119,174,0,153,165,0,157,159,0,154,154,0,150,165,0,163,182,0,155,162,0,154,180,0,154,162,0,158,134,0,155,152,0,154,148,0,159,150,0,159,157,0,155,150,0,160,134,0,155,137,0,155,154,0,151,153,0,157,148,0,152,156,0,156,141,0,152,152,0,156,164,0,160,149,0,156,152,0,155,156,0,156,149,0,155,126,0,134,164,0,155,148,0,159,137,0,152,167,0,115,156,0,159,152,0,153,167,0,156,164,0,150,175,0,149,173,0,145,193,0,140,193,0,136,216,0,125,224,0,128,224,0,118,144,0,155,131,0,157,131,0,163,131,0,160,110,0,131,126,0,161,129,0,161,120,0,171,123,0,171,117,0,172,124,0,166,135,0,162,121,0,166,111,0,149,119,0,167,117,0,167,111,0,168,116,0,164,111,0,168,87,0,134,109,0,159,111,0,161,114,0,160,133,0,158,111,0,174,123,0,164,103,0,130,113,0,168,102,0,154,110,0,139,110,0,167,102,0,163,106,0,173,102,0,167,110,0,167,102,0,159,110,0,159,118,0,166,118,0,165,122,0,150,133,0,157,137,0,155,146,0,152,150,0,153,181,0,145,181,0,144,193,0,134,208,0,128,122,0,166,136,0,167,103,0,169,100,0,170,95,0,162,90,0,166,113,0,166,104,0,163,116,0,167,104,0,171,79,0,167,86,0,171,90,0,171,85,0,172,95,0,177,84,0,168,60,0,172,83,0,173,81,0,152,79,0,164,67,0,142,93,0,170,100,0,165,103,0,168,94,0,144,79,0,169,90,0,168,77,0,173,88,0,169,84,0,169,99,0,169,92,0,169,73,0,169,99,0,168,92,0,168,77,0,172,106,0,171,94,0,171,87,0,169,122,0,168,113,0,144,110,0,160,137,0,157,149,0,157,160,0,148,181,0,142,188,0,137,188,0,130,93,0,166,81,0,172,95,0,174,79,0,174,77,0,174,84,0,174,82,0,174,58,0,175,53,0,171,67,0,171,39,0,171,58,0,171,63,0,171,39,0,176,65,0,176,40,0,176,50,0,176,46,0,176,34,0,172,33,0,168,48,0,180,81,0,163,83,0,178,106,0,171,65,0,182,69,0,176,57,0,177,56,0,142,56,0,138,41,0,176,48,0,175,32,0,168,36,0,162,40,0,176,36,0,172,79,0,175,48,0,175,60,0,170,63,0,173,83,0,171,113,0,169,94,0,172,131,0,164,146,0,156,154,0,125,183,0,146,179,0,139,199,0,130,56,0,175,54,0,168,42,0,169,34,0,177,10,0,177,32,0,177,39,0,178,36,0,165,9,0,174,7,0,173,17,0,177,13,0,178,19,0,183,17,0,184,13,0,178,1,0,179,19,0,174,33,0,184,40,0,174,12,0,170,34,0,176,59,0,176,62,0,171,81,0,173,25,0,175,9,0,179,17,0,185,15,0,159,15,0,184,7,0,179,7,0,179,22,0,184,3,0,164,9,0,179,13,0,174,2,0,174,21,0,183,32,0,151,28,0,176,68,0,179,60,0,168,87,0,166,102,0,162,141,0,168,164,0,153,165,0,147,173,0,146,177,0,139,40,0,172,26,0,173,33,0,178,12,0,183,11,0,174,14,0,178,0,0,177,0,0,177,0,0,174,0,0,178,0,0,179,7,0,174,0,0,174,0,0,184,0,0,174,0,0,159,0,0,184,7,0,178,0,0,174,0,0,178,22,0,172,32,0,176,58,0,171,84,0,173,15,0,186,0,0,186,0,0,186,0,0,186,0,0,181,0,0,186,0,0,176,0,0,180,0,0,175,0,0,180,0,0,185,0,0,175,0,0,179,11,0,183,15,0,177,52,0,171,64,0,179,71,0,171,102,0,167,126,0,163,130,0,159,165,0,149,158,0,143,165,0,141,24,0,172,46,0,182,3,0,177,15,0,178,0,0,157,9,0,174,0,0,174,0,0,158,0,0,178,7,0,178,0,0,178,0,0,164,0,0,165,0,0,165,0,0,179,0,0,174,0,0,184,24,0,174,0,0,173,2,0,177,21,0,171,62,0,171,68,0,147,75,0,171,0,0,176,0,0,180,0,0,181,0,0,180,0,0,169,0,0,180,0,0,180,0,0,176,0,0,185,0,0,185,0,0,178,0,0,179,1,0,178,0,0,151,20,0,182,36,0,174,40,0,172,75,0,139,105,0,136,118,0,158,118,0,146,162,0,147,162,0,142,150,0,134,35,0,168,43,0,176,46,0,176,24,0,176,23,0,165,33,0,176,16,0,150,34,0,176,42,0,176,28,0,141,39,0,182,30,0,177,22,0,172,10,0,172,24,0,182,34,0,172,21,0,172,36,0,175,46,0,175,45,0,174,67,0,168,86,0,166,104,0,139,111,0,170,13,0,175,0,0,175,0,0,175,0,0,178,0,0,180,0,0,179,17,0,163,0,0,185,0,0,179,0,0,179,0,0,184,17,0,178,22,0,177,30,0,176,34,0,175,56,0,168,60,0,170,94,0,173,120,0,164,128,0,155,124,0,154,137,0,144,137,0,140,145,0,120,202,154,6,0,76,192,6,0,1,0,247,224,
TMF8829_FRAME_HEADER,0,9,255,6,0,21,1,24,9,35,0,0,0,78,82,79,84,229,5,226,5,PAYLOAD,125,8,64,181,3,45,239,3,73,225,3,87,221,3,97,201,3,102,235,3,99,239,3,97,231,3,92,246,3,83,17,4,72,16,2,22,148,8,72,122,8,69,255,6,53,183,8,71,133,8,30,197,7,63,159,7,56,20,7,19,97,7,51,138,7,56,239,7,17,200,7,27,50,8,58,69,8,61,136,8,50,228,9,60,64,10,63,69,10,61,152,10,53,235,8,44,165,2,39,164,2,42,253,2,45,98,3,61,86,3,29,78,3,52,98,3,52,248,12,50,84,13,52,155,13,41,206,2,63,31,3,16,203,2,39,222,2,55,176,2,27,21,3,57,80,8,54,171,3,55,226,3,76,213,3,91,244,3,100,218,3,105,216,3,113,212,3,109,228,3,96,238,3,91,246,3,79,192,3,22,224,6,44,107,8,69,140,6,99,114,8,63,173,8,74,162,3,74,211,3,65,9,4,71,98,4,69,33,4,63,103,4,65,71,4,74,171,3,73,159,3,77,137,3,63,221,3,57,42,4,86,24,4,91,39,4,89,50,4,96,249,3,101,252,3,99,217,3,104,211,3,106,217,3,111,213,3,108,218,3,97,171,3,25,167,3,68,194,3,71,152,3,76,55,3,66,91,3,74,73,3,70,45,3,69,66,3,65,80,8,40,27,8,51,233,3,69,247,3,46,229,3,99,190,3,113,193,3,152,240,3,128,190,3,100,250,3,98,231,3,83,177,3,64,0,0,0,211,4,37,137,4,30,22,4,73,233,3,97,167,3,104,168,3,98,161,3,87,212,3,103,29,4,97,68,4,88,72,4,104,47,4,97,11,4,104,222,3,86,194,3,106,0,4,108,5,4,112,237,3,108,206,3,104,183,3,108,175,3,108,178,3,108,183,3,109,194,3,111,0,4,104,238,3,107,250,3,96,249,3,109,2,4,110,231,3,81,165,3,37,127,3,70,95,3,71,251,2,62,38,3,61,0,0,0,0,0,0,168,2,69,233,2,69,253,2,39,74,3,89,93,3,101,39,3,77,253,2,70,18,3,71,209,2,69,15,3,74,7,3,56,224,2,73,153,4,73,171,4,61,60,4,87,212,3,91,184,3,92,126,4,84,172,4,74,88,4,85,81,4,94,252,3,89,109,3,66,74,3,106,141,3,94,238,3,102,253,3,91,30,4,95,31,4,106,4,4,104,238,3,88,217,3,111,197,3,112,194,3,111,233,3,106,197,3,96,191,3,93,233,3,61,0,4,101,195,3,76,110,3,75,21,3,41,7,3,43,251,2,71,111,2,65,194,2,71,221,1,37,187,1,72,210,1,82,38,2,91,71,2,94,132,2,98,158,2,96,146,2,85,97,2,91,27,2,90,236,1,92,179,1,69,105,1,91,129,1,87,110,1,91,98,1,66,129,1,92,167,1,102,170,1,94,133,1,93,114,1,60,121,1,97,106,1,93,110,1,98,44,1,99,94,1,97,95,1,104,111,1,100,107,1,85,120,1,98,185,1,98,44,2,94,60,2,83,110,2,95,172,2,93,204,2,72,214,2,99,206,2,85,77,2,83,114,2,96,172,2,92,7,2,84,196,1,90,169,1,87,205,1,82,170,1,78,136,1,74,117,1,69,87,1,93,61,1,105,76,1,107,52,1,106,65,1,108,80,1,89,78,1,111,59,1,88,59,1,108,51,1,111,25,1,115,25,1,111,22,1,111,23,1,111,34,1,99,34,1,111,244,0,112,7,1,111,24,1,112,17,1,106,13,1,112,26,1,76,251,0,116,2,1,110,6,1,113,247,0,80,27,1,78,254,0,118,6,1,113,16,1,116,32,1,112,20,1,116,21,1,108,30,1,86,38,1,111,73,1,111,57,1,111,80,1,101,43,1,113,53,1,93,14,1,107,27,1,109,53,1,99,38,1,100,35,1,97,47,1,94,58,1,89,78,1,84,250,0,119,243,0,118,236,0,121,237,0,107,223,0,125,234,0,126,230,0,123,223,0,124,230,0,106,234,0,114,208,0,127,223,0,121,215,0,124,219,0,127,211,0,128,212,0,128,189,0,132,201,0,128,241,0,129,204,0,88,187,0,128,207,0,128,191,0,127,191,0,119,209,0,134,220,0,129,189,0,126,214,0,129,203,0,133,207,0,106,209,0,113,197,0,128,214,0,128,213,0,124,216,0,127,229,0,127,240,0,112,217,0,123,244,0,126,232,0,130,213,0,103,229,0,119,232,0,103,232,0,82,20,1,113,10,1,114,232,0,101,7,1,95,220,0,135,185,0,121,174,0,139,188,0,110,193,0,149,174,0,143,175,0,110,191,0,140,208,0,137,187,0,141,172,0,140,153,0,108,179,0,151,164,0,144,183,0,107,160,0,141,165,0,145,157,0,145,183,0,142,157,0,138,157,0,138,179,0,101,149,0,139,145,0,138,181,0,142,193,0,142,175,0,141,192,0,142,177,0,145,159,0,140,166,0,150,170,0,136,171,0,149,170,0,140,173,0,140,182,0,140,205,0,140,173,0,136,167,0,135,174,0,138,209,0,134,178,0,134,193,0,137,220,0,126,178,0,129,222,0,122,214,0,100,234,0,111,179,0,145,184,0,144,168,0,146,173,0,152,178,0,145,166,0,153,184,0,149,162,0,113,166,0,146,154,0,154,170,0,150,154,0,150,175,0,151,165,0,151,157,0,155,161,0,151,166,0,155,143,0,151,160,0,156,138,0,152,153,0,151,156,0,147,145,0,127,153,0,152,170,0,152,158,0,152,144,0,152,147,0,152,158,0,156,163,0,148,151,0,151,162,0,133,155,0,155,162,0,151,150,0,151,159,0,150,166,0,151,158,0,150,167,0,154,166,0,149,177,0,147,159,0,144,175,0,142,183,0,138,187,0,126,214,0,132,245,0,125,230,0,124,165,0,152,170,0,154,139,0,159,149,0,160,130,0,147,126,0,157,146,0,162,128,0,158,135,0,162,139,0,162,135,0,158,120,0,162,123,0,159,132,0,159,132,0,159,142,0,127,124,0,147,128,0,160,122,0,165,123,0,153,110,0,159,130,0,163,126,0,129,138,0,149,148,0,165,118,0,160,138,0,140,132,0,164,115,0,156,113,0,160,124,0,160,139,0,164,125,0,169,139,0,159,124,0,156,136,0,159,139,0,147,132,0,163,133,0,162,120,0,156,128,0,164,148,0,152,175,0,149,171,0,145,180,0,138,199,0,137,203,0,131,227,0,125,128,0,163,128,0,165,121,0,172,113,0,167,130,0,164,103,0,164,115,0,164,89,0,164,104,0,164,98,0,175,103,0,169,99,0,165,92,0,159,112,0,169,81,0,139,98,0,170,91,0,166,99,0,171,102,0,170,83,0,165,95,0,161,107,0,168,115,0,163,112,0,130,100,0,167,92,0,171,93,0,171,86,0,171,94,0,166,91,0,166,113,0,176,82,0,166,76,0,170,86,0,146,86,0,170,110,0,170,104,0,169,85,0,169,86,0,168,117,0,166,115,0,165,117,0,158,143,0,152,147,0,151,152,0,147,195,0,147,186,0,139,187,0,129,103,0,161,85,0,150,92,0,171,88,0,168,78,0,178,81,0,168,69,0,166,89,0,149,62,0,162,77,0,169,70,0,166,62,0,174,65,0,174,62,0,174,58,0,174,65,0,174,47,0,166,47,0,170,64,0,167,57,0,174,61,0,174,64,0,168,99,0,163,91,0,165,60,0,175,52,0,175,64,0,175,62,0,175,58,0,175,44,0,171,66,0,170,42,0,170,40,0,174,69,0,174,46,0,174,47,0,174,54,0,169,69,0,172,85,0,139,96,0,139,81,0,164,101,0,165,129,0,134,144,0,154,157,0,119,181,0,147,174,0,119,178,0,128,77,0,132,70,0,180,62,0,181,32,0,171,33,0,171,25,0,176,36,0,176,25,0,182,29,0,177,32,0,172,6,0,177,10,0,173,36,0,173,21,0,177,29,0,177,34,0,148,34,0,178,15,0,156,30,0,173,35,0,177,35,0,176,69,0,181,66,0,174,85,0,168,23,0,183,34,0,174,28,0,174,29,0,155,32,0,178,18,0,156,32,0,174,13,0,174,25,0,178,27,0,170,30,0,183,16,0,183,43,0,177,43,0,176,48,0,145,51,0,168,70,0,158,101,0,168,108,0,161,124,0,154,140,0,152,160,0,143,167,0,108,176,0,134,54,0,172,27,0,176,8,0,177,15,0,174,34,0,178,11,0,174,6,0,177,2,0,183,0,0,178,0,0,178,0,0,154,0,0,184,11,0,174,0,0,178,0,0,179,0,0,185,0,0,179,0,0,178,0,0,179,38,0,173,4,0,182,38,0,172,31,0,175,78,0,169,13,0,180,1,0,180,0,0,186,0,0,186,0,0,180,0,0,185,0,0,185,0,0,169,0,0,180,5,0,175,0,0,185,0,0,179,21,0,178,0,0,183,25,0,169,31,0,175,58,0,145,78,0,166,96,0,167,115,0,159,136,0,150,164,0,145,167,0,139,164,0,141,30,0,182,15,0,178,19,0,183,36,0,184,0,0,178,2,0,178,9,0,178,0,0,179,0,0,179,0,0,155,0,0,178,2,0,184,0,0,184,0,0,178,0,0,175,9,0,165,0,0,179,0,0,179,0,0,178,10,0,177,2,0,168,32,0,176,33,0,175,68,0,159,8,0,181,0,0,180,0,0,186,0,0,175,0,0,185,0,0,186,0,0,166,0,0,180,0,0,176,0,0,179,0,0,185,0,0,170,0,0,183,0,0,177,4,0,172,34,0,167,34,0,168,47,0,170,100,0,168,107,0,159,112,0,142,153,0,153,141,0,143,142,0,142,61,0,176,23,0,182,38,0,173,11,0,183,11,0,173,34,0,178,37,0,183,15,0,162,0,0,167,19,0,155,23,0,183,19,0,178,13,0,178,0,0,178,6,0,160,2,0,152,14,0,177,2,0,173,17,0,172,18,0,171,45,0,139,50,0,163,66,0,171,89,0,164,0,0,180,0,0,186,0,0,180,0,0,180,0,0,185,0,0,180,0,0,186,0,0,180,0,0,180,0,0,164,0,0,179,0,0,174,28,0,178,1,0,158,33,0,168,43,0,179,62,0,164,74,0,153,83,0,161,122,0,157,123,0,118,147,0,143,143,0,141,144,0,133,112,207,6,0,242,244,6,0,1,0,247,224,
TMF8829_FRAME_HEADER,0,49,44,7,0,21,65,24,9,36,0,0,0,78,82,79,84,234,5,231,5,PAYLOAD,121,8,68,140,8,59,236,3,75,231,3,92,238,3,96,226,3,101,237,3,107,229,3,100,229,3,93,249,3,87,8,4,80,24,3,37,152,8,72,108,8,73,152,6,80,178,8,69,170,8,76,182,7,66,151,7,57,176,7,64,239,6,52,6,7,50,62,7,58,79,6,57,57,7,37,29,8,64,144,8,58,229,9,65,43,10,63,142,10,58,123,3,50,165,3,71,236,3,74,242,3,82,238,3,83,232,3,91,215,3,96,219,3,99,236,3,83,112,3,53,34,3,43,12,3,25,72,3,68,111,3,67,253,2,43,0,0,0,221,2,58,8,3,61,92,8,61,102,8,61,230,3,77,216,3,91,230,3,103,203,3,111,218,3,93,232,3,104,229,3,98,252,3,93,11,4,82,113,3,50,0,0,0,138,4,27,79,6,55,28,4,73,159,3,78,163,3,82,203,3,91,194,3,85,251,3,72,62,4,82,72,4,57,115,4,72,67,4,97,238,3,105,217,3,110,238,3,104,59,4,96,46,4,94,6,4,97,18,4,97,229,3,105,238,3,102,219,3,107,206,3,109,204,3,72,253,3,102,240,3,104,6,4,84,1,4,58,248,3,100,197,3,79,138,3,77,90,3,69,86,3,72,48,3,68,76,3,67,0,0,0,0,0,0,91,3,68,142,3,40,145,3,84,141,3,101,185,3,106,226,3,88,179,3,94,133,3,72,136,3,78,105,3,75,188,2,43,219,4,57,3,5,76,161,4,81,51,4,94,192,3,105,245,3,95,146,4,92,247,3,97,90,4,93,58,4,99,248,3,63,189,3,106,157,3,73,140,3,110,246,3,108,37,4,98,43,4,102,25,4,112,6,4,111,214,3,109,200,3,114,189,3,119,178,3,118,227,3,108,219,3,114,248,3,102,27,4,70,15,4,112,1,4,107,174,3,74,132,3,69,95,3,51,12,3,71,253,2,60,228,2,38,50,2,71,57,2,68,107,2,72,170,2,74,239,2,81,53,3,89,73,3,90,41,3,83,254,2,89,199,2,83,179,2,85,44,2,81,235,1,81,184,1,84,203,1,81,251,1,81,94,2,83,179,2,64,180,2,87,234,1,85,2,2,85,4,2,81,135,2,91,188,2,82,155,2,68,174,2,77,219,2,101,206,2,91,0,3,91,45,3,89,69,3,96,53,3,93,63,3,102,107,3,99,115,3,103,101,3,95,142,3,103,180,3,98,89,3,64,176,3,99,212,3,90,24,3,85,171,2,76,121,2,76,107,2,77,175,2,48,117,2,44,175,1,67,139,1,86,107,1,89,107,1,92,127,1,96,169,1,99,177,1,101,216,1,99,211,1,99,176,1,89,127,1,102,130,1,102,114,1,98,73,1,86,60,1,105,76,1,101,65,1,102,76,1,102,57,1,107,65,1,90,49,1,103,68,1,107,50,1,102,57,1,107,53,1,102,22,1,106,30,1,106,20,1,106,59,1,106,36,1,105,45,1,80,77,1,101,62,1,109,134,1,100,164,1,100,136,1,67,169,1,104,194,1,103,171,1,102,88,1,99,128,1,99,155,1,98,115,1,64,109,1,101,98,1,88,96,1,86,107,1,90,114,1,82,112,1,78,17,1,84,39,1,110,16,1,112,21,1,119,39,1,117,252,0,118,23,1,119,11,1,117,15,1,120,3,1,120,11,1,113,11,1,119,249,0,119,252,0,111,233,0,124,242,0,120,222,0,120,241,0,93,229,0,120,231,0,126,243,0,117,241,0,101,229,0,119,218,0,123,218,0,121,234,0,121,224,0,118,229,0,87,226,0,121,239,0,114,224,0,117,250,0,120,241,0,105,4,1,120,241,0,120,6,1,119,249,0,119,0,1,97,254,0,115,0,1,108,17,1,116,243,0,115,249,0,112,4,1,106,11,1,103,41,1,103,45,1,98,35,1,93,211,0,123,214,0,127,202,0,125,198,0,131,212,0,132,209,0,133,217,0,137,193,0,102,212,0,133,217,0,134,201,0,134,197,0,134,178,0,139,197,0,135,216,0,135,196,0,139,218,0,139,182,0,135,170,0,135,181,0,136,185,0,136,178,0,135,185,0,134,185,0,133,195,0,137,179,0,137,188,0,137,201,0,130,201,0,132,175,0,134,195,0,135,192,0,139,181,0,131,179,0,134,207,0,134,201,0,130,183,0,134,199,0,133,197,0,130,211,0,137,218,0,131,213,0,97,226,0,130,215,0,123,209,0,120,226,0,113,253,0,107,232,0,105,176,0,116,171,0,122,152,0,140,187,0,147,159,0,148,148,0,148,147,0,148,162,0,144,154,0,144,144,0,144,162,0,145,150,0,145,151,0,146,135,0,151,158,0,146,159,0,146,139,0,147,139,0,147,140,0,144,120,0,144,146,0,114,132,0,146,143,0,113,139,0,143,137,0,152,152,0,147,124,0,151,137,0,147,137,0,147,135,0,146,156,0,146,141,0,146,154,0,150,148,0,150,156,0,142,139,0,142,171,0,146,156,0,145,142,0,145,168,0,148,152,0,147,154,0,140,172,0,137,175,0,134,173,0,127,184,0,126,224,0,125,199,0,106,182,0,149,185,0,155,173,0,149,172,0,120,179,0,153,167,0,157,160,0,154,155,0,158,163,0,158,183,0,155,171,0,158,175,0,154,167,0,154,139,0,155,154,0,151,153,0,154,155,0,155,155,0,155,151,0,155,143,0,155,135,0,155,155,0,158,158,0,150,146,0,152,156,0,161,144,0,160,150,0,152,164,0,152,149,0,160,150,0,155,160,0,156,145,0,155,124,0,134,164,0,155,148,0,159,131,0,159,164,0,115,152,0,159,150,0,153,164,0,152,164,0,150,173,0,146,173,0,145,188,0,147,195,0,136,204,0,128,216,0,128,214,0,121,145,0,155,136,0,157,133,0,163,132,0,160,116,0,132,124,0,165,126,0,165,125,0,162,121,0,166,118,0,166,129,0,166,129,0,166,122,0,166,117,0,149,117,0,167,118,0,167,117,0,160,113,0,174,112,0,163,92,0,132,107,0,159,112,0,166,120,0,170,131,0,158,107,0,168,123,0,173,101,0,130,113,0,163,106,0,154,108,0,138,110,0,167,102,0,167,104,0,168,102,0,167,110,0,167,104,0,159,106,0,166,118,0,171,116,0,161,126,0,148,130,0,157,135,0,152,150,0,152,150,0,149,182,0,145,181,0,144,193,0,135,210,0,128,123,0,166,141,0,167,101,0,164,101,0,170,100,0,159,88,0,166,115,0,170,105,0,176,113,0,171,105,0,171,84,0,167,81,0,167,87,0,171,90,0,168,93,0,172,85,0,168,65,0,173,81,0,168,82,0,152,81,0,168,65,0,141,94,0,166,101,0,169,101,0,163,94,0,146,79,0,173,92,0,165,77,0,169,88,0,173,78,0,169,96,0,169,92,0,173,71,0,173,99,0,178,96,0,164,75,0,168,106,0,171,90,0,167,85,0,175,118,0,164,113,0,144,108,0,160,137,0,157,149,0,153,158,0,148,181,0,142,188,0,140,191,0,131,98,0,166,86,0,168,90,0,169,80,0,174,82,0,170,82,0,180,83,0,174,59,0,175,51,0,171,68,0,175,48,0,175,56,0,171,64,0,168,40,0,172,63,0,176,36,0,176,55,0,176,44,0,176,35,0,176,34,0,171,46,0,175,82,0,161,92,0,168,100,0,171,65,0,182,73,0,172,55,0,177,56,0,144,56,0,139,39,0,176,48,0,175,32,0,172,34,0,160,40,0,176,36,0,176,77,0,175,44,0,180,60,0,174,61,0,179,83,0,167,113,0,175,92,0,167,131,0,160,142,0,156,152,0,124,179,0,146,183,0,140,193,0,127,53,0,171,59,0,168,40,0,166,35,0,182,15,0,177,26,0,177,35,0,174,39,0,162,7,0,167,8,0,183,22,0,177,11,0,178,20,0,174,22,0,178,11,0,174,2,0,174,24,0,178,31,0,178,41,0,174,17,0,173,32,0,176,60,0,176,67,0,180,82,0,173,28,0,179,9,0,185,15,0,179,15,0,161,11,0,175,5,0,184,7,0,185,22,0,179,1,0,164,9,0,179,13,0,178,0,0,184,21,0,183,32,0,152,30,0,181,68,0,173,60,0,168,85,0,170,98,0,162,141,0,158,158,0,153,165,0,152,169,0,146,171,0,135,41,0,177,31,0,173,31,0,183,13,0,178,16,0,174,9,0,174,0,0,177,0,0,173,0,0,168,0,0,178,1,0,184,5,0,179,0,0,174,0,0,179,0,0,184,0,0,157,5,0,175,5,0,184,0,0,178,0,0,178,20,0,169,33,0,176,63,0,171,79,0,179,15,0,186,0,0,186,0,0,176,0,0,176,0,0,176,0,0,176,0,0,172,0,0,185,0,0,175,0,0,186,0,0,185,0,0,185,0,0,179,11,0,178,16,0,172,52,0,175,64,0,169,66,0,166,98,0,167,126,0,158,128,0,154,161,0,149,158,0,139,167,0,137,25,0,182,51,0,177,1,0,182,16,0,183,0,0,157,7,0,174,0,0,174,0,0,162,0,0,178,8,0,183,0,0,183,0,0,164,0,0,168,0,0,161,0,0,179,0,0,174,0,0,174,22,0,183,1,0,177,7,0,177,19,0,176,63,0,171,73,0,147,69,0,171,0,0,176,0,0,180,0,0,176,0,0,186,0,0,176,0,0,176,0,0,185,0,0,180,0,0,185,0,0,185,0,0,178,0,0,184,1,0,178,0,0,150,18,0,182,36,0,174,36,0,168,73,0,138,105,0,135,118,0,158,120,0,149,158,0,144,166,0,142,152,0,137,36,0,171,48,0,176,44,0,176,25,0,176,28,0,163,31,0,169,17,0,154,40,0,182,40,0,176,29,0,141,44,0,182,28,0,177,20,0,177,15,0,169,22,0,176,35,0,172,26,0,176,30,0,175,43,0,170,50,0,174,65,0,168,83,0,163,109,0,139,105,0,161,13,0,175,0,0,179,0,0,175,0,0,174,0,0,185,0,0,179,17,0,161,0,0,175,0,0,175,0,0,179,0,0,184,15,0,183,22,0,173,30,0,176,32,0,175,56,0,178,60,0,166,92,0,163,120,0,160,128,0,159,122,0,147,145,0,144,137,0,140,143,0,124,114,252,6,0,244,33,7,0,1,0,247,224,
TMF8829_FRAME_HEADER,0,174,96,7,0,21,1,24,9,37,0,0,0,78,82,78,84,231,5,227,5,PAYLOAD,97,8,69,152,3,45,230,3,73,230,3,90,227,3,97,209,3,98,229,3,102,237,3,97,242,3,92,252,3,88,8,4,74,0,0,0,154,8,74,143,8,70,76,7,57,185,8,70,135,8,23,199,7,59,134,7,50,92,7,17,147,7,59,136,7,58,202,7,25,179,7,24,233,7,63,43,8,61,150,8,57,247,9,59,52,10,68,72,10,61,156,10,48,49,9,50,41,9,30,170,8,28,206,2,43,55,3,48,67,3,26,105,3,63,89,3,51,248,12,50,96,13,46,161,13,43,16,3,42,89,3,15,245,2,43,234,2,32,191,2,28,20,3,59,78,8,55,185,3,57,240,3,73,215,3,87,246,3,101,213,3,102,214,3,109,214,3,101,215,3,100,240,3,91,241,3,79,164,3,24,19,7,50,101,8,64,131,6,102,127,8,64,171,8,74,161,3,74,209,3,68,43,4,74,48,4,77,228,3,61,93,4,66,70,4,79,182,3,73,170,3,84,155,3,77,244,3,58,50,4,86,27,4,88,28,4,89,47,4,96,248,3,106,3,4,96,217,3,104,213,3,106,206,3,116,210,3,108,232,3,101,210,3,22,186,3,68,213,3,74,163,3,76,94,3,64,67,3,75,50,3,70,29,3,71,41,3,68,48,8,45,178,2,50,185,3,61,249,3,47,231,3,103,185,3,116,191,3,148,246,3,128,189,3,100,252,3,97,237,3,89,211,3,65,0,0,0,182,4,34,77,2,42,29,4,74,227,3,97,170,3,108,174,3,98,152,3,86,207,3,94,27,4,97,74,4,91,63,4,97,43,4,97,11,4,108,214,3,89,198,3,106,4,4,108,252,3,112,233,3,112,210,3,108,190,3,104,179,3,108,182,3,113,182,3,109,194,3,115,252,3,104,240,3,107,250,3,99,9,4,114,1,4,102,234,3,77,176,3,40,134,3,67,107,3,70,33,3,63,208,2,55,0,0,0,0,0,0,167,2,64,224,2,64,18,3,37,62,3,86,87,3,105,34,3,77,209,2,69,8,3,72,192,2,73,2,3,78,242,2,59,222,2,72,137,4,74,166,4,67,66,4,87,230,3,95,190,3,95,117,4,89,133,4,85,106,4,85,79,4,93,247,3,90,113,3,66,90,3,115,140,3,96,253,3,89,253,3,93,56,4,106,24,4,103,0,4,100,244,3,89,210,3,108,202,3,112,193,3,111,229,3,103,193,3,92,174,3,88,214,3,62,252,3,101,198,3,83,107,3,74,25,3,34,83,3,40,236,2,71,255,2,70,11,2,65,173,1,41,193,1,75,213,1,81,2,2,86,41,2,90,142,2,93,164,2,96,145,2,85,81,2,99,36,2,93,242,1,96,158,1,71,119,1,91,120,1,88,97,1,91,111,1,68,120,1,96,147,1,93,185,1,98,131,1,97,101,1,60,138,1,93,120,1,93,105,1,94,66,1,99,59,1,100,105,1,100,104,1,104,123,1,87,161,1,95,192,1,94,21,2,95,63,2,81,114,2,98,133,2,98,168,2,72,230,2,103,199,2,87,63,2,83,117,2,92,198,2,92,238,1,84,204,1,89,153,1,83,211,1,78,136,1,78,136,1,69,0,0,0,89,1,97,59,1,103,79,1,107,47,1,106,70,1,108,79,1,90,76,1,115,61,1,85,55,1,105,53,1,111,11,1,111,32,1,111,28,1,112,25,1,112,18,1,99,28,1,111,246,0,111,2,1,116,19,1,112,27,1,112,12,1,109,20,1,76,253,0,111,1,1,107,14,1,110,236,0,81,26,1,79,254,0,113,2,1,113,10,1,109,24,1,112,16,1,112,20,1,112,14,1,88,34,1,111,65,1,116,49,1,120,76,1,101,42,1,105,53,1,92,23,1,117,42,1,104,53,1,103,42,1,97,38,1,97,51,1,90,62,1,89,58,1,85,244,0,115,253,0,119,242,0,125,232,0,105,225,0,129,233,0,126,224,0,127,221,0,127,226,0,104,232,0,116,210,0,132,218,0,132,213,0,128,213,0,127,210,0,124,214,0,128,191,0,128,200,0,124,235,0,129,198,0,88,186,0,128,205,0,132,189,0,127,190,0,122,209,0,134,216,0,126,192,0,126,207,0,129,210,0,133,218,0,104,213,0,115,197,0,128,217,0,128,216,0,127,216,0,131,224,0,127,236,0,112,213,0,126,239,0,126,232,0,126,217,0,101,228,0,127,232,0,108,232,0,82,6,1,113,3,1,109,243,0,101,14,1,100,210,0,141,183,0,119,169,0,140,186,0,109,196,0,144,169,0,138,173,0,112,194,0,140,199,0,140,181,0,141,178,0,141,152,0,109,173,0,141,166,0,141,182,0,107,158,0,145,163,0,140,156,0,145,185,0,142,155,0,142,152,0,141,173,0,100,151,0,139,148,0,142,181,0,142,197,0,142,170,0,145,192,0,138,177,0,141,166,0,140,162,0,140,170,0,140,170,0,140,166,0,140,177,0,140,177,0,140,197,0,140,173,0,140,169,0,138,174,0,142,209,0,137,177,0,139,189,0,133,220,0,126,181,0,123,218,0,122,210,0,100,237,0,110,177,0,142,186,0,144,167,0,150,171,0,148,180,0,149,165,0,149,182,0,146,164,0,113,165,0,149,156,0,154,172,0,146,153,0,150,173,0,155,167,0,151,156,0,151,156,0,151,168,0,155,142,0,151,158,0,152,140,0,148,148,0,151,154,0,147,147,0,127,156,0,147,170,0,152,154,0,156,143,0,152,143,0,156,158,0,152,162,0,148,155,0,151,158,0,134,151,0,155,158,0,151,154,0,151,158,0,150,166,0,151,154,0,154,166,0,154,162,0,149,177,0,147,158,0,144,179,0,142,183,0,138,186,0,126,210,0,132,245,0,126,226,0,119,159,0,148,168,0,154,138,0,155,147,0,156,132,0,143,129,0,157,144,0,162,130,0,151,131,0,157,140,0,158,137,0,158,119,0,158,125,0,163,134,0,163,127,0,163,140,0,126,126,0,149,123,0,156,115,0,160,121,0,151,109,0,163,128,0,163,128,0,128,137,0,144,145,0,165,118,0,165,137,0,139,132,0,160,115,0,164,112,0,160,124,0,160,147,0,164,124,0,160,139,0,159,124,0,159,135,0,163,139,0,145,132,0,155,132,0,157,120,0,156,128,0,154,147,0,152,175,0,149,171,0,146,179,0,142,199,0,138,206,0,128,222,0,129,126,0,159,134,0,161,120,0,167,115,0,163,132,0,168,102,0,168,109,0,164,94,0,168,103,0,169,96,0,169,101,0,169,98,0,169,94,0,159,114,0,169,80,0,139,96,0,176,93,0,170,98,0,166,100,0,176,85,0,165,94,0,165,101,0,164,114,0,163,111,0,130,96,0,171,92,0,166,92,0,171,86,0,171,94,0,171,86,0,170,109,0,176,82,0,166,75,0,176,86,0,147,86,0,176,109,0,170,104,0,169,81,0,174,85,0,163,112,0,167,115,0,164,115,0,162,143,0,155,147,0,148,151,0,147,195,0,142,183,0,139,203,0,130,101,0,161,83,0,150,88,0,177,86,0,172,80,0,172,77,0,169,67,0,179,94,0,147,61,0,168,75,0,169,68,0,169,61,0,174,59,0,170,64,0,179,57,0,180,63,0,174,49,0,174,46,0,170,62,0,167,55,0,179,60,0,169,62,0,168,101,0,171,94,0,165,60,0,171,52,0,175,67,0,181,62,0,175,58,0,175,47,0,175,66,0,170,38,0,166,34,0,174,69,0,174,46,0,179,46,0,174,50,0,169,69,0,172,84,0,139,100,0,137,81,0,160,100,0,161,126,0,134,144,0,158,156,0,118,181,0,143,174,0,119,177,0,131,75,0,133,68,0,180,61,0,175,26,0,175,35,0,167,24,0,176,34,0,172,27,0,177,28,0,172,30,0,177,8,0,177,9,0,173,30,0,177,23,0,173,28,0,177,32,0,148,32,0,178,18,0,155,28,0,173,37,0,176,34,0,176,67,0,181,68,0,174,84,0,168,27,0,183,30,0,183,27,0,178,25,0,158,32,0,174,17,0,155,28,0,170,9,0,174,24,0,178,23,0,173,30,0,173,15,0,177,43,0,177,43,0,176,47,0,145,47,0,165,66,0,158,100,0,164,108,0,161,124,0,154,139,0,157,164,0,147,171,0,109,175,0,134,52,0,172,29,0,172,7,0,177,13,0,178,36,0,184,10,0,168,4,0,177,4,0,177,0,0,184,0,0,178,0,0,159,0,0,179,5,0,174,0,0,184,0,0,179,0,0,185,0,0,179,0,0,178,0,0,179,41,0,173,3,0,177,36,0,177,37,0,171,77,0,169,13,0,185,1,0,185,0,0,180,0,0,180,0,0,185,0,0,176,0,0,179,0,0,172,0,0,180,1,0,175,0,0,185,0,0,179,21,0,178,0,0,178,24,0,176,31,0,175,58,0,143,73,0,166,96,0,167,115,0,155,139,0,158,160,0,148,167,0,142,160,0,141,28,0,177,17,0,173,18,0,178,30,0,174,0,0,178,1,0,178,7,0,174,0,0,184,0,0,174,0,0,157,0,0,184,1,0,184,0,0,184,0,0,178,0,0,184,7,0,158,0,0,184,0,0,184,0,0,178,12,0,173,1,0,171,34,0,176,35,0,175,67,0,161,8,0,186,0,0,180,0,0,186,0,0,180,0,0,185,0,0,176,0,0,169,0,0,186,0,0,176,0,0,179,0,0,179,0,0,170,0,0,178,0,0,177,3,0,176,34,0,167,30,0,168,50,0,165,96,0,168,107,0,163,107,0,145,156,0,148,141,0,147,141,0,138,59,0,172,25,0,177,37,0,170,9,0,178,13,0,178,37,0,178,35,0,183,17,0,162,0,0,167,17,0,153,25,0,183,18,0,184,11,0,184,1,0,178,5,0,156,0,0,148,16,0,183,1,0,177,15,0,176,20,0,176,44,0,140,48,0,163,68,0,177,92,0,169,0,0,175,0,0,180,0,0,180,0,0,185,0,0,179,0,0,185,0,0,180,0,0,185,0,0,180,0,0,171,0,0,179,0,0,174,28,0,178,1,0,159,32,0,168,38,0,174,62,0,164,77,0,155,83,0,161,122,0,161,122,0,119,147,0,151,143,0,145,147,0,141,24,49,7,0,154,86,7,0,1,0,247,224,
TMF8829_FRAME_HEADER,0,213,141,7,0,21,65,24,9,38,0,0,0,78,82,78,84,234,5,228,5,PAYLOAD,125,8,69,5,8,58,228,3,76,216,3,92,235,3,96,221,3,101,233,3,107,222,3,104,220,3,93,13,4,87,5,4,80,124,3,50,129,8,68,32,8,75,163,6,76,197,8,68,167,8,72,189,7,62,138,7,61,158,7,65,245,6,52,204,6,51,91,7,59,143,6,55,114,7,41,186,7,67,158,8,57,31,10,68,55,10,63,156,10,67,110,3,47,190,3,70,216,3,74,9,4,81,247,3,86,243,3,90,214,3,93,220,3,95,235,3,87,28,13,53,4,3,42,93,3,27,75,3,49,81,3,68,237,2,60,216,2,31,229,2,57,19,3,56,99,8,60,84,8,60,237,3,77,216,3,91,235,3,103,206,3,114,218,3,92,222,3,111,224,3,103,248,3,94,8,4,87,161,3,60,0,0,0,205,4,25,156,5,58,253,3,68,164,3,83,154,3,82,203,3,91,187,3,84,10,4,79,62,4,83,77,4,57,95,4,72,66,4,94,239,3,101,224,3,106,249,3,104,64,4,98,53,4,97,17,4,95,23,4,105,232,3,102,230,3,110,228,3,107,209,3,108,211,3,72,251,3,98,254,3,104,253,3,86,2,4,57,247,3,100,238,3,74,143,3,58,109,3,72,116,3,77,75,3,68,56,3,71,0,0,0,0,0,0,52,3,67,131,3,41,146,3,83,133,3,101,185,3,110,227,3,88,191,3,91,122,3,70,133,3,69,96,3,70,184,2,64,178,4,54,21,5,82,176,4,84,45,4,93,199,3,105,237,3,99,151,4,92,239,3,89,70,4,103,47,4,99,247,3,65,183,3,102,151,3,72,139,3,107,245,3,108,26,4,110,49,4,112,25,4,111,7,4,111,224,3,113,215,3,114,198,3,115,186,3,110,230,3,111,232,3,114,247,3,103,34,4,70,9,4,112,252,3,99,158,3,74,179,3,65,86,3,69,46,3,62,86,3,46,250,2,61,54,2,70,27,2,68,142,2,71,208,2,75,232,2,82,59,3,93,61,3,95,26,3,87,249,2,84,212,2,83,157,2,81,78,2,81,227,1,81,204,1,81,229,1,85,247,1,81,95,2,84,186,2,67,177,2,86,18,2,80,16,2,84,202,1,84,97,2,87,226,2,85,173,2,65,171,2,78,214,2,92,214,2,94,250,2,98,37,3,89,79,3,93,77,3,97,58,3,97,122,3,96,112,3,96,100,3,95,133,3,99,181,3,103,104,3,64,179,3,93,201,3,90,47,3,81,194,2,77,150,2,77,153,2,67,54,2,46,235,1,43,33,2,66,127,1,86,93,1,90,114,1,97,108,1,92,158,1,99,183,1,101,227,1,103,200,1,100,179,1,90,142,1,102,119,1,106,102,1,111,61,1,90,50,1,102,78,1,101,77,1,98,57,1,101,78,1,99,80,1,89,46,1,103,75,1,103,65,1,103,54,1,103,36,1,99,25,1,106,39,1,111,39,1,106,43,1,102,41,1,101,56,1,80,77,1,101,75,1,109,118,1,100,171,1,104,129,1,68,176,1,103,193,1,104,176,1,102,91,1,96,127,1,99,148,1,98,118,1,62,101,1,96,103,1,96,86,1,81,106,1,89,84,1,81,123,1,77,21,1,84,24,1,110,15,1,112,28,1,124,36,1,117,251,0,119,27,1,123,7,1,120,5,1,120,248,0,120,3,1,110,5,1,116,253,0,119,245,0,110,228,0,119,242,0,119,226,0,120,240,0,92,229,0,121,225,0,121,230,0,121,238,0,99,230,0,119,217,0,118,218,0,121,231,0,122,227,0,121,232,0,87,223,0,120,238,0,114,230,0,117,244,0,120,240,0,104,3,1,120,238,0,120,18,1,119,252,0,123,1,1,96,1,1,118,3,1,106,9,1,121,242,0,114,244,0,109,18,1,106,9,1,107,44,1,106,34,1,98,46,1,92,211,0,124,218,0,123,197,0,129,198,0,127,213,0,132,204,0,133,221,0,133,185,0,102,211,0,133,213,0,134,198,0,138,200,0,134,186,0,139,194,0,135,215,0,135,199,0,135,215,0,145,181,0,135,170,0,134,182,0,136,184,0,136,186,0,135,178,0,134,180,0,143,198,0,136,180,0,141,192,0,141,204,0,132,202,0,140,174,0,131,198,0,135,193,0,135,188,0,135,178,0,134,208,0,134,200,0,134,182,0,134,200,0,133,200,0,129,206,0,137,216,0,125,208,0,95,229,0,126,219,0,128,204,0,120,237,0,116,250,0,111,235,0,109,176,0,116,164,0,120,151,0,141,183,0,147,160,0,144,151,0,143,144,0,148,155,0,144,157,0,144,140,0,144,159,0,141,149,0,145,151,0,146,135,0,143,157,0,150,163,0,151,136,0,151,138,0,147,140,0,147,117,0,148,142,0,115,128,0,142,140,0,114,134,0,143,144,0,147,157,0,147,134,0,147,140,0,147,138,0,147,142,0,146,155,0,146,138,0,146,157,0,146,151,0,146,153,0,146,145,0,146,174,0,141,161,0,149,149,0,145,171,0,140,153,0,142,157,0,136,178,0,137,173,0,139,176,0,135,192,0,131,217,0,121,205,0,108,182,0,153,182,0,155,172,0,152,172,0,118,180,0,153,166,0,153,160,0,158,156,0,150,162,0,153,179,0,153,164,0,158,174,0,154,163,0,158,136,0,155,145,0,151,149,0,154,152,0,155,154,0,152,155,0,155,140,0,155,134,0,155,155,0,154,151,0,153,145,0,156,155,0,156,145,0,156,153,0,149,167,0,160,153,0,156,153,0,152,159,0,156,146,0,155,127,0,133,163,0,152,149,0,155,138,0,159,167,0,115,153,0,164,153,0,153,167,0,152,165,0,151,172,0,153,172,0,145,189,0,140,189,0,139,204,0,125,225,0,132,221,0,118,145,0,155,133,0,167,132,0,163,132,0,160,112,0,131,119,0,161,126,0,161,122,0,162,124,0,162,118,0,166,126,0,166,132,0,162,122,0,162,118,0,151,116,0,167,118,0,163,113,0,163,112,0,173,112,0,168,89,0,132,106,0,159,112,0,166,117,0,164,134,0,163,110,0,164,124,0,168,104,0,130,117,0,168,107,0,154,111,0,138,109,0,167,99,0,167,107,0,163,105,0,163,111,0,167,107,0,167,109,0,162,119,0,162,119,0,161,129,0,150,134,0,157,138,0,149,149,0,152,151,0,149,185,0,144,184,0,140,194,0,134,209,0,124,123,0,162,141,0,173,100,0,169,105,0,170,97,0,166,87,0,166,115,0,176,102,0,166,112,0,171,105,0,167,78,0,167,83,0,171,87,0,171,87,0,168,96,0,172,85,0,172,62,0,173,80,0,168,78,0,152,78,0,172,64,0,144,94,0,163,102,0,165,100,0,163,97,0,145,80,0,173,95,0,165,80,0,169,89,0,169,85,0,173,102,0,165,93,0,173,74,0,173,102,0,173,93,0,168,78,0,172,109,0,177,95,0,176,88,0,169,125,0,164,111,0,144,111,0,160,140,0,153,150,0,157,165,0,148,180,0,142,185,0,140,194,0,135,94,0,166,83,0,172,89,0,179,80,0,174,79,0,170,81,0,174,83,0,174,56,0,175,50,0,167,68,0,167,45,0,171,55,0,171,64,0,171,36,0,168,62,0,176,41,0,181,52,0,176,43,0,176,35,0,176,35,0,171,41,0,180,82,0,166,85,0,168,103,0,171,68,0,177,74,0,176,58,0,177,59,0,143,57,0,139,42,0,172,47,0,175,29,0,172,37,0,160,43,0,176,37,0,172,80,0,171,51,0,175,61,0,174,64,0,179,86,0,167,111,0,169,95,0,167,134,0,160,143,0,156,151,0,125,182,0,145,184,0,140,200,0,130,53,0,167,56,0,171,39,0,169,35,0,177,12,0,172,29,0,177,40,0,183,35,0,167,6,0,174,4,0,178,19,0,177,10,0,183,20,0,178,19,0,178,14,0,174,2,0,174,21,0,178,30,0,178,41,0,170,14,0,170,31,0,176,60,0,172,64,0,175,81,0,173,28,0,184,10,0,179,18,0,185,18,0,161,12,0,179,8,0,179,10,0,185,23,0,184,4,0,171,12,0,184,14,0,178,3,0,178,20,0,183,33,0,152,29,0,181,71,0,173,61,0,168,88,0,166,101,0,162,142,0,158,161,0,157,172,0,147,174,0,142,174,0,132,41,0,177,28,0,173,30,0,183,13,0,177,13,0,170,8,0,170,0,0,177,0,0,173,0,0,168,0,0,178,0,0,174,4,0,179,0,0,174,0,0,185,0,0,179,0,0,155,2,0,184,4,0,178,0,0,174,0,0,183,19,0,172,33,0,176,60,0,181,78,0,173,18,0,186,0,0,186,0,0,186,0,0,186,0,0,176,0,0,176,0,0,172,0,0,185,0,0,185,0,0,180,0,0,180,0,0,175,2,0,184,12,0,178,16,0,172,55,0,171,65,0,173,69,0,171,101,0,163,131,0,159,131,0,154,164,0,145,155,0,143,166,0,147,25,0,176,48,0,182,0,0,177,16,0,183,0,0,155,6,0,174,0,0,170,0,0,160,0,0,174,8,0,183,0,0,183,0,0,167,0,0,163,0,0,161,0,0,184,0,0,174,0,0,184,21,0,178,1,0,183,4,0,177,18,0,176,66,0,171,66,0,147,68,0,176,0,0,186,0,0,180,0,0,186,0,0,186,0,0,172,0,0,176,0,0,180,0,0,180,0,0,180,0,0,179,0,0,178,0,0,179,1,0,178,0,0,149,21,0,176,35,0,174,37,0,172,76,0,138,108,0,135,119,0,158,123,0,146,161,0,144,163,0,142,151,0,141,36,0,167,45,0,172,43,0,172,25,0,182,25,0,168,30,0,172,17,0,151,36,0,176,39,0,176,29,0,139,36,0,177,27,0,182,20,0,177,12,0,172,21,0,182,35,0,172,19,0,171,33,0,171,43,0,170,47,0,174,64,0,178,87,0,166,106,0,138,108,0,161,16,0,179,0,0,185,0,0,175,0,0,178,0,0,185,0,0,179,20,0,166,0,0,179,0,0,179,0,0,179,0,0,184,18,0,178,25,0,173,31,0,172,35,0,171,59,0,168,61,0,170,95,0,163,123,0,164,132,0,155,125,0,146,140,0,144,138,0,144,146,0,120,26,94,7,0,156,131,7,0,1,0,247,224,
TMF8829_FRAME_HEADER,0,83,194,7,0,21,1,24,9,39,0,0,0,78,82,78,84,228,5,227,5,PAYLOAD,100,8,66,67,8,47,211,3,79,233,3,91,240,3,93,209,3,98,236,3,102,234,3,101,238,3,92,3,4,84,29,4,79,53,7,15,162,8,78,125,8,70,192,6,55,184,8,72,153,8,25,230,7,60,121,7,50,113,7,20,81,7,52,77,7,58,238,7,22,184,7,23,244,7,56,18,8,58,155,8,57,224,9,62,70,10,62,87,10,59,149,10,46,242,8,43,160,2,39,206,2,43,22,3,46,55,3,48,74,3,26,88,3,52,112,3,53,218,2,63,78,13,49,181,13,42,20,3,44,42,3,13,234,2,60,227,2,34,225,2,29,223,2,61,121,8,68,15,8,46,232,3,75,229,3,90,247,3,100,213,3,105,220,3,114,208,3,108,219,3,96,239,3,95,246,3,83,17,4,21,255,6,45,91,8,64,142,6,98,126,8,60,161,8,75,157,3,75,205,3,76,33,4,75,94,4,68,68,4,67,95,4,63,106,4,64,194,3,74,165,3,87,151,3,77,236,3,58,48,4,85,35,4,88,39,4,92,52,4,93,244,3,95,0,4,85,231,3,104,206,3,106,217,3,106,219,3,108,210,3,101,202,3,24,180,3,69,202,3,79,137,3,76,46,3,47,55,3,75,54,3,71,39,3,70,69,3,68,82,8,36,115,8,52,209,3,73,248,3,46,228,3,95,189,3,117,194,3,153,243,3,128,198,3,100,251,3,98,242,3,89,211,3,64,0,0,0,199,4,45,159,4,25,8,4,74,247,3,97,170,3,104,173,3,103,161,3,87,215,3,93,38,4,97,79,4,90,67,4,101,54,4,97,13,4,112,218,3,88,199,3,109,6,4,108,0,4,104,218,3,108,212,3,108,186,3,108,175,3,108,188,3,113,186,3,109,190,3,107,254,3,102,244,3,103,253,3,96,7,4,105,1,4,105,231,3,82,174,3,41,119,3,70,46,3,63,66,3,47,232,2,60,0,0,0,0,0,0,94,2,64,231,2,64,31,3,39,81,3,86,90,3,105,35,3,80,233,2,70,213,2,75,181,2,69,2,3,75,209,2,58,193,2,72,144,4,73,157,4,66,41,4,87,227,3,91,193,3,96,114,4,83,148,4,91,70,4,85,76,4,89,255,3,89,113,3,66,99,3,110,125,3,94,231,3,107,3,4,94,44,4,111,20,4,106,2,4,104,244,3,89,210,3,112,208,3,112,186,3,111,229,3,106,204,3,93,190,3,88,229,3,63,9,4,97,210,3,83,103,3,74,1,3,38,243,2,37,247,2,66,183,2,63,173,2,62,191,1,40,202,1,75,198,1,86,20,2,86,34,2,90,134,2,93,155,2,100,138,2,82,77,2,91,12,2,93,248,1,96,174,1,70,129,1,90,113,1,91,109,1,89,110,1,67,113,1,92,159,1,93,169,1,94,124,1,92,120,1,59,118,1,93,89,1,98,89,1,93,63,1,103,96,1,100,94,1,100,92,1,103,117,1,85,153,1,109,185,1,98,11,2,98,72,2,81,110,2,99,170,2,93,180,2,74,230,2,99,216,2,88,83,2,79,91,2,97,189,2,96,17,2,92,196,1,86,172,1,92,177,1,84,179,1,88,103,1,73,109,1,69,76,1,93,60,1,100,67,1,103,50,1,106,79,1,108,71,1,89,79,1,111,70,1,86,51,1,108,41,1,116,32,1,115,28,1,111,23,1,111,22,1,116,29,1,100,16,1,111,243,0,107,254,0,116,22,1,116,28,1,112,16,1,113,19,1,77,250,0,115,254,0,110,6,1,113,245,0,79,19,1,78,6,1,118,4,1,113,10,1,109,28,1,112,18,1,112,11,1,111,23,1,84,36,1,111,72,1,111,49,1,111,82,1,104,45,1,109,53,1,95,32,1,107,34,1,105,61,1,99,40,1,97,30,1,97,55,1,94,53,1,93,54,1,85,247,0,116,250,0,118,235,0,125,231,0,107,222,0,129,233,0,122,227,0,123,226,0,127,233,0,107,238,0,113,214,0,124,226,0,121,216,0,128,218,0,132,214,0,128,209,0,128,188,0,128,200,0,128,235,0,129,207,0,89,190,0,128,208,0,128,190,0,131,195,0,117,209,0,129,222,0,134,188,0,129,210,0,139,205,0,133,214,0,106,209,0,115,203,0,128,220,0,125,220,0,127,222,0,124,220,0,127,236,0,112,219,0,126,236,0,126,224,0,125,219,0,102,228,0,119,232,0,105,234,0,83,10,1,114,3,1,109,245,0,101,15,1,95,217,0,135,188,0,121,176,0,140,189,0,109,197,0,139,173,0,143,180,0,110,195,0,140,199,0,134,188,0,141,175,0,139,152,0,108,176,0,141,167,0,150,186,0,107,161,0,140,164,0,150,160,0,141,188,0,139,156,0,142,156,0,141,180,0,100,148,0,144,152,0,138,181,0,142,199,0,142,170,0,141,189,0,141,175,0,141,158,0,137,166,0,140,172,0,136,170,0,140,170,0,140,183,0,140,177,0,140,201,0,144,175,0,141,173,0,139,174,0,142,215,0,138,177,0,128,189,0,133,222,0,129,177,0,122,230,0,126,216,0,100,237,0,111,180,0,142,187,0,144,171,0,150,174,0,148,185,0,153,169,0,149,182,0,149,165,0,113,169,0,149,159,0,150,173,0,150,153,0,154,176,0,147,164,0,147,160,0,151,159,0,151,169,0,151,138,0,151,161,0,152,145,0,152,144,0,151,157,0,150,148,0,124,156,0,144,170,0,152,152,0,156,143,0,156,147,0,152,160,0,152,158,0,145,151,0,152,164,0,133,154,0,155,162,0,151,152,0,151,158,0,150,166,0,151,160,0,150,166,0,146,162,0,149,179,0,152,158,0,144,179,0,138,181,0,135,186,0,126,214,0,132,247,0,126,226,0,116,162,0,152,169,0,158,138,0,159,153,0,160,133,0,143,129,0,157,147,0,162,135,0,158,134,0,158,140,0,158,138,0,158,119,0,158,124,0,159,135,0,159,127,0,159,143,0,126,127,0,145,123,0,160,119,0,160,122,0,153,109,0,169,134,0,158,133,0,129,137,0,146,148,0,170,120,0,160,137,0,139,132,0,164,118,0,160,112,0,160,128,0,160,145,0,159,124,0,160,139,0,159,126,0,159,135,0,163,139,0,150,134,0,155,132,0,157,124,0,161,134,0,154,147,0,152,175,0,149,173,0,150,175,0,142,195,0,137,208,0,131,218,0,121,129,0,159,131,0,165,120,0,162,114,0,163,133,0,163,102,0,174,117,0,161,92,0,168,99,0,169,99,0,165,106,0,165,98,0,165,93,0,165,115,0,175,76,0,141,99,0,162,94,0,170,94,0,166,103,0,170,90,0,170,94,0,165,108,0,168,115,0,167,111,0,129,96,0,171,94,0,171,89,0,167,86,0,171,96,0,171,86,0,166,109,0,170,84,0,171,79,0,170,86,0,146,88,0,166,109,0,165,104,0,165,87,0,174,85,0,163,112,0,162,118,0,165,115,0,158,143,0,155,149,0,151,154,0,147,195,0,142,185,0,131,195,0,130,100,0,165,84,0,152,91,0,171,89,0,172,81,0,168,77,0,173,70,0,169,92,0,147,61,0,168,82,0,169,69,0,163,57,0,174,62,0,174,61,0,174,57,0,180,66,0,174,50,0,174,49,0,170,65,0,167,56,0,174,60,0,169,65,0,168,102,0,167,90,0,165,60,0,171,54,0,181,63,0,175,62,0,175,60,0,175,47,0,180,66,0,180,41,0,166,38,0,179,69,0,170,48,0,179,46,0,170,54,0,173,71,0,172,84,0,141,100,0,137,79,0,157,100,0,161,126,0,134,146,0,154,156,0,118,181,0,143,168,0,119,177,0,136,78,0,132,73,0,170,61,0,180,33,0,175,32,0,167,24,0,176,42,0,176,28,0,177,28,0,177,33,0,172,13,0,177,9,0,177,37,0,177,24,0,173,28,0,173,35,0,147,33,0,174,14,0,158,31,0,173,38,0,182,34,0,172,70,0,175,69,0,179,84,0,172,23,0,178,32,0,174,27,0,178,29,0,153,34,0,174,17,0,153,28,0,174,11,0,174,28,0,178,27,0,178,32,0,178,15,0,177,43,0,177,45,0,176,47,0,145,51,0,168,72,0,158,100,0,168,112,0,165,126,0,157,139,0,157,160,0,147,169,0,109,171,0,134,55,0,168,30,0,176,7,0,177,16,0,170,33,0,184,10,0,163,7,0,183,9,0,183,0,0,178,0,0,184,0,0,157,0,0,179,8,0,174,0,0,184,0,0,179,0,0,175,0,0,184,0,0,178,0,0,179,46,0,173,0,0,177,35,0,182,38,0,175,77,0,169,13,0,185,3,0,180,0,0,186,0,0,176,0,0,176,0,0,176,0,0,179,0,0,180,0,0,180,1,0,175,0,0,185,0,0,179,21,0,184,0,0,178,24,0,169,31,0,181,60,0,145,73,0,166,96,0,167,118,0,159,135,0,158,164,0,153,165,0,143,163,0,137,31,0,177,18,0,183,18,0,183,33,0,178,0,0,178,1,0,178,14,0,178,0,0,184,0,0,179,0,0,161,0,0,184,1,0,184,0,0,184,0,0,174,0,0,179,10,0,168,0,0,175,0,0,179,0,0,184,13,0,169,0,0,176,37,0,181,36,0,175,67,0,154,8,0,181,0,0,180,0,0,181,0,0,185,0,0,176,0,0,186,0,0,172,0,0,186,0,0,176,0,0,179,0,0,179,0,0,170,0,0,183,0,0,177,3,0,172,34,0,170,32,0,173,50,0,169,100,0,163,109,0,163,111,0,145,153,0,148,143,0,143,133,0,134,66,0,172,26,0,182,37,0,173,12,0,178,14,0,173,37,0,178,38,0,178,18,0,162,0,0,167,20,0,152,22,0,178,18,0,178,14,0,178,2,0,178,5,0,162,7,0,149,17,0,177,1,0,173,18,0,182,21,0,176,44,0,137,51,0,163,69,0,171,88,0,169,0,0,180,0,0,186,0,0,180,0,0,180,0,0,179,0,0,180,0,0,180,0,0,185,0,0,180,0,0,164,0,0,184,0,0,178,28,0,178,3,0,154,32,0,168,38,0,174,64,0,168,73,0,155,83,0,166,124,0,161,126,0,118,147,0,147,141,0,141,154,0,141,192,146,7,0,66,184,7,0,1,0,247,224,
